[2026-08-17 08:33:21] [CLEAN] Clean complete.
[2026-08-17 08:33:21] Running command: D:\RaynzPitStop\build\build_frontend.bat
[2026-08-17 08:33:21] [BUILD] Building Frontend (React)...
[2026-08-17 08:33:24] 
[2026-08-17 08:33:24] up to date, audited 228 packages in 2s
[2026-08-17 08:33:24] 
[2026-08-17 08:33:24] 41 packages are looking for funding
[2026-08-17 08:33:24] run `npm fund` for details
[2026-08-17 08:33:24] 
[2026-08-17 08:33:24] 4 high severity vulnerabilities
[2026-08-17 08:33:24] 
[2026-08-17 08:33:24] To address all issues, run:
[2026-08-17 08:33:24] npm audit fix
[2026-08-17 08:33:24] 
[2026-08-17 08:33:24] Run `npm audit` for details.
[2026-08-17 08:33:25] 
[2026-08-17 08:33:25] > app@0.0.0 build
[2026-08-17 08:33:25] > vite build
[2026-08-17 08:33:25] 
[2026-08-17 08:33:27] [36mvite v8.0.14 [32mbuilding client environment for production...[36m[39m
[2026-08-17 08:33:27] [2K
[2026-08-17 08:33:29] transforming...âœ“ 2788 modules transformed.
[2026-08-17 08:33:29] rendering chunks...
[2026-08-17 08:33:30] computing gzip size...
[2026-08-17 08:33:30] dist/index.html                     0.53 kB â”‚ gzip:   0.32 kB
[2026-08-17 08:33:30] dist/assets/index-DnAtM1nq.css    184.05 kB â”‚ gzip:  22.82 kB
[2026-08-17 08:33:30] dist/assets/index-C7ttnQZg.js   1,080.06 kB â”‚ gzip: 292.44 kB
[2026-08-17 08:33:30] 
[2026-08-17 08:33:30] [33m[33m[IMPORT_IS_UNDEFINED] [0mImport `FixedSizeList` will always be undefined because there is no matching export in 'node_modules/react-window/dist/react-window.js'
[2026-08-17 08:33:30] [38;5;246mâ•­[0m[38;5;246mâ”€[0m[38;5;246m[[0m src/components/journal/components/JournalTable.jsx:3:14 [38;5;246m][0m
[2026-08-17 08:33:30] [38;5;246mâ”‚[0m
[2026-08-17 08:33:30] [38;5;246m3 â”‚[0m [38;5;249mc[0m[38;5;249mo[0m[38;5;249mn[0m[38;5;249ms[0m[38;5;249mt[0m[38;5;249m [0m[38;5;249mL[0m[38;5;249mi[0m[38;5;249ms[0m[38;5;249mt[0m[38;5;249m [0m[38;5;249m=[0m[38;5;249m [0mReactWindow.FixedSizeList[38;5;249m [0m[38;5;249m|[0m[38;5;249m|[0m[38;5;249m [0m[38;5;249mR[0m[38;5;249me[0m[38;5;249ma[0m[38;5;249mc[0m[38;5;249mt[0m[38;5;249mW[0m[38;5;249mi[0m[38;5;249mn[0m[38;5;249md[0m[38;5;249mo[0m[38;5;249mw[0m[38;5;249m.[0m[38;5;249md[0m[38;5;249me[0m[38;5;249mf[0m[38;5;249ma[0m[38;5;249mu[0m[38;5;249ml[0m[38;5;249mt[0m[38;5;249m?[0m[38;5;249m.[0m[38;5;249mF[0m[38;5;249mi[0m[38;5;249mx[0m[38;5;249me[0m[38;5;249md[0m[38;5;249mS[0m[38;5;249mi[0m[38;5;249mz[0m[38;5;249me[0m[38;5;249mL[0m[38;5;249mi[0m[38;5;249ms[0m[38;5;249mt[0m[38;5;249m;[0m
[2026-08-17 08:33:30] [38;5;240m  â”‚[0m              â”€â”€â”€â”€â”€â”€â”€â”€â”€â”€â”€â”€â”¬â”€â”€â”€â”€â”€â”€â”€â”€â”€â”€â”€â”€
[2026-08-17 08:33:30] [38;5;240m  â”‚[0m                          â•°â”€â”€â”€â”€â”€â”€â”€â”€â”€â”€â”€â”€â”€â”€
[2026-08-17 08:33:30] [38;5;246mâ”€â”€â”€â•¯[0m
[2026-08-17 08:33:30] [39m
[2026-08-17 08:33:30] [33m[plugin builtin:vite-reporter]
[2026-08-17 08:33:30] (!) Some chunks are larger than 500 kB after minification. Consider:
[2026-08-17 08:33:30] - Using dynamic import() to code-split the application
[2026-08-17 08:33:30] - Use build.rolldownOptions.output.codeSplitting to improve chunking: https://rolldown.rs/reference/OutputOptions.codeSplitting
[2026-08-17 08:33:30] - Adjust chunk size limit for this warning via build.chunkSizeWarningLimit.[39m
[2026-08-17 08:33:30] [33m[33m[IMPORT_IS_UNDEFINED] [0mImport `default` will always be undefined because there is no matching export in 'node_modules/react-window/dist/react-window.js'
[2026-08-17 08:33:30] [38;5;246mâ•­[0m[38;5;246mâ”€[0m[38;5;246m[[0m src/components/journal/components/JournalTable.jsx:3:43 [38;5;246m][0m
[2026-08-17 08:33:30] [38;5;246mâ”‚[0m
[2026-08-17 08:33:30] [38;5;246m3 â”‚[0m [38;5;249mc[0m[38;5;249mo[0m[38;5;249mn[0m[38;5;249ms[0m[38;5;249mt[0m[38;5;249m [0m[38;5;249mL[0m[38;5;249mi[0m[38;5;249ms[0m[38;5;249mt[0m[38;5;249m [0m[38;5;249m=[0m[38;5;249m [0m[38;5;249mR[0m[38;5;249me[0m[38;5;249ma[0m[38;5;249mc[0m[38;5;249mt[0m[38;5;249mW[0m[38;5;249mi[0m[38;5;249mn[0m[38;5;249md[0m[38;5;249mo[0m[38;5;249mw[0m[38;5;249m.[0m[38;5;249mF[0m[38;5;249mi[0m[38;5;249mx[0m[38;5;249me[0m[38;5;249md[0m[38;5;249mS[0m[38;5;249mi[0m[38;5;249mz[0m[38;5;249me[0m[38;5;249mL[0m[38;5;249mi[0m[38;5;249ms[0m[38;5;249mt[0m[38;5;249m [0m[38;5;249m|[0m[38;5;249m|[0m[38;5;249m [0mReactWindow.default?.FixedSizeList[38;5;249m;[0m
[2026-08-17 08:33:30] [38;5;240m  â”‚[0m                                           â”€â”€â”€â”€â”€â”€â”€â”€â”€â”€â”€â”€â”€â”€â”€â”€â”€â”¬â”€â”€â”€â”€â”€â”€â”€â”€â”€â”€â”€â”€â”€â”€â”€â”€
[2026-08-17 08:33:30] [38;5;240m  â”‚[0m                                                            â•°â”€â”€â”€â”€â”€â”€â”€â”€â”€â”€â”€â”€â”€â”€â”€â”€â”€â”€
[2026-08-17 08:33:30] [38;5;246mâ”€â”€â”€â•¯[0m
[2026-08-17 08:33:30] [39m
[2026-08-17 08:33:30] [33m[33m[INEFFECTIVE_DYNAMIC_IMPORT] [0msrc/api/client.ts is dynamically imported by src/components/license/LicenseImportDialog.jsx, src/components/review/overview/ReviewMetadataPanel.jsx but also statically imported by src/components/ActivityLogs.jsx, src/components/accounts/accounts/AccountsConfirm.jsx, src/components/channels/overview/ChannelDetailWorkspace.jsx, src/components/channels/overview/tabs/GeneralTab.jsx, src/components/channels/overview/tabs/UploadJournal.jsx, ..., dynamic import will not move module into another chunk.
[2026-08-17 08:33:30] [39m
[2026-08-17 08:33:30] [33m[33m[INEFFECTIVE_DYNAMIC_IMPORT] [0msrc/components/common/NotificationToast.jsx is dynamically imported by src/components/review/overview/ReviewWorkspace.jsx, src/store/upload/uploadStore.ts but also statically imported by src/App.jsx, src/components/ActivityLogs.jsx, src/components/accounts/accounts/AccountsConfirm.jsx, src/components/analytics/overview/QuickActionsBar.jsx, src/components/channels/wizard/AddChannelWizard.jsx, ..., dynamic import will not move module into another chunk.
[2026-08-17 08:33:30] [39m
[2026-08-17 08:33:30] [32mâœ“ built in 2.84s[39m
[2026-08-17 08:33:30] [BUILD] Copying frontend to backend static folder...
[2026-08-17 08:33:30] frontend\app\dist\favicon.png
[2026-08-17 08:33:30] frontend\app\dist\favicon.svg
[2026-08-17 08:33:30] frontend\app\dist\icons.svg
[2026-08-17 08:33:30] frontend\app\dist\index.html
[2026-08-17 08:33:30] frontend\app\dist\logo.png
[2026-08-17 08:33:30] frontend\app\dist\assets\index-C7ttnQZg.js
[2026-08-17 08:33:30] frontend\app\dist\assets\index-DnAtM1nq.css
[2026-08-17 08:33:30] 7 File(s) copied
[2026-08-17 08:33:30] [BUILD] Frontend build complete.
[2026-08-17 08:33:30] Generating Version Info...
[2026-08-17 08:33:30] Version: 1.5.1 Build: 162
[2026-08-17 08:33:30] Running command: D:\RaynzPitStop\build\build_backend.bat
[2026-08-17 08:33:30] [BUILD] Building Backend (PyInstaller onedir)...
[2026-08-17 08:33:31] 312 INFO: PyInstaller: 6.21.0, contrib hooks: 2026.6
[2026-08-17 08:33:31] 313 INFO: Python: 3.14.4
[2026-08-17 08:33:31] 578 INFO: Platform: Windows-10-10.0.19044-SP0
[2026-08-17 08:33:31] 578 INFO: Python environment: D:\Python
[2026-08-17 08:33:31] 599 INFO: Removing temporary files and cleaning cache in C:\Users\Server Abal\AppData\Local\pyinstaller
[2026-08-17 08:33:55] 24821 INFO: Module search paths (PYTHONPATH):
[2026-08-17 08:33:55] ['D:\\Python\\Scripts\\pyinstaller.exe',
[2026-08-17 08:33:55] 'D:\\Python\\python314.zip',
[2026-08-17 08:33:55] 'D:\\Python\\DLLs',
[2026-08-17 08:33:55] 'D:\\Python\\Lib',
[2026-08-17 08:33:55] 'D:\\Python',
[2026-08-17 08:33:55] 'D:\\Python\\Lib\\site-packages',
[2026-08-17 08:33:55] 'D:\\RaynzPitStop\\backend']
[2026-08-17 08:33:57] 26395 INFO: Appending 'datas' from .spec
[2026-08-17 08:33:57] 26456 INFO: checking Analysis
[2026-08-17 08:33:57] 26456 INFO: Building Analysis because Analysis-00.toc is non existent
[2026-08-17 08:33:57] 26456 INFO: Looking for Python shared library...
[2026-08-17 08:33:57] 26457 INFO: Using Python shared library: D:\Python\python314.dll
[2026-08-17 08:33:57] 26457 INFO: Running Analysis Analysis-00.toc
[2026-08-17 08:33:57] 26457 INFO: Target bytecode optimization level: 0
[2026-08-17 08:33:57] 26457 INFO: Initializing module dependency graph...
[2026-08-17 08:33:57] 26458 INFO: Initializing module graph hook caches...
[2026-08-17 08:33:57] 26534 INFO: Analyzing modules for base_library.zip ...
[2026-08-17 08:33:58] 27702 INFO: Processing standard module hook 'hook-math.py' from 'D:\\Python\\Lib\\site-packages\\PyInstaller\\hooks'
[2026-08-17 08:34:00] 29592 INFO: Processing standard module hook 'hook-encodings.py' from 'D:\\Python\\Lib\\site-packages\\PyInstaller\\hooks'
[2026-08-17 08:34:01] 30758 INFO: Processing standard module hook 'hook-pickle.py' from 'D:\\Python\\Lib\\site-packages\\PyInstaller\\hooks'
[2026-08-17 08:34:02] 31903 INFO: Processing standard module hook 'hook-difflib.py' from 'D:\\Python\\Lib\\site-packages\\PyInstaller\\hooks'
[2026-08-17 08:34:02] 31938 INFO: Processing standard module hook 'hook-heapq.py' from 'D:\\Python\\Lib\\site-packages\\PyInstaller\\hooks'
[2026-08-17 08:34:10] 39573 INFO: Caching module dependency graph...
[2026-08-17 08:34:10] 39668 INFO: Analyzing D:\RaynzPitStop\backend\main.py
[2026-08-17 08:34:11] 40293 INFO: Processing standard module hook 'hook-anyio.py' from 'D:\\Python\\Lib\\site-packages\\_pyinstaller_hooks_contrib\\stdhooks'
[2026-08-17 08:34:12] 41753 INFO: Processing pre-safe-import-module hook 'hook-typing_extensions.py' from 'D:\\Python\\Lib\\site-packages\\PyInstaller\\hooks\\pre_safe_import_module'
[2026-08-17 08:34:12] 41770 INFO: SetuptoolsInfo: initializing cached setuptools info...
[2026-08-17 08:34:14] 43889 INFO: Processing standard module hook 'hook-multiprocessing.util.py' from 'D:\\Python\\Lib\\site-packages\\PyInstaller\\hooks'
[2026-08-17 08:34:15] 44194 INFO: Processing standard module hook 'hook-xml.py' from 'D:\\Python\\Lib\\site-packages\\PyInstaller\\hooks'
[2026-08-17 08:34:16] 45097 INFO: Processing standard module hook 'hook-sysconfig.py' from 'D:\\Python\\Lib\\site-packages\\PyInstaller\\hooks'
[2026-08-17 08:34:16] 45144 INFO: Processing standard module hook 'hook-_ctypes.py' from 'D:\\Python\\Lib\\site-packages\\PyInstaller\\hooks'
[2026-08-17 08:34:19] 48967 INFO: Processing standard module hook 'hook-pydantic.py' from 'D:\\Python\\Lib\\site-packages\\_pyinstaller_hooks_contrib\\stdhooks'
[2026-08-17 08:34:21] 50579 INFO: Processing standard module hook 'hook-platform.py' from 'D:\\Python\\Lib\\site-packages\\PyInstaller\\hooks'
[2026-08-17 08:34:22] 51546 INFO: Processing standard module hook 'hook-rich.py' from 'D:\\Python\\Lib\\site-packages\\_pyinstaller_hooks_contrib\\stdhooks'
[2026-08-17 08:34:24] 53034 INFO: Processing standard module hook 'hook-pygments.py' from 'D:\\Python\\Lib\\site-packages\\PyInstaller\\hooks'
[2026-08-17 08:34:28] 57542 INFO: Processing standard module hook 'hook-webbrowser.py' from 'D:\\Python\\Lib\\site-packages\\PyInstaller\\hooks'
[2026-08-17 08:34:29] 58734 INFO: Processing standard module hook 'hook-zoneinfo.py' from 'D:\\Python\\Lib\\site-packages\\_pyinstaller_hooks_contrib\\stdhooks'
[2026-08-17 08:34:31] 60408 INFO: Processing standard module hook 'hook-certifi.py' from 'D:\\Python\\Lib\\site-packages\\_pyinstaller_hooks_contrib\\stdhooks'
[2026-08-17 08:34:35] 64737 INFO: Processing standard module hook 'hook-dns.rdata.py' from 'D:\\Python\\Lib\\site-packages\\_pyinstaller_hooks_contrib\\stdhooks'
[2026-08-17 08:34:40] 69760 INFO: Processing standard module hook 'hook-sqlalchemy.py' from 'D:\\Python\\Lib\\site-packages\\PyInstaller\\hooks'
[2026-08-17 08:34:42] 71585 INFO: Processing pre-safe-import-module hook 'hook-importlib_metadata.py' from 'D:\\Python\\Lib\\site-packages\\PyInstaller\\hooks\\pre_safe_import_module'
[2026-08-17 08:34:42] 71585 INFO: Setuptools: 'importlib_metadata' appears to be a setuptools-vendored copy - creating alias to 'setuptools._vendor.importlib_metadata'!
[2026-08-17 08:34:42] 71641 INFO: Processing standard module hook 'hook-setuptools.py' from 'D:\\Python\\Lib\\site-packages\\PyInstaller\\hooks'
[2026-08-17 08:34:42] 71697 INFO: Processing pre-safe-import-module hook 'hook-distutils.py' from 'D:\\Python\\Lib\\site-packages\\PyInstaller\\hooks\\pre_safe_import_module'
[2026-08-17 08:34:42] 71791 INFO: Processing pre-safe-import-module hook 'hook-jaraco.py' from 'D:\\Python\\Lib\\site-packages\\PyInstaller\\hooks\\pre_safe_import_module'
[2026-08-17 08:34:42] 71791 INFO: Setuptools: 'jaraco' appears to be a full setuptools-vendored copy - creating alias to 'setuptools._vendor.jaraco'!
[2026-08-17 08:34:42] 71834 INFO: Processing pre-safe-import-module hook 'hook-more_itertools.py' from 'D:\\Python\\Lib\\site-packages\\PyInstaller\\hooks\\pre_safe_import_module'
[2026-08-17 08:34:43] 72644 INFO: Processing pre-safe-import-module hook 'hook-packaging.py' from 'D:\\Python\\Lib\\site-packages\\PyInstaller\\hooks\\pre_safe_import_module'
[2026-08-17 08:34:44] 73627 INFO: Processing standard module hook 'hook-setuptools._vendor.jaraco.text.py' from 'D:\\Python\\Lib\\site-packages\\PyInstaller\\hooks'
[2026-08-17 08:34:44] 73630 INFO: Processing pre-safe-import-module hook 'hook-importlib_resources.py' from 'D:\\Python\\Lib\\site-packages\\PyInstaller\\hooks\\pre_safe_import_module'
[2026-08-17 08:34:44] 73668 INFO: Processing pre-safe-import-module hook 'hook-backports.py' from 'D:\\Python\\Lib\\site-packages\\PyInstaller\\hooks\\pre_safe_import_module'
[2026-08-17 08:34:44] 73669 INFO: Setuptools: 'backports' appears to be a full setuptools-vendored copy - creating alias to 'setuptools._vendor.backports'!
[2026-08-17 08:34:46] 75261 INFO: Processing pre-safe-import-module hook 'hook-tomli.py' from 'D:\\Python\\Lib\\site-packages\\PyInstaller\\hooks\\pre_safe_import_module'
[2026-08-17 08:34:46] 75261 INFO: Setuptools: 'tomli' appears to be a setuptools-vendored copy - creating alias to 'setuptools._vendor.tomli'!
[2026-08-17 08:34:48] 77323 INFO: Processing pre-safe-import-module hook 'hook-wheel.py' from 'D:\\Python\\Lib\\site-packages\\PyInstaller\\hooks\\pre_safe_import_module'
[2026-08-17 08:34:48] 77323 INFO: Setuptools: 'wheel' appears to be a setuptools-vendored copy - creating alias to 'setuptools._vendor.wheel'!
[2026-08-17 08:34:48] 77505 INFO: Processing standard module hook 'hook-setuptools._vendor.importlib_metadata.py' from 'D:\\Python\\Lib\\site-packages\\PyInstaller\\hooks'
[2026-08-17 08:34:48] 77572 INFO: Processing pre-safe-import-module hook 'hook-zipp.py' from 'D:\\Python\\Lib\\site-packages\\PyInstaller\\hooks\\pre_safe_import_module'
[2026-08-17 08:34:48] 77572 INFO: Setuptools: 'zipp' appears to be a setuptools-vendored copy - creating alias to 'setuptools._vendor.zipp'!
[2026-08-17 08:35:00] 89212 INFO: Processing standard module hook 'hook-pytz.py' from 'D:\\Python\\Lib\\site-packages\\PyInstaller\\hooks'
[2026-08-17 08:35:02] 91175 INFO: Processing standard module hook 'hook-google.api_core.py' from 'D:\\Python\\Lib\\site-packages\\_pyinstaller_hooks_contrib\\stdhooks'
[2026-08-17 08:35:02] 91525 INFO: Processing standard module hook 'hook-cryptography.py' from 'D:\\Python\\Lib\\site-packages\\_pyinstaller_hooks_contrib\\stdhooks'
[2026-08-17 08:35:05] 94596 INFO: hook-cryptography: cryptography does not seem to be using dynamically linked OpenSSL.
[2026-08-17 08:35:06] 95804 INFO: Processing standard module hook 'hook-bcrypt.py' from 'D:\\Python\\Lib\\site-packages\\_pyinstaller_hooks_contrib\\stdhooks'
[2026-08-17 08:35:08] 97537 INFO: Processing standard module hook 'hook-urllib3.py' from 'D:\\Python\\Lib\\site-packages\\_pyinstaller_hooks_contrib\\stdhooks'
[2026-08-17 08:35:09] 98684 INFO: Processing standard module hook 'hook-charset_normalizer.py' from 'D:\\Python\\Lib\\site-packages\\_pyinstaller_hooks_contrib\\stdhooks'
[2026-08-17 08:35:11] 100131 INFO: Processing standard module hook 'hook-pycparser.py' from 'D:\\Python\\Lib\\site-packages\\_pyinstaller_hooks_contrib\\stdhooks'
[2026-08-17 08:35:14] 103968 INFO: Processing standard module hook 'hook-httplib2.py' from 'D:\\Python\\Lib\\site-packages\\_pyinstaller_hooks_contrib\\stdhooks'
[2026-08-17 08:35:15] 104985 INFO: Processing standard module hook 'hook-jinja2.py' from 'D:\\Python\\Lib\\site-packages\\_pyinstaller_hooks_contrib\\stdhooks'
[2026-08-17 08:35:18] 107787 INFO: Processing standard module hook 'hook-googleapiclient.model.py' from 'D:\\Python\\Lib\\site-packages\\_pyinstaller_hooks_contrib\\stdhooks'
[2026-08-17 08:35:19] 108706 INFO: Processing standard module hook 'hook-playwright.sync_api.py' from 'D:\\Python\\Lib\\site-packages\\playwright\\_impl\\__pyinstaller'
[2026-08-17 08:35:26] 115616 INFO: Processing standard module hook 'hook-uvicorn.py' from 'D:\\Python\\Lib\\site-packages\\_pyinstaller_hooks_contrib\\stdhooks'
[2026-08-17 08:35:29] 118626 INFO: Processing standard module hook 'hook-websockets.py' from 'D:\\Python\\Lib\\site-packages\\_pyinstaller_hooks_contrib\\stdhooks'
[2026-08-17 08:35:32] 121363 INFO: Processing standard module hook 'hook-webview.py' from 'D:\\Python\\Lib\\site-packages\\webview\\__pyinstaller'
[2026-08-17 08:35:35] 124448 INFO: Processing standard module hook 'hook-mako.codegen.py' from 'D:\\Python\\Lib\\site-packages\\_pyinstaller_hooks_contrib\\stdhooks'
[2026-08-17 08:35:36] 125775 INFO: Processing pre-safe-import-module hook 'hook-gi.py' from 'D:\\Python\\Lib\\site-packages\\PyInstaller\\hooks\\pre_safe_import_module'
[2026-08-17 08:35:36] 125937 INFO: Processing standard module hook 'hook-PyQt5.py' from 'D:\\Python\\Lib\\site-packages\\PyInstaller\\hooks'
[2026-08-17 08:35:38] 127070 INFO: Processing standard module hook 'hook-PyQt5.QtNetwork.py' from 'D:\\Python\\Lib\\site-packages\\PyInstaller\\hooks'
[2026-08-17 08:35:45] 134487 INFO: Processing standard module hook 'hook-PyQt5.QtCore.py' from 'D:\\Python\\Lib\\site-packages\\PyInstaller\\hooks'
[2026-08-17 08:35:56] 145935 INFO: Processing standard module hook 'hook-PyQt5.QtWidgets.py' from 'D:\\Python\\Lib\\site-packages\\PyInstaller\\hooks'
[2026-08-17 08:36:13] 162873 INFO: Processing standard module hook 'hook-PyQt5.QtGui.py' from 'D:\\Python\\Lib\\site-packages\\PyInstaller\\hooks'
[2026-08-17 08:37:36] 245651 INFO: Processing standard module hook 'hook-clr.py' from 'D:\\Python\\Lib\\site-packages\\pythonnet\\_pyinstaller'
[2026-08-17 08:37:36] 245766 INFO: Processing standard module hook 'hook-clr_loader.py' from 'D:\\Python\\Lib\\site-packages\\_pyinstaller_hooks_contrib\\stdhooks'
[2026-08-17 08:37:37] 246227 INFO: Processing standard module hook 'hook-xml.etree.cElementTree.py' from 'D:\\Python\\Lib\\site-packages\\PyInstaller\\hooks'
[2026-08-17 08:37:37] 246597 INFO: Processing standard module hook 'hook-PIL.py' from 'D:\\Python\\Lib\\site-packages\\PyInstaller\\hooks'
[2026-08-17 08:37:37] 246953 INFO: Processing standard module hook 'hook-PIL.Image.py' from 'D:\\Python\\Lib\\site-packages\\PyInstaller\\hooks'
[2026-08-17 08:37:38] 247879 INFO: Processing standard module hook 'hook-numpy.py' from 'D:\\Python\\Lib\\site-packages\\PyInstaller\\hooks'
[2026-08-17 08:37:40] 249908 INFO: Processing standard module hook 'hook-psutil.py' from 'D:\\Python\\Lib\\site-packages\\_pyinstaller_hooks_contrib\\stdhooks'
[2026-08-17 08:37:44] 253584 INFO: Processing standard module hook 'hook-PIL.ImageFilter.py' from 'D:\\Python\\Lib\\site-packages\\PyInstaller\\hooks'
[2026-08-17 08:37:45] 254707 INFO: Analyzing hidden import 'services.system.folder_picker'
[2026-08-17 08:37:45] 254719 INFO: Processing pre-find-module-path hook 'hook-tkinter.py' from 'D:\\Python\\Lib\\site-packages\\PyInstaller\\hooks\\pre_find_module_path'
[2026-08-17 08:37:45] 254736 INFO: TclTkInfo: initializing cached Tcl/Tk info...
[2026-08-17 08:37:47] 256032 INFO: Processing standard module hook 'hook-_tkinter.py' from 'D:\\Python\\Lib\\site-packages\\PyInstaller\\hooks'
[2026-08-17 08:37:47] 256138 INFO: Analyzing hidden import 'services.campaign_scan_service'
[2026-08-17 08:37:47] 256188 INFO: Analyzing hidden import 'api'
[2026-08-17 08:37:47] 256189 INFO: Analyzing hidden import 'api.channels'
[2026-08-17 08:37:47] 256204 INFO: Analyzing hidden import 'api.queue_router'
[2026-08-17 08:37:47] 256224 INFO: Analyzing hidden import 'api.watch_folder'
[2026-08-17 08:37:47] 256235 INFO: Analyzing hidden import 'api.upload_engine'
[2026-08-17 08:37:47] 256236 INFO: Analyzing hidden import 'api.settings'
[2026-08-17 08:37:47] 256243 INFO: Analyzing hidden import 'api.history'
[2026-08-17 08:37:47] 256251 INFO: Analyzing hidden import 'api.dashboard'
[2026-08-17 08:37:47] 256291 INFO: Analyzing hidden import 'api.import_api'
[2026-08-17 08:37:47] 256300 INFO: Analyzing hidden import 'api.system'
[2026-08-17 08:37:47] 256354 INFO: Analyzing hidden import 'api.media'
[2026-08-17 08:37:47] 256368 INFO: Analyzing hidden import 'api.ai_engine'
[2026-08-17 08:37:47] 256377 INFO: Analyzing hidden import 'api.license'
[2026-08-17 08:37:47] 256385 INFO: Analyzing hidden import 'api.analytics'
[2026-08-17 08:37:47] 256516 INFO: Analyzing hidden import 'api.campaign_assets'
[2026-08-17 08:37:47] 256521 INFO: Analyzing hidden import 'api.campaign_scan'
[2026-08-17 08:37:47] 256524 INFO: Analyzing hidden import 'api.campaign_review'
[2026-08-17 08:37:47] 256552 INFO: Analyzing hidden import 'api.campaign_queue'
[2026-08-17 08:37:47] 256575 INFO: Analyzing hidden import 'api.campaign_execution'
[2026-08-17 08:37:47] 256607 INFO: Analyzing hidden import 'api.routers'
[2026-08-17 08:37:47] 256608 INFO: Analyzing hidden import 'api.routers.oauth_router'
[2026-08-17 08:37:47] 256638 INFO: Analyzing hidden import 'fastapi.middleware.cors'
[2026-08-17 08:37:47] 256667 INFO: Analyzing hidden import 'uvicorn.loops'
[2026-08-17 08:37:47] 256667 INFO: Analyzing hidden import 'uvicorn.loops.auto'
[2026-08-17 08:37:47] 256672 INFO: Analyzing hidden import 'uvicorn.protocols.http.auto'
[2026-08-17 08:37:47] 256674 INFO: Analyzing hidden import 'uvicorn.protocols.websockets.auto'
[2026-08-17 08:37:47] 256675 INFO: Analyzing hidden import 'uvicorn.lifespan'
[2026-08-17 08:37:47] 256676 INFO: Analyzing hidden import 'uvicorn.lifespan.on'
[2026-08-17 08:37:47] 256691 INFO: Analyzing hidden import 'passlib.handlers.bcrypt'
[2026-08-17 08:37:47] 256776 INFO: Processing standard module hook 'hook-passlib.py' from 'D:\\Python\\Lib\\site-packages\\_pyinstaller_hooks_contrib\\stdhooks'
[2026-08-17 08:37:48] 257363 INFO: Analyzing hidden import 'sqlite3'
[2026-08-17 08:37:48] 257376 INFO: Processing standard module hook 'hook-sqlite3.py' from 'D:\\Python\\Lib\\site-packages\\PyInstaller\\hooks'
[2026-08-17 08:37:48] 257867 INFO: Analyzing hidden import 'sqlalchemy.ext.baked'
[2026-08-17 08:37:48] 257926 INFO: Analyzing hidden import 'pydantic.validators'
[2026-08-17 08:37:48] 257927 INFO: Analyzing hidden import 'pydantic.alias_generators'
[2026-08-17 08:37:48] 257943 INFO: Analyzing hidden import 'pydantic.class_validators'
[2026-08-17 08:37:48] 257945 INFO: Analyzing hidden import 'pydantic.datetime_parse'
[2026-08-17 08:37:48] 257946 INFO: Analyzing hidden import 'pydantic.decorator'
[2026-08-17 08:37:48] 257949 INFO: Analyzing hidden import 'pydantic.deprecated.decorator'
[2026-08-17 08:37:49] 257991 INFO: Analyzing hidden import 'pydantic.env_settings'
[2026-08-17 08:37:49] 257993 INFO: Analyzing hidden import 'pydantic.error_wrappers'
[2026-08-17 08:37:49] 257999 INFO: Analyzing hidden import 'pydantic.experimental'
[2026-08-17 08:37:49] 258000 INFO: Analyzing hidden import 'pydantic.experimental.arguments_schema'
[2026-08-17 08:37:49] 258006 INFO: Analyzing hidden import 'pydantic.experimental.missing_sentinel'
[2026-08-17 08:37:49] 258007 INFO: Analyzing hidden import 'pydantic.experimental.pipeline'
[2026-08-17 08:37:49] 258131 INFO: Analyzing hidden import 'pydantic.generics'
[2026-08-17 08:37:49] 258133 INFO: Analyzing hidden import 'pydantic.json'
[2026-08-17 08:37:49] 258134 INFO: Analyzing hidden import 'pydantic.mypy'
[2026-08-17 08:37:49] 258299 INFO: Analyzing hidden import 'pydantic.parse'
[2026-08-17 08:37:49] 258301 INFO: Analyzing hidden import 'pydantic.schema'
[2026-08-17 08:37:49] 258302 INFO: Analyzing hidden import 'pydantic.tools'
[2026-08-17 08:37:49] 258303 INFO: Analyzing hidden import 'pydantic.typing'
[2026-08-17 08:37:49] 258304 INFO: Analyzing hidden import 'pydantic.utils'
[2026-08-17 08:37:49] 258305 INFO: Analyzing hidden import 'pydantic.v1._hypothesis_plugin'
[2026-08-17 08:37:49] 258356 INFO: Analyzing hidden import 'pydantic.v1.generics'
[2026-08-17 08:37:49] 258398 INFO: Analyzing hidden import 'pydantic.v1.mypy'
[2026-08-17 08:37:49] 258508 INFO: Analyzing hidden import 'fastapi.__main__'
[2026-08-17 08:37:49] 258512 INFO: Analyzing hidden import 'fastapi.middleware.gzip'
[2026-08-17 08:37:49] 258534 INFO: Analyzing hidden import 'fastapi.middleware.httpsredirect'
[2026-08-17 08:37:49] 258539 INFO: Analyzing hidden import 'fastapi.middleware.trustedhost'
[2026-08-17 08:37:49] 258548 INFO: Analyzing hidden import 'fastapi.middleware.wsgi'
[2026-08-17 08:37:49] 258568 INFO: Analyzing hidden import 'fastapi.staticfiles'
[2026-08-17 08:37:49] 258587 INFO: Analyzing hidden import 'fastapi.templating'
[2026-08-17 08:37:49] 258602 INFO: Analyzing hidden import 'fastapi.testclient'
[2026-08-17 08:37:49] 258679 INFO: Analyzing hidden import 'starlette.authentication'
[2026-08-17 08:37:49] 258700 INFO: Analyzing hidden import 'starlette.config'
[2026-08-17 08:37:49] 258711 INFO: Analyzing hidden import 'starlette.endpoints'
[2026-08-17 08:37:49] 258723 INFO: Analyzing hidden import 'starlette.middleware.authentication'
[2026-08-17 08:37:49] 258729 INFO: Analyzing hidden import 'starlette.schemas'
[2026-08-17 08:37:49] 258739 INFO: Analyzing hidden import 'uvicorn.__main__'
[2026-08-17 08:37:49] 258740 INFO: Analyzing hidden import 'uvicorn.lifespan.off'
[2026-08-17 08:37:49] 258745 INFO: Analyzing hidden import 'uvicorn.workers'
[2026-08-17 08:37:49] 258765 INFO: Processing module hooks (post-graph stage)...
[2026-08-17 08:37:50] 259639 WARNING: Hidden import "pycparser.lextab" not found!
[2026-08-17 08:37:50] 259639 WARNING: Hidden import "pycparser.yacctab" not found!
[2026-08-17 08:37:51] 260446 WARNING: Hidden import "tzdata" not found!
[2026-08-17 08:37:52] 261317 INFO: Processing standard module hook 'hook-PIL.SpiderImagePlugin.py' from 'D:\\Python\\Lib\\site-packages\\PyInstaller\\hooks'
[2026-08-17 08:37:56] 265865 WARNING: Hidden import "sip" not found!
[2026-08-17 08:37:56] 265957 INFO: Processing standard module hook 'hook-sqlalchemy.py' from 'D:\\Python\\Lib\\site-packages\\PyInstaller\\hooks'
[2026-08-17 08:37:57] 266595 WARNING: Hidden import "pysqlite2" not found!
[2026-08-17 08:37:57] 266595 WARNING: Hidden import "MySQLdb" not found!
[2026-08-17 08:37:57] 266620 INFO: Processing standard module hook 'hook-psycopg2.py' from 'D:\\Python\\Lib\\site-packages\\_pyinstaller_hooks_contrib\\stdhooks'
[2026-08-17 08:38:01] 270286 INFO: Processing standard module hook 'hook-_tkinter.py' from 'D:\\Python\\Lib\\site-packages\\PyInstaller\\hooks'
[2026-08-17 08:38:01] 270289 WARNING: Hidden import "mx.DateTime" not found!
[2026-08-17 08:38:01] 270373 INFO: Performing binary vs. data reclassification (3223 entries)
[2026-08-17 08:38:07] 276544 INFO: Looking for ctypes DLLs
[2026-08-17 08:38:07] 276802 INFO: Analyzing run-time hooks ...
[2026-08-17 08:38:07] 276820 INFO: Including run-time hook 'pyi_rth_inspect.py' from 'D:\\Python\\Lib\\site-packages\\PyInstaller\\hooks\\rthooks'
[2026-08-17 08:38:07] 276834 INFO: Including run-time hook 'pyi_rth_multiprocessing.py' from 'D:\\Python\\Lib\\site-packages\\PyInstaller\\hooks\\rthooks'
[2026-08-17 08:38:07] 276845 INFO: Including run-time hook 'pyi_rth_pkgutil.py' from 'D:\\Python\\Lib\\site-packages\\PyInstaller\\hooks\\rthooks'
[2026-08-17 08:38:07] 276853 INFO: Including run-time hook 'pyi_rth_setuptools.py' from 'D:\\Python\\Lib\\site-packages\\PyInstaller\\hooks\\rthooks'
[2026-08-17 08:38:07] 276861 INFO: Including run-time hook 'pyi_rth_cryptography_openssl.py' from 'D:\\Python\\Lib\\site-packages\\_pyinstaller_hooks_contrib\\rthooks'
[2026-08-17 08:38:07] 276870 INFO: Including run-time hook 'pyi_rth_pyqt5.py' from 'D:\\Python\\Lib\\site-packages\\PyInstaller\\hooks\\rthooks'
[2026-08-17 08:38:07] 276883 INFO: Processing pre-find-module-path hook 'hook-_pyi_rth_utils.py' from 'D:\\Python\\Lib\\site-packages\\PyInstaller\\hooks\\pre_find_module_path'
[2026-08-17 08:38:07] 276907 INFO: Processing standard module hook 'hook-_pyi_rth_utils.py' from 'D:\\Python\\Lib\\site-packages\\PyInstaller\\hooks'
[2026-08-17 08:38:07] 276925 INFO: Including run-time hook 'pyi_rth__tkinter.py' from 'D:\\Python\\Lib\\site-packages\\PyInstaller\\hooks\\rthooks'
[2026-08-17 08:38:08] 277119 INFO: Creating base_library.zip...
[2026-08-17 08:38:08] 277171 INFO: Looking for dynamic libraries
[2026-08-17 08:38:17] 286459 INFO: Extra DLL search directories (AddDllDirectory): ['D:\\Python\\Lib\\site-packages\\PyQt5\\Qt5\\bin', 'D:\\Python\\Lib\\site-packages\\numpy.libs', 'D:\\Python\\Lib\\site-packages\\psycopg2_binary.libs']
[2026-08-17 08:38:17] 286460 INFO: Extra DLL search directories (PATH): ['D:\\Python\\Lib\\site-packages\\PyQt5\\Qt5\\bin']
[2026-08-17 08:38:22] 291380 INFO: Warnings written to D:\RaynzPitStop\backend\build\AutoUploader\warn-AutoUploader.txt
[2026-08-17 08:38:22] 291762 INFO: Graph cross-reference written to D:\RaynzPitStop\backend\build\AutoUploader\xref-AutoUploader.html
[2026-08-17 08:38:23] 292006 INFO: checking PYZ
[2026-08-17 08:38:23] 292007 INFO: Building PYZ because PYZ-00.toc is non existent
[2026-08-17 08:38:23] 292007 INFO: Building PYZ (ZlibArchive) D:\RaynzPitStop\backend\build\AutoUploader\PYZ-00.pyz
[2026-08-17 08:38:25] 294275 INFO: Building PYZ (ZlibArchive) D:\RaynzPitStop\backend\build\AutoUploader\PYZ-00.pyz completed successfully.
[2026-08-17 08:38:25] 294385 INFO: checking PKG
[2026-08-17 08:38:25] 294386 INFO: Building PKG because PKG-00.toc is non existent
[2026-08-17 08:38:25] 294386 INFO: Building PKG (CArchive) RaynzPitStop.pkg
[2026-08-17 08:38:25] 294436 INFO: Building PKG (CArchive) RaynzPitStop.pkg completed successfully.
[2026-08-17 08:38:25] 294438 INFO: Bootloader D:\Python\Lib\site-packages\PyInstaller\bootloader\Windows-64bit-intel\runw.exe
[2026-08-17 08:38:25] 294438 INFO: checking EXE
[2026-08-17 08:38:25] 294438 INFO: Building EXE because EXE-00.toc is non existent
[2026-08-17 08:38:25] 294438 INFO: Building EXE from EXE-00.toc
[2026-08-17 08:38:25] 294438 INFO: Copying bootloader EXE to D:\RaynzPitStop\backend\build\AutoUploader\RaynzPitStop.exe
[2026-08-17 08:38:25] 294493 INFO: Copying icon to EXE
[2026-08-17 08:38:25] 294504 INFO: Copying version information to EXE
[2026-08-17 08:38:25] 294518 INFO: Copying 0 resources to EXE
[2026-08-17 08:38:25] 294518 INFO: Embedding manifest in EXE
[2026-08-17 08:38:25] 294527 INFO: Appending PKG archive to EXE
[2026-08-17 08:38:25] 294551 INFO: Fixing EXE headers
[2026-08-17 08:38:25] 294867 INFO: Building EXE from EXE-00.toc completed successfully.
[2026-08-17 08:38:25] 294907 INFO: checking COLLECT
[2026-08-17 08:38:25] 294907 INFO: Building COLLECT because COLLECT-00.toc is non existent
[2026-08-17 08:38:25] 294907 INFO: Building COLLECT COLLECT-00.toc
[2026-08-17 08:38:36] 305816 INFO: Building COLLECT COLLECT-00.toc completed successfully.
[2026-08-17 08:38:36] 305920 INFO: Build complete! The results are available in: D:\RaynzPitStop\backend\dist
[2026-08-17 08:38:37] [BUILD] Backend build complete.
[2026-08-17 08:38:37] Running command: D:\RaynzPitStop\build\create_installer.bat
[2026-08-17 08:38:37] [BUILD] Creating Installer (Inno Setup)...
[2026-08-17 08:38:37] Inno Setup 6 Command-Line Compiler
[2026-08-17 08:38:37] Copyright (C) 1997-2026 Jordan Russell. All rights reserved.
[2026-08-17 08:38:37] Portions Copyright (C) 2000-2026 Martijn Laan. All rights reserved.
[2026-08-17 08:38:37] Portions Copyright (C) 2001-2004 Alex Yackimoff. All rights reserved.
[2026-08-17 08:38:37] https://www.innosetup.com
[2026-08-17 08:38:37] 
[2026-08-17 08:38:37] Compiler engine version: Inno Setup 6.7.3
[2026-08-17 08:38:37] Non-commercial use only
[2026-08-17 08:38:37] 
[2026-08-17 08:38:37] Preprocessing
[2026-08-17 08:38:37] Reading file: C:\Users\Server Abal\AppData\Local\Programs\Inno Setup 6\ISPPBuiltins.iss
[2026-08-17 08:38:37] Parsing [Setup] section, line 2
[2026-08-17 08:38:37] Parsing [Setup] section, line 3
[2026-08-17 08:38:37] Parsing [Setup] section, line 4
[2026-08-17 08:38:37] Parsing [Setup] section, line 5
[2026-08-17 08:38:37] Parsing [Setup] section, line 6
[2026-08-17 08:38:37] Parsing [Setup] section, line 7
[2026-08-17 08:38:37] Parsing [Setup] section, line 8
[2026-08-17 08:38:37] Parsing [Setup] section, line 9
[2026-08-17 08:38:37] Parsing [Setup] section, line 10
[2026-08-17 08:38:37] Parsing [Setup] section, line 11
[2026-08-17 08:38:37] Parsing [Setup] section, line 12
[2026-08-17 08:38:37] Parsing [Setup] section, line 13
[2026-08-17 08:38:37] Parsing [Setup] section, line 14
[2026-08-17 08:38:37] Parsing [Setup] section, line 15
[2026-08-17 08:38:37] Parsing [Setup] section, line 16
[2026-08-17 08:38:37] Parsing [Setup] section, line 17
[2026-08-17 08:38:37] Parsing [Setup] section, line 18
[2026-08-17 08:38:37] Parsing [Setup] section, line 19
[2026-08-17 08:38:37] Reading file (WizardImageFile)
[2026-08-17 08:38:37] Reading file (WizardSmallImageFile)
[2026-08-17 08:38:37] Preparing Setup program executable
[2026-08-17 08:38:37] Verification successful
[2026-08-17 08:38:37] Updating icons (Setup.e32)
[2026-08-17 08:38:37] Updating version info (Setup.e32)
[2026-08-17 08:38:37] Determining language code pages
[2026-08-17 08:38:37] Reading file: C:\Users\Server Abal\AppData\Local\Programs\Inno Setup 6\Default.isl
[2026-08-17 08:38:37] Messages in script file
[2026-08-17 08:38:37] Reading default messages from Default.isl
[2026-08-17 08:38:37] Parsing [LangOptions], [Messages], and [CustomMessages] sections
[2026-08-17 08:38:37] Reading file: C:\Users\Server Abal\AppData\Local\Programs\Inno Setup 6\Default.isl
[2026-08-17 08:38:37] Messages in script file
[2026-08-17 08:38:37] Reading [Code] section
[2026-08-17 08:38:37] Parsing [Tasks] section, line 22
[2026-08-17 08:38:37] Parsing [Icons] section, line 28
[2026-08-17 08:38:37] Parsing [Icons] section, line 29
[2026-08-17 08:38:37] Parsing [Icons] section, line 30
[2026-08-17 08:38:37] Parsing [Run] section, line 33
[2026-08-17 08:38:37] Parsing [Files] section, line 25
[2026-08-17 08:38:37] Compiling [Code] section
[2026-08-17 08:38:37] Creating setup files
[2026-08-17 08:38:37] Verification successful
[2026-08-17 08:38:37] Updating icons (Setup.exe)
[2026-08-17 08:38:37] Compressing: D:\RaynzPitStop\build\..\backend\dist\RaynzPitStop\RaynzPitStop.exe
[2026-08-17 08:38:41] Compressing: D:\RaynzPitStop\build\..\backend\dist\RaynzPitStop\version.json
[2026-08-17 08:38:41] Compressing: D:\RaynzPitStop\build\..\backend\dist\RaynzPitStop\_internal\81d243bd2c585b0f4821__mypyc.cp314-win_amd64.pyd
[2026-08-17 08:38:41] Compressing: D:\RaynzPitStop\build\..\backend\dist\RaynzPitStop\_internal\api-ms-win-core-console-l1-1-0.dll
[2026-08-17 08:38:41] Compressing: D:\RaynzPitStop\build\..\backend\dist\RaynzPitStop\_internal\api-ms-win-core-datetime-l1-1-0.dll
[2026-08-17 08:38:41] Compressing: D:\RaynzPitStop\build\..\backend\dist\RaynzPitStop\_internal\api-ms-win-core-debug-l1-1-0.dll
[2026-08-17 08:38:41] Compressing: D:\RaynzPitStop\build\..\backend\dist\RaynzPitStop\_internal\api-ms-win-core-errorhandling-l1-1-0.dll
[2026-08-17 08:38:41] Compressing: D:\RaynzPitStop\build\..\backend\dist\RaynzPitStop\_internal\api-ms-win-core-fibers-l1-1-0.dll
[2026-08-17 08:38:41] Compressing: D:\RaynzPitStop\build\..\backend\dist\RaynzPitStop\_internal\api-ms-win-core-file-l1-1-0.dll
[2026-08-17 08:38:41] Compressing: D:\RaynzPitStop\build\..\backend\dist\RaynzPitStop\_internal\api-ms-win-core-file-l1-2-0.dll
[2026-08-17 08:38:41] Compressing: D:\RaynzPitStop\build\..\backend\dist\RaynzPitStop\_internal\api-ms-win-core-file-l2-1-0.dll
[2026-08-17 08:38:41] Compressing: D:\RaynzPitStop\build\..\backend\dist\RaynzPitStop\_internal\api-ms-win-core-handle-l1-1-0.dll
[2026-08-17 08:38:41] Compressing: D:\RaynzPitStop\build\..\backend\dist\RaynzPitStop\_internal\api-ms-win-core-heap-l1-1-0.dll
[2026-08-17 08:38:41] Compressing: D:\RaynzPitStop\build\..\backend\dist\RaynzPitStop\_internal\api-ms-win-core-interlocked-l1-1-0.dll
[2026-08-17 08:38:41] Compressing: D:\RaynzPitStop\build\..\backend\dist\RaynzPitStop\_internal\api-ms-win-core-libraryloader-l1-1-0.dll
[2026-08-17 08:38:41] Compressing: D:\RaynzPitStop\build\..\backend\dist\RaynzPitStop\_internal\api-ms-win-core-localization-l1-2-0.dll
[2026-08-17 08:38:41] Compressing: D:\RaynzPitStop\build\..\backend\dist\RaynzPitStop\_internal\api-ms-win-core-memory-l1-1-0.dll
[2026-08-17 08:38:41] Compressing: D:\RaynzPitStop\build\..\backend\dist\RaynzPitStop\_internal\api-ms-win-core-namedpipe-l1-1-0.dll
[2026-08-17 08:38:41] Compressing: D:\RaynzPitStop\build\..\backend\dist\RaynzPitStop\_internal\api-ms-win-core-processenvironment-l1-1-0.dll
[2026-08-17 08:38:41] Compressing: D:\RaynzPitStop\build\..\backend\dist\RaynzPitStop\_internal\api-ms-win-core-processthreads-l1-1-0.dll
[2026-08-17 08:38:41] Compressing: D:\RaynzPitStop\build\..\backend\dist\RaynzPitStop\_internal\api-ms-win-core-processthreads-l1-1-1.dll
[2026-08-17 08:38:41] Compressing: D:\RaynzPitStop\build\..\backend\dist\RaynzPitStop\_internal\api-ms-win-core-profile-l1-1-0.dll
[2026-08-17 08:38:41] Compressing: D:\RaynzPitStop\build\..\backend\dist\RaynzPitStop\_internal\api-ms-win-core-rtlsupport-l1-1-0.dll
[2026-08-17 08:38:41] Compressing: D:\RaynzPitStop\build\..\backend\dist\RaynzPitStop\_internal\api-ms-win-core-string-l1-1-0.dll
[2026-08-17 08:38:41] Compressing: D:\RaynzPitStop\build\..\backend\dist\RaynzPitStop\_internal\api-ms-win-core-synch-l1-1-0.dll
[2026-08-17 08:38:41] Compressing: D:\RaynzPitStop\build\..\backend\dist\RaynzPitStop\_internal\api-ms-win-core-synch-l1-2-0.dll
[2026-08-17 08:38:41] Compressing: D:\RaynzPitStop\build\..\backend\dist\RaynzPitStop\_internal\api-ms-win-core-sysinfo-l1-1-0.dll
[2026-08-17 08:38:41] Compressing: D:\RaynzPitStop\build\..\backend\dist\RaynzPitStop\_internal\api-ms-win-core-timezone-l1-1-0.dll
[2026-08-17 08:38:41] Compressing: D:\RaynzPitStop\build\..\backend\dist\RaynzPitStop\_internal\api-ms-win-core-util-l1-1-0.dll
[2026-08-17 08:38:42] Compressing: D:\RaynzPitStop\build\..\backend\dist\RaynzPitStop\_internal\api-ms-win-crt-conio-l1-1-0.dll
[2026-08-17 08:38:42] Compressing: D:\RaynzPitStop\build\..\backend\dist\RaynzPitStop\_internal\api-ms-win-crt-convert-l1-1-0.dll
[2026-08-17 08:38:42] Compressing: D:\RaynzPitStop\build\..\backend\dist\RaynzPitStop\_internal\api-ms-win-crt-environment-l1-1-0.dll
[2026-08-17 08:38:42] Compressing: D:\RaynzPitStop\build\..\backend\dist\RaynzPitStop\_internal\api-ms-win-crt-filesystem-l1-1-0.dll
[2026-08-17 08:38:42] Compressing: D:\RaynzPitStop\build\..\backend\dist\RaynzPitStop\_internal\api-ms-win-crt-heap-l1-1-0.dll
[2026-08-17 08:38:42] Compressing: D:\RaynzPitStop\build\..\backend\dist\RaynzPitStop\_internal\api-ms-win-crt-locale-l1-1-0.dll
[2026-08-17 08:38:42] Compressing: D:\RaynzPitStop\build\..\backend\dist\RaynzPitStop\_internal\api-ms-win-crt-math-l1-1-0.dll
[2026-08-17 08:38:42] Compressing: D:\RaynzPitStop\build\..\backend\dist\RaynzPitStop\_internal\api-ms-win-crt-private-l1-1-0.dll
[2026-08-17 08:38:42] Compressing: D:\RaynzPitStop\build\..\backend\dist\RaynzPitStop\_internal\api-ms-win-crt-process-l1-1-0.dll
[2026-08-17 08:38:42] Compressing: D:\RaynzPitStop\build\..\backend\dist\RaynzPitStop\_internal\api-ms-win-crt-runtime-l1-1-0.dll
[2026-08-17 08:38:42] Compressing: D:\RaynzPitStop\build\..\backend\dist\RaynzPitStop\_internal\api-ms-win-crt-stdio-l1-1-0.dll
[2026-08-17 08:38:42] Compressing: D:\RaynzPitStop\build\..\backend\dist\RaynzPitStop\_internal\api-ms-win-crt-string-l1-1-0.dll
[2026-08-17 08:38:42] Compressing: D:\RaynzPitStop\build\..\backend\dist\RaynzPitStop\_internal\api-ms-win-crt-time-l1-1-0.dll
[2026-08-17 08:38:42] Compressing: D:\RaynzPitStop\build\..\backend\dist\RaynzPitStop\_internal\api-ms-win-crt-utility-l1-1-0.dll
[2026-08-17 08:38:42] Compressing: D:\RaynzPitStop\build\..\backend\dist\RaynzPitStop\_internal\base_library.zip
[2026-08-17 08:38:42] Compressing: D:\RaynzPitStop\build\..\backend\dist\RaynzPitStop\_internal\libcrypto-3.dll
[2026-08-17 08:38:42] Compressing: D:\RaynzPitStop\build\..\backend\dist\RaynzPitStop\_internal\libffi-8.dll
[2026-08-17 08:38:42] Compressing: D:\RaynzPitStop\build\..\backend\dist\RaynzPitStop\_internal\libssl-3.dll
[2026-08-17 08:38:42] Compressing: D:\RaynzPitStop\build\..\backend\dist\RaynzPitStop\_internal\pyexpat.pyd
[2026-08-17 08:38:42] Compressing: D:\RaynzPitStop\build\..\backend\dist\RaynzPitStop\_internal\python3.dll
[2026-08-17 08:38:42] Compressing: D:\RaynzPitStop\build\..\backend\dist\RaynzPitStop\_internal\python314.dll
[2026-08-17 08:38:43] Compressing: D:\RaynzPitStop\build\..\backend\dist\RaynzPitStop\_internal\select.pyd
[2026-08-17 08:38:43] Compressing: D:\RaynzPitStop\build\..\backend\dist\RaynzPitStop\_internal\sqlite3.dll
[2026-08-17 08:38:43] Compressing: D:\RaynzPitStop\build\..\backend\dist\RaynzPitStop\_internal\tcl86t.dll
[2026-08-17 08:38:44] Compressing: D:\RaynzPitStop\build\..\backend\dist\RaynzPitStop\_internal\tk86t.dll
[2026-08-17 08:38:44] Compressing: D:\RaynzPitStop\build\..\backend\dist\RaynzPitStop\_internal\ucrtbase.dll
[2026-08-17 08:38:44] Compressing: D:\RaynzPitStop\build\..\backend\dist\RaynzPitStop\_internal\unicodedata.pyd
[2026-08-17 08:38:44] Compressing: D:\RaynzPitStop\build\..\backend\dist\RaynzPitStop\_internal\VCRUNTIME140.dll
[2026-08-17 08:38:44] Compressing: D:\RaynzPitStop\build\..\backend\dist\RaynzPitStop\_internal\VCRUNTIME140_1.dll
[2026-08-17 08:38:44] Compressing: D:\RaynzPitStop\build\..\backend\dist\RaynzPitStop\_internal\version.json
[2026-08-17 08:38:44] Compressing: D:\RaynzPitStop\build\..\backend\dist\RaynzPitStop\_internal\winsound.pyd
[2026-08-17 08:38:44] Compressing: D:\RaynzPitStop\build\..\backend\dist\RaynzPitStop\_internal\zlib1.dll
[2026-08-17 08:38:44] Compressing: D:\RaynzPitStop\build\..\backend\dist\RaynzPitStop\_internal\_asyncio.pyd
[2026-08-17 08:38:44] Compressing: D:\RaynzPitStop\build\..\backend\dist\RaynzPitStop\_internal\_bz2.pyd
[2026-08-17 08:38:44] Compressing: D:\RaynzPitStop\build\..\backend\dist\RaynzPitStop\_internal\_cffi_backend.cp314-win_amd64.pyd
[2026-08-17 08:38:44] Compressing: D:\RaynzPitStop\build\..\backend\dist\RaynzPitStop\_internal\_ctypes.pyd
[2026-08-17 08:38:44] Compressing: D:\RaynzPitStop\build\..\backend\dist\RaynzPitStop\_internal\_decimal.pyd
[2026-08-17 08:38:44] Compressing: D:\RaynzPitStop\build\..\backend\dist\RaynzPitStop\_internal\_elementtree.pyd
[2026-08-17 08:38:44] Compressing: D:\RaynzPitStop\build\..\backend\dist\RaynzPitStop\_internal\_hashlib.pyd
[2026-08-17 08:38:44] Compressing: D:\RaynzPitStop\build\..\backend\dist\RaynzPitStop\_internal\_lzma.pyd
[2026-08-17 08:38:44] Compressing: D:\RaynzPitStop\build\..\backend\dist\RaynzPitStop\_internal\_multiprocessing.pyd
[2026-08-17 08:38:44] Compressing: D:\RaynzPitStop\build\..\backend\dist\RaynzPitStop\_internal\_overlapped.pyd
[2026-08-17 08:38:44] Compressing: D:\RaynzPitStop\build\..\backend\dist\RaynzPitStop\_internal\_queue.pyd
[2026-08-17 08:38:44] Compressing: D:\RaynzPitStop\build\..\backend\dist\RaynzPitStop\_internal\_socket.pyd
[2026-08-17 08:38:44] Compressing: D:\RaynzPitStop\build\..\backend\dist\RaynzPitStop\_internal\_sqlite3.pyd
[2026-08-17 08:38:44] Compressing: D:\RaynzPitStop\build\..\backend\dist\RaynzPitStop\_internal\_ssl.pyd
[2026-08-17 08:38:44] Compressing: D:\RaynzPitStop\build\..\backend\dist\RaynzPitStop\_internal\_tkinter.pyd
[2026-08-17 08:38:44] Compressing: D:\RaynzPitStop\build\..\backend\dist\RaynzPitStop\_internal\_uuid.pyd
[2026-08-17 08:38:44] Compressing: D:\RaynzPitStop\build\..\backend\dist\RaynzPitStop\_internal\_wmi.pyd
[2026-08-17 08:38:44] Compressing: D:\RaynzPitStop\build\..\backend\dist\RaynzPitStop\_internal\_zoneinfo.pyd
[2026-08-17 08:38:44] Compressing: D:\RaynzPitStop\build\..\backend\dist\RaynzPitStop\_internal\_zstd.pyd
[2026-08-17 08:38:44] Compressing: D:\RaynzPitStop\build\..\backend\dist\RaynzPitStop\_internal\api\ai_engine.py
[2026-08-17 08:38:44] Compressing: D:\RaynzPitStop\build\..\backend\dist\RaynzPitStop\_internal\api\analytics.py
[2026-08-17 08:38:44] Compressing: D:\RaynzPitStop\build\..\backend\dist\RaynzPitStop\_internal\api\campaign_assets.py
[2026-08-17 08:38:44] Compressing: D:\RaynzPitStop\build\..\backend\dist\RaynzPitStop\_internal\api\campaign_execution.py
[2026-08-17 08:38:44] Compressing: D:\RaynzPitStop\build\..\backend\dist\RaynzPitStop\_internal\api\campaign_queue.py
[2026-08-17 08:38:44] Compressing: D:\RaynzPitStop\build\..\backend\dist\RaynzPitStop\_internal\api\campaign_review.py
[2026-08-17 08:38:44] Compressing: D:\RaynzPitStop\build\..\backend\dist\RaynzPitStop\_internal\api\campaign_scan.py
[2026-08-17 08:38:44] Compressing: D:\RaynzPitStop\build\..\backend\dist\RaynzPitStop\_internal\api\channels.py
[2026-08-17 08:38:44] Compressing: D:\RaynzPitStop\build\..\backend\dist\RaynzPitStop\_internal\api\dashboard.py
[2026-08-17 08:38:44] Compressing: D:\RaynzPitStop\build\..\backend\dist\RaynzPitStop\_internal\api\history.py
[2026-08-17 08:38:44] Compressing: D:\RaynzPitStop\build\..\backend\dist\RaynzPitStop\_internal\api\import_api.py
[2026-08-17 08:38:44] Compressing: D:\RaynzPitStop\build\..\backend\dist\RaynzPitStop\_internal\api\license.py
[2026-08-17 08:38:44] Compressing: D:\RaynzPitStop\build\..\backend\dist\RaynzPitStop\_internal\api\media.py
[2026-08-17 08:38:44] Compressing: D:\RaynzPitStop\build\..\backend\dist\RaynzPitStop\_internal\api\profiles.py
[2026-08-17 08:38:44] Compressing: D:\RaynzPitStop\build\..\backend\dist\RaynzPitStop\_internal\api\queue_router.py
[2026-08-17 08:38:44] Compressing: D:\RaynzPitStop\build\..\backend\dist\RaynzPitStop\_internal\api\settings.py
[2026-08-17 08:38:44] Compressing: D:\RaynzPitStop\build\..\backend\dist\RaynzPitStop\_internal\api\system.py
[2026-08-17 08:38:44] Compressing: D:\RaynzPitStop\build\..\backend\dist\RaynzPitStop\_internal\api\upload_api.py
[2026-08-17 08:38:44] Compressing: D:\RaynzPitStop\build\..\backend\dist\RaynzPitStop\_internal\api\upload_engine.py
[2026-08-17 08:38:44] Compressing: D:\RaynzPitStop\build\..\backend\dist\RaynzPitStop\_internal\api\watch_folder.py
[2026-08-17 08:38:44] Compressing: D:\RaynzPitStop\build\..\backend\dist\RaynzPitStop\_internal\api\__init__.py
[2026-08-17 08:38:44] Compressing: D:\RaynzPitStop\build\..\backend\dist\RaynzPitStop\_internal\api\controllers\oauth_controller.py
[2026-08-17 08:38:44] Compressing: D:\RaynzPitStop\build\..\backend\dist\RaynzPitStop\_internal\api\controllers\__init__.py
[2026-08-17 08:38:44] Compressing: D:\RaynzPitStop\build\..\backend\dist\RaynzPitStop\_internal\api\controllers\__pycache__\oauth_controller.cpython-314.pyc
[2026-08-17 08:38:44] Compressing: D:\RaynzPitStop\build\..\backend\dist\RaynzPitStop\_internal\api\controllers\__pycache__\__init__.cpython-314.pyc
[2026-08-17 08:38:44] Compressing: D:\RaynzPitStop\build\..\backend\dist\RaynzPitStop\_internal\api\controllers\__pycache__\__init__.py
[2026-08-17 08:38:44] Compressing: D:\RaynzPitStop\build\..\backend\dist\RaynzPitStop\_internal\api\routers\oauth_router.py
[2026-08-17 08:38:44] Compressing: D:\RaynzPitStop\build\..\backend\dist\RaynzPitStop\_internal\api\routers\__init__.py
[2026-08-17 08:38:44] Compressing: D:\RaynzPitStop\build\..\backend\dist\RaynzPitStop\_internal\api\routers\__pycache__\oauth_router.cpython-314.pyc
[2026-08-17 08:38:44] Compressing: D:\RaynzPitStop\build\..\backend\dist\RaynzPitStop\_internal\api\routers\__pycache__\__init__.cpython-314.pyc
[2026-08-17 08:38:44] Compressing: D:\RaynzPitStop\build\..\backend\dist\RaynzPitStop\_internal\api\routers\__pycache__\__init__.py
[2026-08-17 08:38:44] Compressing: D:\RaynzPitStop\build\..\backend\dist\RaynzPitStop\_internal\api\schemas\oauth_schema.py
[2026-08-17 08:38:44] Compressing: D:\RaynzPitStop\build\..\backend\dist\RaynzPitStop\_internal\api\schemas\__init__.py
[2026-08-17 08:38:44] Compressing: D:\RaynzPitStop\build\..\backend\dist\RaynzPitStop\_internal\api\schemas\__pycache__\oauth_schema.cpython-314.pyc
[2026-08-17 08:38:44] Compressing: D:\RaynzPitStop\build\..\backend\dist\RaynzPitStop\_internal\api\schemas\__pycache__\__init__.cpython-314.pyc
[2026-08-17 08:38:44] Compressing: D:\RaynzPitStop\build\..\backend\dist\RaynzPitStop\_internal\api\schemas\__pycache__\__init__.py
[2026-08-17 08:38:44] Compressing: D:\RaynzPitStop\build\..\backend\dist\RaynzPitStop\_internal\api\__pycache__\accounts.cpython-314.pyc
[2026-08-17 08:38:44] Compressing: D:\RaynzPitStop\build\..\backend\dist\RaynzPitStop\_internal\api\__pycache__\ai_engine.cpython-314.pyc
[2026-08-17 08:38:44] Compressing: D:\RaynzPitStop\build\..\backend\dist\RaynzPitStop\_internal\api\__pycache__\analytics.cpython-314.pyc
[2026-08-17 08:38:44] Compressing: D:\RaynzPitStop\build\..\backend\dist\RaynzPitStop\_internal\api\__pycache__\campaign_assets.cpython-314.pyc
[2026-08-17 08:38:44] Compressing: D:\RaynzPitStop\build\..\backend\dist\RaynzPitStop\_internal\api\__pycache__\campaign_execution.cpython-314.pyc
[2026-08-17 08:38:44] Compressing: D:\RaynzPitStop\build\..\backend\dist\RaynzPitStop\_internal\api\__pycache__\campaign_queue.cpython-314.pyc
[2026-08-17 08:38:44] Compressing: D:\RaynzPitStop\build\..\backend\dist\RaynzPitStop\_internal\api\__pycache__\campaign_review.cpython-314.pyc
[2026-08-17 08:38:44] Compressing: D:\RaynzPitStop\build\..\backend\dist\RaynzPitStop\_internal\api\__pycache__\campaign_scan.cpython-314.pyc
[2026-08-17 08:38:44] Compressing: D:\RaynzPitStop\build\..\backend\dist\RaynzPitStop\_internal\api\__pycache__\channels.cpython-314.pyc
[2026-08-17 08:38:44] Compressing: D:\RaynzPitStop\build\..\backend\dist\RaynzPitStop\_internal\api\__pycache__\dashboard.cpython-314.pyc
[2026-08-17 08:38:44] Compressing: D:\RaynzPitStop\build\..\backend\dist\RaynzPitStop\_internal\api\__pycache__\history.cpython-314.pyc
[2026-08-17 08:38:44] Compressing: D:\RaynzPitStop\build\..\backend\dist\RaynzPitStop\_internal\api\__pycache__\import_api.cpython-314.pyc
[2026-08-17 08:38:44] Compressing: D:\RaynzPitStop\build\..\backend\dist\RaynzPitStop\_internal\api\__pycache__\license.cpython-314.pyc
[2026-08-17 08:38:44] Compressing: D:\RaynzPitStop\build\..\backend\dist\RaynzPitStop\_internal\api\__pycache__\media.cpython-314.pyc
[2026-08-17 08:38:44] Compressing: D:\RaynzPitStop\build\..\backend\dist\RaynzPitStop\_internal\api\__pycache__\operations.cpython-314.pyc
[2026-08-17 08:38:44] Compressing: D:\RaynzPitStop\build\..\backend\dist\RaynzPitStop\_internal\api\__pycache__\profiles.cpython-314.pyc
[2026-08-17 08:38:44] Compressing: D:\RaynzPitStop\build\..\backend\dist\RaynzPitStop\_internal\api\__pycache__\queue.cpython-314.pyc
[2026-08-17 08:38:44] Compressing: D:\RaynzPitStop\build\..\backend\dist\RaynzPitStop\_internal\api\__pycache__\queue_router.cpython-314.pyc
[2026-08-17 08:38:44] Compressing: D:\RaynzPitStop\build\..\backend\dist\RaynzPitStop\_internal\api\__pycache__\settings.cpython-314.pyc
[2026-08-17 08:38:44] Compressing: D:\RaynzPitStop\build\..\backend\dist\RaynzPitStop\_internal\api\__pycache__\system.cpython-314.pyc
[2026-08-17 08:38:44] Compressing: D:\RaynzPitStop\build\..\backend\dist\RaynzPitStop\_internal\api\__pycache__\upload_engine.cpython-314.pyc
[2026-08-17 08:38:44] Compressing: D:\RaynzPitStop\build\..\backend\dist\RaynzPitStop\_internal\api\__pycache__\watch_folder.cpython-314.pyc
[2026-08-17 08:38:44] Compressing: D:\RaynzPitStop\build\..\backend\dist\RaynzPitStop\_internal\api\__pycache__\__init__.cpython-314.pyc
[2026-08-17 08:38:44] Compressing: D:\RaynzPitStop\build\..\backend\dist\RaynzPitStop\_internal\api\__pycache__\__init__.py
[2026-08-17 08:38:44] Compressing: D:\RaynzPitStop\build\..\backend\dist\RaynzPitStop\_internal\asyncpg\pgproto\pgproto.cp314-win_amd64.pyd
[2026-08-17 08:38:44] Compressing: D:\RaynzPitStop\build\..\backend\dist\RaynzPitStop\_internal\asyncpg\protocol\protocol.cp314-win_amd64.pyd
[2026-08-17 08:38:45] Compressing: D:\RaynzPitStop\build\..\backend\dist\RaynzPitStop\_internal\asyncpg\protocol\record.cp314-win_amd64.pyd
[2026-08-17 08:38:45] Compressing: D:\RaynzPitStop\build\..\backend\dist\RaynzPitStop\_internal\attrs-26.1.0.dist-info\INSTALLER
[2026-08-17 08:38:45] Compressing: D:\RaynzPitStop\build\..\backend\dist\RaynzPitStop\_internal\attrs-26.1.0.dist-info\METADATA
[2026-08-17 08:38:45] Compressing: D:\RaynzPitStop\build\..\backend\dist\RaynzPitStop\_internal\attrs-26.1.0.dist-info\RECORD
[2026-08-17 08:38:45] Compressing: D:\RaynzPitStop\build\..\backend\dist\RaynzPitStop\_internal\attrs-26.1.0.dist-info\WHEEL
[2026-08-17 08:38:45] Compressing: D:\RaynzPitStop\build\..\backend\dist\RaynzPitStop\_internal\attrs-26.1.0.dist-info\licenses\LICENSE
[2026-08-17 08:38:45] Compressing: D:\RaynzPitStop\build\..\backend\dist\RaynzPitStop\_internal\bcrypt\_bcrypt.pyd
[2026-08-17 08:38:45] Compressing: D:\RaynzPitStop\build\..\backend\dist\RaynzPitStop\_internal\certifi\cacert.pem
[2026-08-17 08:38:45] Compressing: D:\RaynzPitStop\build\..\backend\dist\RaynzPitStop\_internal\certifi\py.typed
[2026-08-17 08:38:45] Compressing: D:\RaynzPitStop\build\..\backend\dist\RaynzPitStop\_internal\charset_normalizer\cd.cp314-win_amd64.pyd
[2026-08-17 08:38:45] Compressing: D:\RaynzPitStop\build\..\backend\dist\RaynzPitStop\_internal\charset_normalizer\md.cp314-win_amd64.pyd
[2026-08-17 08:38:45] Compressing: D:\RaynzPitStop\build\..\backend\dist\RaynzPitStop\_internal\click-8.3.2.dist-info\INSTALLER
[2026-08-17 08:38:45] Compressing: D:\RaynzPitStop\build\..\backend\dist\RaynzPitStop\_internal\click-8.3.2.dist-info\METADATA
[2026-08-17 08:38:45] Compressing: D:\RaynzPitStop\build\..\backend\dist\RaynzPitStop\_internal\click-8.3.2.dist-info\RECORD
[2026-08-17 08:38:45] Compressing: D:\RaynzPitStop\build\..\backend\dist\RaynzPitStop\_internal\click-8.3.2.dist-info\WHEEL
[2026-08-17 08:38:45] Compressing: D:\RaynzPitStop\build\..\backend\dist\RaynzPitStop\_internal\click-8.3.2.dist-info\licenses\LICENSE.txt
[2026-08-17 08:38:45] Compressing: D:\RaynzPitStop\build\..\backend\dist\RaynzPitStop\_internal\clr_loader\ffi\dlls\amd64\ClrLoader.dll
[2026-08-17 08:38:45] Compressing: D:\RaynzPitStop\build\..\backend\dist\RaynzPitStop\_internal\clr_loader\ffi\dlls\x86\ClrLoader.dll
[2026-08-17 08:38:45] Compressing: D:\RaynzPitStop\build\..\backend\dist\RaynzPitStop\_internal\cryptography\hazmat\bindings\_rust.pyd
[2026-08-17 08:38:45] Compressing: D:\RaynzPitStop\build\..\backend\dist\RaynzPitStop\_internal\cryptography-46.0.7.dist-info\INSTALLER
[2026-08-17 08:38:45] Compressing: D:\RaynzPitStop\build\..\backend\dist\RaynzPitStop\_internal\cryptography-46.0.7.dist-info\METADATA
[2026-08-17 08:38:45] Compressing: D:\RaynzPitStop\build\..\backend\dist\RaynzPitStop\_internal\cryptography-46.0.7.dist-info\RECORD
[2026-08-17 08:38:45] Compressing: D:\RaynzPitStop\build\..\backend\dist\RaynzPitStop\_internal\cryptography-46.0.7.dist-info\WHEEL
[2026-08-17 08:38:45] Compressing: D:\RaynzPitStop\build\..\backend\dist\RaynzPitStop\_internal\cryptography-46.0.7.dist-info\licenses\LICENSE
[2026-08-17 08:38:45] Compressing: D:\RaynzPitStop\build\..\backend\dist\RaynzPitStop\_internal\cryptography-46.0.7.dist-info\licenses\LICENSE.APACHE
[2026-08-17 08:38:45] Compressing: D:\RaynzPitStop\build\..\backend\dist\RaynzPitStop\_internal\cryptography-46.0.7.dist-info\licenses\LICENSE.BSD
[2026-08-17 08:38:45] Compressing: D:\RaynzPitStop\build\..\backend\dist\RaynzPitStop\_internal\database\autouploader.db
[2026-08-17 08:38:45] Compressing: D:\RaynzPitStop\build\..\backend\dist\RaynzPitStop\_internal\database\base.py
[2026-08-17 08:38:45] Compressing: D:\RaynzPitStop\build\..\backend\dist\RaynzPitStop\_internal\database\db.py
[2026-08-17 08:38:45] Compressing: D:\RaynzPitStop\build\..\backend\dist\RaynzPitStop\_internal\database\save_task.py
[2026-08-17 08:38:45] Compressing: D:\RaynzPitStop\build\..\backend\dist\RaynzPitStop\_internal\database\test_connection.py
[2026-08-17 08:38:45] Compressing: D:\RaynzPitStop\build\..\backend\dist\RaynzPitStop\_internal\database\__init__.py
[2026-08-17 08:38:45] Compressing: D:\RaynzPitStop\build\..\backend\dist\RaynzPitStop\_internal\database\__pycache__\base.cpython-314.pyc
[2026-08-17 08:38:45] Compressing: D:\RaynzPitStop\build\..\backend\dist\RaynzPitStop\_internal\database\__pycache__\db.cpython-314.pyc
[2026-08-17 08:38:45] Compressing: D:\RaynzPitStop\build\..\backend\dist\RaynzPitStop\_internal\database\__pycache__\test_connection.cpython-314-pytest-9.1.1.pyc
[2026-08-17 08:38:45] Compressing: D:\RaynzPitStop\build\..\backend\dist\RaynzPitStop\_internal\database\__pycache__\__init__.cpython-314.pyc
[2026-08-17 08:38:45] Compressing: D:\RaynzPitStop\build\..\backend\dist\RaynzPitStop\_internal\email_validator-2.3.0.dist-info\entry_points.txt
[2026-08-17 08:38:45] Compressing: D:\RaynzPitStop\build\..\backend\dist\RaynzPitStop\_internal\email_validator-2.3.0.dist-info\INSTALLER
[2026-08-17 08:38:45] Compressing: D:\RaynzPitStop\build\..\backend\dist\RaynzPitStop\_internal\email_validator-2.3.0.dist-info\METADATA
[2026-08-17 08:38:46] Compressing: D:\RaynzPitStop\build\..\backend\dist\RaynzPitStop\_internal\email_validator-2.3.0.dist-info\RECORD
[2026-08-17 08:38:46] Compressing: D:\RaynzPitStop\build\..\backend\dist\RaynzPitStop\_internal\email_validator-2.3.0.dist-info\REQUESTED
[2026-08-17 08:38:46] Compressing: D:\RaynzPitStop\build\..\backend\dist\RaynzPitStop\_internal\email_validator-2.3.0.dist-info\top_level.txt
[2026-08-17 08:38:46] Compressing: D:\RaynzPitStop\build\..\backend\dist\RaynzPitStop\_internal\email_validator-2.3.0.dist-info\WHEEL
[2026-08-17 08:38:46] Compressing: D:\RaynzPitStop\build\..\backend\dist\RaynzPitStop\_internal\email_validator-2.3.0.dist-info\licenses\LICENSE
[2026-08-17 08:38:46] Compressing: D:\RaynzPitStop\build\..\backend\dist\RaynzPitStop\_internal\fastapi\applications.py
[2026-08-17 08:38:46] Compressing: D:\RaynzPitStop\build\..\backend\dist\RaynzPitStop\_internal\fastapi\background.py
[2026-08-17 08:38:46] Compressing: D:\RaynzPitStop\build\..\backend\dist\RaynzPitStop\_internal\fastapi\cli.py
[2026-08-17 08:38:46] Compressing: D:\RaynzPitStop\build\..\backend\dist\RaynzPitStop\_internal\fastapi\concurrency.py
[2026-08-17 08:38:46] Compressing: D:\RaynzPitStop\build\..\backend\dist\RaynzPitStop\_internal\fastapi\datastructures.py
[2026-08-17 08:38:46] Compressing: D:\RaynzPitStop\build\..\backend\dist\RaynzPitStop\_internal\fastapi\encoders.py
[2026-08-17 08:38:46] Compressing: D:\RaynzPitStop\build\..\backend\dist\RaynzPitStop\_internal\fastapi\exceptions.py
[2026-08-17 08:38:46] Compressing: D:\RaynzPitStop\build\..\backend\dist\RaynzPitStop\_internal\fastapi\exception_handlers.py
[2026-08-17 08:38:46] Compressing: D:\RaynzPitStop\build\..\backend\dist\RaynzPitStop\_internal\fastapi\logger.py
[2026-08-17 08:38:46] Compressing: D:\RaynzPitStop\build\..\backend\dist\RaynzPitStop\_internal\fastapi\params.py
[2026-08-17 08:38:46] Compressing: D:\RaynzPitStop\build\..\backend\dist\RaynzPitStop\_internal\fastapi\param_functions.py
[2026-08-17 08:38:46] Compressing: D:\RaynzPitStop\build\..\backend\dist\RaynzPitStop\_internal\fastapi\py.typed
[2026-08-17 08:38:46] Compressing: D:\RaynzPitStop\build\..\backend\dist\RaynzPitStop\_internal\fastapi\requests.py
[2026-08-17 08:38:46] Compressing: D:\RaynzPitStop\build\..\backend\dist\RaynzPitStop\_internal\fastapi\responses.py
[2026-08-17 08:38:46] Compressing: D:\RaynzPitStop\build\..\backend\dist\RaynzPitStop\_internal\fastapi\routing.py
[2026-08-17 08:38:46] Compressing: D:\RaynzPitStop\build\..\backend\dist\RaynzPitStop\_internal\fastapi\sse.py
[2026-08-17 08:38:46] Compressing: D:\RaynzPitStop\build\..\backend\dist\RaynzPitStop\_internal\fastapi\staticfiles.py
[2026-08-17 08:38:46] Compressing: D:\RaynzPitStop\build\..\backend\dist\RaynzPitStop\_internal\fastapi\templating.py
[2026-08-17 08:38:46] Compressing: D:\RaynzPitStop\build\..\backend\dist\RaynzPitStop\_internal\fastapi\testclient.py
[2026-08-17 08:38:46] Compressing: D:\RaynzPitStop\build\..\backend\dist\RaynzPitStop\_internal\fastapi\types.py
[2026-08-17 08:38:46] Compressing: D:\RaynzPitStop\build\..\backend\dist\RaynzPitStop\_internal\fastapi\utils.py
[2026-08-17 08:38:46] Compressing: D:\RaynzPitStop\build\..\backend\dist\RaynzPitStop\_internal\fastapi\websockets.py
[2026-08-17 08:38:46] Compressing: D:\RaynzPitStop\build\..\backend\dist\RaynzPitStop\_internal\fastapi\__init__.py
[2026-08-17 08:38:46] Compressing: D:\RaynzPitStop\build\..\backend\dist\RaynzPitStop\_internal\fastapi\__main__.py
[2026-08-17 08:38:46] Compressing: D:\RaynzPitStop\build\..\backend\dist\RaynzPitStop\_internal\fastapi\.agents\skills\fastapi\SKILL.md
[2026-08-17 08:38:46] Compressing: D:\RaynzPitStop\build\..\backend\dist\RaynzPitStop\_internal\fastapi\.agents\skills\fastapi\references\dependencies.md
[2026-08-17 08:38:46] Compressing: D:\RaynzPitStop\build\..\backend\dist\RaynzPitStop\_internal\fastapi\.agents\skills\fastapi\references\other-tools.md
[2026-08-17 08:38:46] Compressing: D:\RaynzPitStop\build\..\backend\dist\RaynzPitStop\_internal\fastapi\.agents\skills\fastapi\references\streaming.md
[2026-08-17 08:38:46] Compressing: D:\RaynzPitStop\build\..\backend\dist\RaynzPitStop\_internal\fastapi\dependencies\models.py
[2026-08-17 08:38:46] Compressing: D:\RaynzPitStop\build\..\backend\dist\RaynzPitStop\_internal\fastapi\dependencies\utils.py
[2026-08-17 08:38:46] Compressing: D:\RaynzPitStop\build\..\backend\dist\RaynzPitStop\_internal\fastapi\dependencies\__init__.py
[2026-08-17 08:38:46] Compressing: D:\RaynzPitStop\build\..\backend\dist\RaynzPitStop\_internal\fastapi\middleware\asyncexitstack.py
[2026-08-17 08:38:46] Compressing: D:\RaynzPitStop\build\..\backend\dist\RaynzPitStop\_internal\fastapi\middleware\cors.py
[2026-08-17 08:38:46] Compressing: D:\RaynzPitStop\build\..\backend\dist\RaynzPitStop\_internal\fastapi\middleware\gzip.py
[2026-08-17 08:38:46] Compressing: D:\RaynzPitStop\build\..\backend\dist\RaynzPitStop\_internal\fastapi\middleware\httpsredirect.py
[2026-08-17 08:38:46] Compressing: D:\RaynzPitStop\build\..\backend\dist\RaynzPitStop\_internal\fastapi\middleware\trustedhost.py
[2026-08-17 08:38:46] Compressing: D:\RaynzPitStop\build\..\backend\dist\RaynzPitStop\_internal\fastapi\middleware\wsgi.py
[2026-08-17 08:38:46] Compressing: D:\RaynzPitStop\build\..\backend\dist\RaynzPitStop\_internal\fastapi\middleware\__init__.py
[2026-08-17 08:38:46] Compressing: D:\RaynzPitStop\build\..\backend\dist\RaynzPitStop\_internal\fastapi\openapi\constants.py
[2026-08-17 08:38:46] Compressing: D:\RaynzPitStop\build\..\backend\dist\RaynzPitStop\_internal\fastapi\openapi\docs.py
[2026-08-17 08:38:46] Compressing: D:\RaynzPitStop\build\..\backend\dist\RaynzPitStop\_internal\fastapi\openapi\models.py
[2026-08-17 08:38:46] Compressing: D:\RaynzPitStop\build\..\backend\dist\RaynzPitStop\_internal\fastapi\openapi\utils.py
[2026-08-17 08:38:46] Compressing: D:\RaynzPitStop\build\..\backend\dist\RaynzPitStop\_internal\fastapi\openapi\__init__.py
[2026-08-17 08:38:46] Compressing: D:\RaynzPitStop\build\..\backend\dist\RaynzPitStop\_internal\fastapi\security\api_key.py
[2026-08-17 08:38:46] Compressing: D:\RaynzPitStop\build\..\backend\dist\RaynzPitStop\_internal\fastapi\security\base.py
[2026-08-17 08:38:46] Compressing: D:\RaynzPitStop\build\..\backend\dist\RaynzPitStop\_internal\fastapi\security\http.py
[2026-08-17 08:38:46] Compressing: D:\RaynzPitStop\build\..\backend\dist\RaynzPitStop\_internal\fastapi\security\oauth2.py
[2026-08-17 08:38:46] Compressing: D:\RaynzPitStop\build\..\backend\dist\RaynzPitStop\_internal\fastapi\security\open_id_connect_url.py
[2026-08-17 08:38:46] Compressing: D:\RaynzPitStop\build\..\backend\dist\RaynzPitStop\_internal\fastapi\security\utils.py
[2026-08-17 08:38:46] Compressing: D:\RaynzPitStop\build\..\backend\dist\RaynzPitStop\_internal\fastapi\security\__init__.py
[2026-08-17 08:38:46] Compressing: D:\RaynzPitStop\build\..\backend\dist\RaynzPitStop\_internal\fastapi\_compat\shared.py
[2026-08-17 08:38:46] Compressing: D:\RaynzPitStop\build\..\backend\dist\RaynzPitStop\_internal\fastapi\_compat\v2.py
[2026-08-17 08:38:46] Compressing: D:\RaynzPitStop\build\..\backend\dist\RaynzPitStop\_internal\fastapi\_compat\__init__.py
[2026-08-17 08:38:46] Compressing: D:\RaynzPitStop\build\..\backend\dist\RaynzPitStop\_internal\fastapi-0.136.3.dist-info\entry_points.txt
[2026-08-17 08:38:46] Compressing: D:\RaynzPitStop\build\..\backend\dist\RaynzPitStop\_internal\fastapi-0.136.3.dist-info\INSTALLER
[2026-08-17 08:38:46] Compressing: D:\RaynzPitStop\build\..\backend\dist\RaynzPitStop\_internal\fastapi-0.136.3.dist-info\METADATA
[2026-08-17 08:38:46] Compressing: D:\RaynzPitStop\build\..\backend\dist\RaynzPitStop\_internal\fastapi-0.136.3.dist-info\RECORD
[2026-08-17 08:38:46] Compressing: D:\RaynzPitStop\build\..\backend\dist\RaynzPitStop\_internal\fastapi-0.136.3.dist-info\REQUESTED
[2026-08-17 08:38:46] Compressing: D:\RaynzPitStop\build\..\backend\dist\RaynzPitStop\_internal\fastapi-0.136.3.dist-info\WHEEL
[2026-08-17 08:38:46] Compressing: D:\RaynzPitStop\build\..\backend\dist\RaynzPitStop\_internal\fastapi-0.136.3.dist-info\licenses\LICENSE
[2026-08-17 08:38:46] Compressing: D:\RaynzPitStop\build\..\backend\dist\RaynzPitStop\_internal\frontend_dist\favicon.png
[2026-08-17 08:38:46] Compressing: D:\RaynzPitStop\build\..\backend\dist\RaynzPitStop\_internal\frontend_dist\favicon.svg
[2026-08-17 08:38:46] Compressing: D:\RaynzPitStop\build\..\backend\dist\RaynzPitStop\_internal\frontend_dist\icons.svg
[2026-08-17 08:38:46] Compressing: D:\RaynzPitStop\build\..\backend\dist\RaynzPitStop\_internal\frontend_dist\index.html
[2026-08-17 08:38:46] Compressing: D:\RaynzPitStop\build\..\backend\dist\RaynzPitStop\_internal\frontend_dist\logo.png
[2026-08-17 08:38:46] Compressing: D:\RaynzPitStop\build\..\backend\dist\RaynzPitStop\_internal\frontend_dist\assets\index-C7ttnQZg.js
[2026-08-17 08:38:47] Compressing: D:\RaynzPitStop\build\..\backend\dist\RaynzPitStop\_internal\frontend_dist\assets\index-DnAtM1nq.css
[2026-08-17 08:38:47] Compressing: D:\RaynzPitStop\build\..\backend\dist\RaynzPitStop\_internal\google_api_core-2.25.2.dist-info\INSTALLER
[2026-08-17 08:38:47] Compressing: D:\RaynzPitStop\build\..\backend\dist\RaynzPitStop\_internal\google_api_core-2.25.2.dist-info\METADATA
[2026-08-17 08:38:47] Compressing: D:\RaynzPitStop\build\..\backend\dist\RaynzPitStop\_internal\google_api_core-2.25.2.dist-info\RECORD
[2026-08-17 08:38:47] Compressing: D:\RaynzPitStop\build\..\backend\dist\RaynzPitStop\_internal\google_api_core-2.25.2.dist-info\top_level.txt
[2026-08-17 08:38:47] Compressing: D:\RaynzPitStop\build\..\backend\dist\RaynzPitStop\_internal\google_api_core-2.25.2.dist-info\WHEEL
[2026-08-17 08:38:47] Compressing: D:\RaynzPitStop\build\..\backend\dist\RaynzPitStop\_internal\google_api_core-2.25.2.dist-info\licenses\LICENSE
[2026-08-17 08:38:47] Compressing: D:\RaynzPitStop\build\..\backend\dist\RaynzPitStop\_internal\google_api_python_client-2.194.0.dist-info\INSTALLER
[2026-08-17 08:38:47] Compressing: D:\RaynzPitStop\build\..\backend\dist\RaynzPitStop\_internal\google_api_python_client-2.194.0.dist-info\METADATA
[2026-08-17 08:38:47] Compressing: D:\RaynzPitStop\build\..\backend\dist\RaynzPitStop\_internal\google_api_python_client-2.194.0.dist-info\RECORD
[2026-08-17 08:38:47] Compressing: D:\RaynzPitStop\build\..\backend\dist\RaynzPitStop\_internal\google_api_python_client-2.194.0.dist-info\REQUESTED
[2026-08-17 08:38:47] Compressing: D:\RaynzPitStop\build\..\backend\dist\RaynzPitStop\_internal\google_api_python_client-2.194.0.dist-info\top_level.txt
[2026-08-17 08:38:47] Compressing: D:\RaynzPitStop\build\..\backend\dist\RaynzPitStop\_internal\google_api_python_client-2.194.0.dist-info\WHEEL
[2026-08-17 08:38:47] Compressing: D:\RaynzPitStop\build\..\backend\dist\RaynzPitStop\_internal\google_api_python_client-2.194.0.dist-info\licenses\LICENSE
[2026-08-17 08:38:47] Compressing: D:\RaynzPitStop\build\..\backend\dist\RaynzPitStop\_internal\greenlet\_greenlet.cp314-win_amd64.pyd
[2026-08-17 08:38:47] Compressing: D:\RaynzPitStop\build\..\backend\dist\RaynzPitStop\_internal\h2-4.3.0.dist-info\INSTALLER
[2026-08-17 08:38:47] Compressing: D:\RaynzPitStop\build\..\backend\dist\RaynzPitStop\_internal\h2-4.3.0.dist-info\METADATA
[2026-08-17 08:38:47] Compressing: D:\RaynzPitStop\build\..\backend\dist\RaynzPitStop\_internal\h2-4.3.0.dist-info\RECORD
[2026-08-17 08:38:47] Compressing: D:\RaynzPitStop\build\..\backend\dist\RaynzPitStop\_internal\h2-4.3.0.dist-info\top_level.txt
[2026-08-17 08:38:47] Compressing: D:\RaynzPitStop\build\..\backend\dist\RaynzPitStop\_internal\h2-4.3.0.dist-info\WHEEL
[2026-08-17 08:38:47] Compressing: D:\RaynzPitStop\build\..\backend\dist\RaynzPitStop\_internal\h2-4.3.0.dist-info\licenses\LICENSE
[2026-08-17 08:38:47] Compressing: D:\RaynzPitStop\build\..\backend\dist\RaynzPitStop\_internal\httplib2\cacerts.txt
[2026-08-17 08:38:47] Compressing: D:\RaynzPitStop\build\..\backend\dist\RaynzPitStop\_internal\markupsafe\_speedups.cp314-win_amd64.pyd
[2026-08-17 08:38:47] Compressing: D:\RaynzPitStop\build\..\backend\dist\RaynzPitStop\_internal\markupsafe-3.0.3.dist-info\INSTALLER
[2026-08-17 08:38:47] Compressing: D:\RaynzPitStop\build\..\backend\dist\RaynzPitStop\_internal\markupsafe-3.0.3.dist-info\METADATA
[2026-08-17 08:38:47] Compressing: D:\RaynzPitStop\build\..\backend\dist\RaynzPitStop\_internal\markupsafe-3.0.3.dist-info\RECORD
[2026-08-17 08:38:47] Compressing: D:\RaynzPitStop\build\..\backend\dist\RaynzPitStop\_internal\markupsafe-3.0.3.dist-info\top_level.txt
[2026-08-17 08:38:47] Compressing: D:\RaynzPitStop\build\..\backend\dist\RaynzPitStop\_internal\markupsafe-3.0.3.dist-info\WHEEL
[2026-08-17 08:38:47] Compressing: D:\RaynzPitStop\build\..\backend\dist\RaynzPitStop\_internal\markupsafe-3.0.3.dist-info\licenses\LICENSE.txt
[2026-08-17 08:38:47] Compressing: D:\RaynzPitStop\build\..\backend\dist\RaynzPitStop\_internal\numpy\fft\_pocketfft_umath.cp314-win_amd64.pyd
[2026-08-17 08:38:47] Compressing: D:\RaynzPitStop\build\..\backend\dist\RaynzPitStop\_internal\numpy\linalg\_umath_linalg.cp314-win_amd64.pyd
[2026-08-17 08:38:47] Compressing: D:\RaynzPitStop\build\..\backend\dist\RaynzPitStop\_internal\numpy\random\bit_generator.cp314-win_amd64.pyd
[2026-08-17 08:38:47] Compressing: D:\RaynzPitStop\build\..\backend\dist\RaynzPitStop\_internal\numpy\random\mtrand.cp314-win_amd64.pyd
[2026-08-17 08:38:47] Compressing: D:\RaynzPitStop\build\..\backend\dist\RaynzPitStop\_internal\numpy\random\_bounded_integers.cp314-win_amd64.pyd
[2026-08-17 08:38:47] Compressing: D:\RaynzPitStop\build\..\backend\dist\RaynzPitStop\_internal\numpy\random\_common.cp314-win_amd64.pyd
[2026-08-17 08:38:47] Compressing: D:\RaynzPitStop\build\..\backend\dist\RaynzPitStop\_internal\numpy\random\_generator.cp314-win_amd64.pyd
[2026-08-17 08:38:47] Compressing: D:\RaynzPitStop\build\..\backend\dist\RaynzPitStop\_internal\numpy\random\_mt19937.cp314-win_amd64.pyd
[2026-08-17 08:38:47] Compressing: D:\RaynzPitStop\build\..\backend\dist\RaynzPitStop\_internal\numpy\random\_pcg64.cp314-win_amd64.pyd
[2026-08-17 08:38:47] Compressing: D:\RaynzPitStop\build\..\backend\dist\RaynzPitStop\_internal\numpy\random\_philox.cp314-win_amd64.pyd
[2026-08-17 08:38:47] Compressing: D:\RaynzPitStop\build\..\backend\dist\RaynzPitStop\_internal\numpy\random\_sfc64.cp314-win_amd64.pyd
[2026-08-17 08:38:47] Compressing: D:\RaynzPitStop\build\..\backend\dist\RaynzPitStop\_internal\numpy\_core\_multiarray_tests.cp314-win_amd64.pyd
[2026-08-17 08:38:47] Compressing: D:\RaynzPitStop\build\..\backend\dist\RaynzPitStop\_internal\numpy\_core\_multiarray_umath.cp314-win_amd64.pyd
[2026-08-17 08:38:48] Compressing: D:\RaynzPitStop\build\..\backend\dist\RaynzPitStop\_internal\numpy-2.4.4.dist-info\DELVEWHEEL
[2026-08-17 08:38:48] Compressing: D:\RaynzPitStop\build\..\backend\dist\RaynzPitStop\_internal\numpy-2.4.4.dist-info\entry_points.txt
[2026-08-17 08:38:48] Compressing: D:\RaynzPitStop\build\..\backend\dist\RaynzPitStop\_internal\numpy-2.4.4.dist-info\INSTALLER
[2026-08-17 08:38:48] Compressing: D:\RaynzPitStop\build\..\backend\dist\RaynzPitStop\_internal\numpy-2.4.4.dist-info\METADATA
[2026-08-17 08:38:48] Compressing: D:\RaynzPitStop\build\..\backend\dist\RaynzPitStop\_internal\numpy-2.4.4.dist-info\RECORD
[2026-08-17 08:38:48] Compressing: D:\RaynzPitStop\build\..\backend\dist\RaynzPitStop\_internal\numpy-2.4.4.dist-info\WHEEL
[2026-08-17 08:38:48] Compressing: D:\RaynzPitStop\build\..\backend\dist\RaynzPitStop\_internal\numpy-2.4.4.dist-info\licenses\LICENSE.txt
[2026-08-17 08:38:48] Compressing: D:\RaynzPitStop\build\..\backend\dist\RaynzPitStop\_internal\numpy-2.4.4.dist-info\licenses\numpy\fft\pocketfft\LICENSE.md
[2026-08-17 08:38:48] Compressing: D:\RaynzPitStop\build\..\backend\dist\RaynzPitStop\_internal\numpy-2.4.4.dist-info\licenses\numpy\linalg\lapack_lite\LICENSE.txt
[2026-08-17 08:38:48] Compressing: D:\RaynzPitStop\build\..\backend\dist\RaynzPitStop\_internal\numpy-2.4.4.dist-info\licenses\numpy\ma\LICENSE
[2026-08-17 08:38:48] Compressing: D:\RaynzPitStop\build\..\backend\dist\RaynzPitStop\_internal\numpy-2.4.4.dist-info\licenses\numpy\random\LICENSE.md
[2026-08-17 08:38:48] Compressing: D:\RaynzPitStop\build\..\backend\dist\RaynzPitStop\_internal\numpy-2.4.4.dist-info\licenses\numpy\random\src\distributions\LICENSE.md
[2026-08-17 08:38:48] Compressing: D:\RaynzPitStop\build\..\backend\dist\RaynzPitStop\_internal\numpy-2.4.4.dist-info\licenses\numpy\random\src\mt19937\LICENSE.md
[2026-08-17 08:38:48] Compressing: D:\RaynzPitStop\build\..\backend\dist\RaynzPitStop\_internal\numpy-2.4.4.dist-info\licenses\numpy\random\src\pcg64\LICENSE.md
[2026-08-17 08:38:48] Compressing: D:\RaynzPitStop\build\..\backend\dist\RaynzPitStop\_internal\numpy-2.4.4.dist-info\licenses\numpy\random\src\philox\LICENSE.md
[2026-08-17 08:38:48] Compressing: D:\RaynzPitStop\build\..\backend\dist\RaynzPitStop\_internal\numpy-2.4.4.dist-info\licenses\numpy\random\src\sfc64\LICENSE.md
[2026-08-17 08:38:48] Compressing: D:\RaynzPitStop\build\..\backend\dist\RaynzPitStop\_internal\numpy-2.4.4.dist-info\licenses\numpy\random\src\splitmix64\LICENSE.md
[2026-08-17 08:38:48] Compressing: D:\RaynzPitStop\build\..\backend\dist\RaynzPitStop\_internal\numpy-2.4.4.dist-info\licenses\numpy\_core\include\numpy\libdivide\LICENSE.txt
[2026-08-17 08:38:48] Compressing: D:\RaynzPitStop\build\..\backend\dist\RaynzPitStop\_internal\numpy-2.4.4.dist-info\licenses\numpy\_core\src\common\pythoncapi-compat\COPYING
[2026-08-17 08:38:48] Compressing: D:\RaynzPitStop\build\..\backend\dist\RaynzPitStop\_internal\numpy-2.4.4.dist-info\licenses\numpy\_core\src\highway\LICENSE
[2026-08-17 08:38:48] Compressing: D:\RaynzPitStop\build\..\backend\dist\RaynzPitStop\_internal\numpy-2.4.4.dist-info\licenses\numpy\_core\src\multiarray\dragon4_LICENSE.txt
[2026-08-17 08:38:48] Compressing: D:\RaynzPitStop\build\..\backend\dist\RaynzPitStop\_internal\numpy-2.4.4.dist-info\licenses\numpy\_core\src\npysort\x86-simd-sort\LICENSE.md
[2026-08-17 08:38:48] Compressing: D:\RaynzPitStop\build\..\backend\dist\RaynzPitStop\_internal\numpy-2.4.4.dist-info\licenses\numpy\_core\src\umath\svml\LICENSE
[2026-08-17 08:38:48] Compressing: D:\RaynzPitStop\build\..\backend\dist\RaynzPitStop\_internal\numpy.libs\libscipy_openblas64_-63c857e738469261263c764a36be9436.dll
[2026-08-17 08:38:50] Compressing: D:\RaynzPitStop\build\..\backend\dist\RaynzPitStop\_internal\numpy.libs\msvcp140-a4c2229bdc2a2a630acdc095b4d86008.dll
[2026-08-17 08:38:50] Compressing: D:\RaynzPitStop\build\..\backend\dist\RaynzPitStop\_internal\PIL\_avif.cp314-win_amd64.pyd
[2026-08-17 08:38:51] Compressing: D:\RaynzPitStop\build\..\backend\dist\RaynzPitStop\_internal\PIL\_imaging.cp314-win_amd64.pyd
[2026-08-17 08:38:51] Compressing: D:\RaynzPitStop\build\..\backend\dist\RaynzPitStop\_internal\PIL\_imagingcms.cp314-win_amd64.pyd
[2026-08-17 08:38:51] Compressing: D:\RaynzPitStop\build\..\backend\dist\RaynzPitStop\_internal\PIL\_imagingft.cp314-win_amd64.pyd
[2026-08-17 08:38:51] Compressing: D:\RaynzPitStop\build\..\backend\dist\RaynzPitStop\_internal\PIL\_imagingmath.cp314-win_amd64.pyd
[2026-08-17 08:38:51] Compressing: D:\RaynzPitStop\build\..\backend\dist\RaynzPitStop\_internal\PIL\_imagingtk.cp314-win_amd64.pyd
[2026-08-17 08:38:51] Compressing: D:\RaynzPitStop\build\..\backend\dist\RaynzPitStop\_internal\PIL\_webp.cp314-win_amd64.pyd
[2026-08-17 08:38:51] Compressing: D:\RaynzPitStop\build\..\backend\dist\RaynzPitStop\_internal\playwright\py.typed
[2026-08-17 08:38:51] Compressing: D:\RaynzPitStop\build\..\backend\dist\RaynzPitStop\_internal\playwright\driver\LICENSE
[2026-08-17 08:38:51] Compressing: D:\RaynzPitStop\build\..\backend\dist\RaynzPitStop\_internal\playwright\driver\node.exe
[2026-08-17 08:39:01] Compressing: D:\RaynzPitStop\build\..\backend\dist\RaynzPitStop\_internal\playwright\driver\README.md
[2026-08-17 08:39:01] Compressing: D:\RaynzPitStop\build\..\backend\dist\RaynzPitStop\_internal\playwright\driver\package\api.json
[2026-08-17 08:39:01] Compressing: D:\RaynzPitStop\build\..\backend\dist\RaynzPitStop\_internal\playwright\driver\package\browsers.json
[2026-08-17 08:39:01] Compressing: D:\RaynzPitStop\build\..\backend\dist\RaynzPitStop\_internal\playwright\driver\package\cli.js
[2026-08-17 08:39:01] Compressing: D:\RaynzPitStop\build\..\backend\dist\RaynzPitStop\_internal\playwright\driver\package\index.d.ts
[2026-08-17 08:39:01] Compressing: D:\RaynzPitStop\build\..\backend\dist\RaynzPitStop\_internal\playwright\driver\package\index.js
[2026-08-17 08:39:01] Compressing: D:\RaynzPitStop\build\..\backend\dist\RaynzPitStop\_internal\playwright\driver\package\index.mjs
[2026-08-17 08:39:01] Compressing: D:\RaynzPitStop\build\..\backend\dist\RaynzPitStop\_internal\playwright\driver\package\LICENSE
[2026-08-17 08:39:01] Compressing: D:\RaynzPitStop\build\..\backend\dist\RaynzPitStop\_internal\playwright\driver\package\NOTICE
[2026-08-17 08:39:01] Compressing: D:\RaynzPitStop\build\..\backend\dist\RaynzPitStop\_internal\playwright\driver\package\package.json
[2026-08-17 08:39:01] Compressing: D:\RaynzPitStop\build\..\backend\dist\RaynzPitStop\_internal\playwright\driver\package\protocol.yml
[2026-08-17 08:39:01] Compressing: D:\RaynzPitStop\build\..\backend\dist\RaynzPitStop\_internal\playwright\driver\package\README.md
[2026-08-17 08:39:01] Compressing: D:\RaynzPitStop\build\..\backend\dist\RaynzPitStop\_internal\playwright\driver\package\ThirdPartyNotices.txt
[2026-08-17 08:39:01] Compressing: D:\RaynzPitStop\build\..\backend\dist\RaynzPitStop\_internal\playwright\driver\package\bin\install_media_pack.ps1
[2026-08-17 08:39:01] Compressing: D:\RaynzPitStop\build\..\backend\dist\RaynzPitStop\_internal\playwright\driver\package\bin\install_webkit_wsl.ps1
[2026-08-17 08:39:01] Compressing: D:\RaynzPitStop\build\..\backend\dist\RaynzPitStop\_internal\playwright\driver\package\bin\reinstall_chrome_beta_linux.sh
[2026-08-17 08:39:01] Compressing: D:\RaynzPitStop\build\..\backend\dist\RaynzPitStop\_internal\playwright\driver\package\bin\reinstall_chrome_beta_mac.sh
[2026-08-17 08:39:01] Compressing: D:\RaynzPitStop\build\..\backend\dist\RaynzPitStop\_internal\playwright\driver\package\bin\reinstall_chrome_beta_win.ps1
[2026-08-17 08:39:01] Compressing: D:\RaynzPitStop\build\..\backend\dist\RaynzPitStop\_internal\playwright\driver\package\bin\reinstall_chrome_stable_linux.sh
[2026-08-17 08:39:01] Compressing: D:\RaynzPitStop\build\..\backend\dist\RaynzPitStop\_internal\playwright\driver\package\bin\reinstall_chrome_stable_mac.sh
[2026-08-17 08:39:01] Compressing: D:\RaynzPitStop\build\..\backend\dist\RaynzPitStop\_internal\playwright\driver\package\bin\reinstall_chrome_stable_win.ps1
[2026-08-17 08:39:01] Compressing: D:\RaynzPitStop\build\..\backend\dist\RaynzPitStop\_internal\playwright\driver\package\bin\reinstall_msedge_beta_linux.sh
[2026-08-17 08:39:01] Compressing: D:\RaynzPitStop\build\..\backend\dist\RaynzPitStop\_internal\playwright\driver\package\bin\reinstall_msedge_beta_mac.sh
[2026-08-17 08:39:01] Compressing: D:\RaynzPitStop\build\..\backend\dist\RaynzPitStop\_internal\playwright\driver\package\bin\reinstall_msedge_beta_win.ps1
[2026-08-17 08:39:01] Compressing: D:\RaynzPitStop\build\..\backend\dist\RaynzPitStop\_internal\playwright\driver\package\bin\reinstall_msedge_dev_linux.sh
[2026-08-17 08:39:01] Compressing: D:\RaynzPitStop\build\..\backend\dist\RaynzPitStop\_internal\playwright\driver\package\bin\reinstall_msedge_dev_mac.sh
[2026-08-17 08:39:01] Compressing: D:\RaynzPitStop\build\..\backend\dist\RaynzPitStop\_internal\playwright\driver\package\bin\reinstall_msedge_dev_win.ps1
[2026-08-17 08:39:01] Compressing: D:\RaynzPitStop\build\..\backend\dist\RaynzPitStop\_internal\playwright\driver\package\bin\reinstall_msedge_stable_linux.sh
[2026-08-17 08:39:01] Compressing: D:\RaynzPitStop\build\..\backend\dist\RaynzPitStop\_internal\playwright\driver\package\bin\reinstall_msedge_stable_mac.sh
[2026-08-17 08:39:01] Compressing: D:\RaynzPitStop\build\..\backend\dist\RaynzPitStop\_internal\playwright\driver\package\bin\reinstall_msedge_stable_win.ps1
[2026-08-17 08:39:01] Compressing: D:\RaynzPitStop\build\..\backend\dist\RaynzPitStop\_internal\playwright\driver\package\lib\bootstrap.js
[2026-08-17 08:39:01] Compressing: D:\RaynzPitStop\build\..\backend\dist\RaynzPitStop\_internal\playwright\driver\package\lib\coreBundle.js
[2026-08-17 08:39:02] Compressing: D:\RaynzPitStop\build\..\backend\dist\RaynzPitStop\_internal\playwright\driver\package\lib\package.js
[2026-08-17 08:39:02] Compressing: D:\RaynzPitStop\build\..\backend\dist\RaynzPitStop\_internal\playwright\driver\package\lib\serverRegistry.js
[2026-08-17 08:39:02] Compressing: D:\RaynzPitStop\build\..\backend\dist\RaynzPitStop\_internal\playwright\driver\package\lib\serverRegistry.js.LICENSE
[2026-08-17 08:39:02] Compressing: D:\RaynzPitStop\build\..\backend\dist\RaynzPitStop\_internal\playwright\driver\package\lib\utilsBundle.js
[2026-08-17 08:39:02] Compressing: D:\RaynzPitStop\build\..\backend\dist\RaynzPitStop\_internal\playwright\driver\package\lib\utilsBundle.js.LICENSE
[2026-08-17 08:39:02] Compressing: D:\RaynzPitStop\build\..\backend\dist\RaynzPitStop\_internal\playwright\driver\package\lib\xdg-open
[2026-08-17 08:39:02] Compressing: D:\RaynzPitStop\build\..\backend\dist\RaynzPitStop\_internal\playwright\driver\package\lib\entry\cliDaemon.js
[2026-08-17 08:39:02] Compressing: D:\RaynzPitStop\build\..\backend\dist\RaynzPitStop\_internal\playwright\driver\package\lib\entry\dashboardApp.js
[2026-08-17 08:39:02] Compressing: D:\RaynzPitStop\build\..\backend\dist\RaynzPitStop\_internal\playwright\driver\package\lib\entry\mcp.js
[2026-08-17 08:39:02] Compressing: D:\RaynzPitStop\build\..\backend\dist\RaynzPitStop\_internal\playwright\driver\package\lib\entry\oopBrowserDownload.js
[2026-08-17 08:39:02] Compressing: D:\RaynzPitStop\build\..\backend\dist\RaynzPitStop\_internal\playwright\driver\package\lib\server\deviceDescriptorsSource.json
[2026-08-17 08:39:02] Compressing: D:\RaynzPitStop\build\..\backend\dist\RaynzPitStop\_internal\playwright\driver\package\lib\server\chromium\appIcon.png
[2026-08-17 08:39:02] Compressing: D:\RaynzPitStop\build\..\backend\dist\RaynzPitStop\_internal\playwright\driver\package\lib\server\electron\loader.js
[2026-08-17 08:39:02] Compressing: D:\RaynzPitStop\build\..\backend\dist\RaynzPitStop\_internal\playwright\driver\package\lib\tools\cli-client\channelSessions.js
[2026-08-17 08:39:02] Compressing: D:\RaynzPitStop\build\..\backend\dist\RaynzPitStop\_internal\playwright\driver\package\lib\tools\cli-client\cli.js
[2026-08-17 08:39:02] Compressing: D:\RaynzPitStop\build\..\backend\dist\RaynzPitStop\_internal\playwright\driver\package\lib\tools\cli-client\help.json
[2026-08-17 08:39:02] Compressing: D:\RaynzPitStop\build\..\backend\dist\RaynzPitStop\_internal\playwright\driver\package\lib\tools\cli-client\minimist.js
[2026-08-17 08:39:02] Compressing: D:\RaynzPitStop\build\..\backend\dist\RaynzPitStop\_internal\playwright\driver\package\lib\tools\cli-client\output.js
[2026-08-17 08:39:02] Compressing: D:\RaynzPitStop\build\..\backend\dist\RaynzPitStop\_internal\playwright\driver\package\lib\tools\cli-client\program.js
[2026-08-17 08:39:02] Compressing: D:\RaynzPitStop\build\..\backend\dist\RaynzPitStop\_internal\playwright\driver\package\lib\tools\cli-client\registry.js
[2026-08-17 08:39:02] Compressing: D:\RaynzPitStop\build\..\backend\dist\RaynzPitStop\_internal\playwright\driver\package\lib\tools\cli-client\session.js
[2026-08-17 08:39:02] Compressing: D:\RaynzPitStop\build\..\backend\dist\RaynzPitStop\_internal\playwright\driver\package\lib\tools\cli-client\skill\SKILL.md
[2026-08-17 08:39:02] Compressing: D:\RaynzPitStop\build\..\backend\dist\RaynzPitStop\_internal\playwright\driver\package\lib\tools\cli-client\skill\references\element-attributes.md
[2026-08-17 08:39:02] Compressing: D:\RaynzPitStop\build\..\backend\dist\RaynzPitStop\_internal\playwright\driver\package\lib\tools\cli-client\skill\references\playwright-tests.md
[2026-08-17 08:39:02] Compressing: D:\RaynzPitStop\build\..\backend\dist\RaynzPitStop\_internal\playwright\driver\package\lib\tools\cli-client\skill\references\request-mocking.md
[2026-08-17 08:39:02] Compressing: D:\RaynzPitStop\build\..\backend\dist\RaynzPitStop\_internal\playwright\driver\package\lib\tools\cli-client\skill\references\running-code.md
[2026-08-17 08:39:02] Compressing: D:\RaynzPitStop\build\..\backend\dist\RaynzPitStop\_internal\playwright\driver\package\lib\tools\cli-client\skill\references\session-management.md
[2026-08-17 08:39:02] Compressing: D:\RaynzPitStop\build\..\backend\dist\RaynzPitStop\_internal\playwright\driver\package\lib\tools\cli-client\skill\references\spec-driven-testing.md
[2026-08-17 08:39:02] Compressing: D:\RaynzPitStop\build\..\backend\dist\RaynzPitStop\_internal\playwright\driver\package\lib\tools\cli-client\skill\references\storage-state.md
[2026-08-17 08:39:02] Compressing: D:\RaynzPitStop\build\..\backend\dist\RaynzPitStop\_internal\playwright\driver\package\lib\tools\cli-client\skill\references\test-generation.md
[2026-08-17 08:39:02] Compressing: D:\RaynzPitStop\build\..\backend\dist\RaynzPitStop\_internal\playwright\driver\package\lib\tools\cli-client\skill\references\tracing.md
[2026-08-17 08:39:02] Compressing: D:\RaynzPitStop\build\..\backend\dist\RaynzPitStop\_internal\playwright\driver\package\lib\tools\cli-client\skill\references\video-recording.md
[2026-08-17 08:39:02] Compressing: D:\RaynzPitStop\build\..\backend\dist\RaynzPitStop\_internal\playwright\driver\package\lib\tools\dashboard\appIcon.png
[2026-08-17 08:39:02] Compressing: D:\RaynzPitStop\build\..\backend\dist\RaynzPitStop\_internal\playwright\driver\package\lib\tools\trace\SKILL.md
[2026-08-17 08:39:02] Compressing: D:\RaynzPitStop\build\..\backend\dist\RaynzPitStop\_internal\playwright\driver\package\lib\tools\utils\extension.js
[2026-08-17 08:39:02] Compressing: D:\RaynzPitStop\build\..\backend\dist\RaynzPitStop\_internal\playwright\driver\package\lib\tools\utils\socketConnection.js
[2026-08-17 08:39:02] Compressing: D:\RaynzPitStop\build\..\backend\dist\RaynzPitStop\_internal\playwright\driver\package\lib\vite\dashboard\index.html
[2026-08-17 08:39:02] Compressing: D:\RaynzPitStop\build\..\backend\dist\RaynzPitStop\_internal\playwright\driver\package\lib\vite\dashboard\playwright-logo.svg
[2026-08-17 08:39:02] Compressing: D:\RaynzPitStop\build\..\backend\dist\RaynzPitStop\_internal\playwright\driver\package\lib\vite\dashboard\assets\codicon-DCmgc-ay.ttf
[2026-08-17 08:39:02] Compressing: D:\RaynzPitStop\build\..\backend\dist\RaynzPitStop\_internal\playwright\driver\package\lib\vite\dashboard\assets\firefox-1bWoP6pv.svg
[2026-08-17 08:39:02] Compressing: D:\RaynzPitStop\build\..\backend\dist\RaynzPitStop\_internal\playwright\driver\package\lib\vite\dashboard\assets\firefox-beta-k3eOH_eK.svg
[2026-08-17 08:39:02] Compressing: D:\RaynzPitStop\build\..\backend\dist\RaynzPitStop\_internal\playwright\driver\package\lib\vite\dashboard\assets\firefox-nightly-Cp5nfeDT.svg
[2026-08-17 08:39:02] Compressing: D:\RaynzPitStop\build\..\backend\dist\RaynzPitStop\_internal\playwright\driver\package\lib\vite\dashboard\assets\index-BY2S1tHT.css
[2026-08-17 08:39:02] Compressing: D:\RaynzPitStop\build\..\backend\dist\RaynzPitStop\_internal\playwright\driver\package\lib\vite\dashboard\assets\index-DpEq2p62.js
[2026-08-17 08:39:02] Compressing: D:\RaynzPitStop\build\..\backend\dist\RaynzPitStop\_internal\playwright\driver\package\lib\vite\dashboard\assets\safari-na3_-uQk.svg
[2026-08-17 08:39:02] Compressing: D:\RaynzPitStop\build\..\backend\dist\RaynzPitStop\_internal\playwright\driver\package\lib\vite\htmlReport\index.html
[2026-08-17 08:39:02] Compressing: D:\RaynzPitStop\build\..\backend\dist\RaynzPitStop\_internal\playwright\driver\package\lib\vite\htmlReport\report.css
[2026-08-17 08:39:02] Compressing: D:\RaynzPitStop\build\..\backend\dist\RaynzPitStop\_internal\playwright\driver\package\lib\vite\htmlReport\report.js
[2026-08-17 08:39:02] Compressing: D:\RaynzPitStop\build\..\backend\dist\RaynzPitStop\_internal\playwright\driver\package\lib\vite\recorder\index.html
[2026-08-17 08:39:02] Compressing: D:\RaynzPitStop\build\..\backend\dist\RaynzPitStop\_internal\playwright\driver\package\lib\vite\recorder\playwright-logo.svg
[2026-08-17 08:39:02] Compressing: D:\RaynzPitStop\build\..\backend\dist\RaynzPitStop\_internal\playwright\driver\package\lib\vite\recorder\assets\codeMirrorModule-BHYmBp6h.js
[2026-08-17 08:39:02] Compressing: D:\RaynzPitStop\build\..\backend\dist\RaynzPitStop\_internal\playwright\driver\package\lib\vite\recorder\assets\codeMirrorModule-DYBRYzYX.css
[2026-08-17 08:39:02] Compressing: D:\RaynzPitStop\build\..\backend\dist\RaynzPitStop\_internal\playwright\driver\package\lib\vite\recorder\assets\codicon-DCmgc-ay.ttf
[2026-08-17 08:39:02] Compressing: D:\RaynzPitStop\build\..\backend\dist\RaynzPitStop\_internal\playwright\driver\package\lib\vite\recorder\assets\index-4ZiSSCmn.css
[2026-08-17 08:39:02] Compressing: D:\RaynzPitStop\build\..\backend\dist\RaynzPitStop\_internal\playwright\driver\package\lib\vite\recorder\assets\index-DA10QRaq.js
[2026-08-17 08:39:02] Compressing: D:\RaynzPitStop\build\..\backend\dist\RaynzPitStop\_internal\playwright\driver\package\lib\vite\traceViewer\codeMirrorModule.DYBRYzYX.css
[2026-08-17 08:39:02] Compressing: D:\RaynzPitStop\build\..\backend\dist\RaynzPitStop\_internal\playwright\driver\package\lib\vite\traceViewer\codicon.DCmgc-ay.ttf
[2026-08-17 08:39:02] Compressing: D:\RaynzPitStop\build\..\backend\dist\RaynzPitStop\_internal\playwright\driver\package\lib\vite\traceViewer\defaultSettingsView.BDKsFU3c.css
[2026-08-17 08:39:02] Compressing: D:\RaynzPitStop\build\..\backend\dist\RaynzPitStop\_internal\playwright\driver\package\lib\vite\traceViewer\index.BCnMPevh.js
[2026-08-17 08:39:02] Compressing: D:\RaynzPitStop\build\..\backend\dist\RaynzPitStop\_internal\playwright\driver\package\lib\vite\traceViewer\index.CzXZzn5A.css
[2026-08-17 08:39:02] Compressing: D:\RaynzPitStop\build\..\backend\dist\RaynzPitStop\_internal\playwright\driver\package\lib\vite\traceViewer\index.html
[2026-08-17 08:39:02] Compressing: D:\RaynzPitStop\build\..\backend\dist\RaynzPitStop\_internal\playwright\driver\package\lib\vite\traceViewer\manifest.webmanifest
[2026-08-17 08:39:02] Compressing: D:\RaynzPitStop\build\..\backend\dist\RaynzPitStop\_internal\playwright\driver\package\lib\vite\traceViewer\playwright-logo.svg
[2026-08-17 08:39:02] Compressing: D:\RaynzPitStop\build\..\backend\dist\RaynzPitStop\_internal\playwright\driver\package\lib\vite\traceViewer\snapshot.html
[2026-08-17 08:39:02] Compressing: D:\RaynzPitStop\build\..\backend\dist\RaynzPitStop\_internal\playwright\driver\package\lib\vite\traceViewer\snapshot.v8KI4P3m.js
[2026-08-17 08:39:02] Compressing: D:\RaynzPitStop\build\..\backend\dist\RaynzPitStop\_internal\playwright\driver\package\lib\vite\traceViewer\sw.bundle.js
[2026-08-17 08:39:02] Compressing: D:\RaynzPitStop\build\..\backend\dist\RaynzPitStop\_internal\playwright\driver\package\lib\vite\traceViewer\uiMode.Btcz36p_.css
[2026-08-17 08:39:02] Compressing: D:\RaynzPitStop\build\..\backend\dist\RaynzPitStop\_internal\playwright\driver\package\lib\vite\traceViewer\uiMode.C2Efnu2P.js
[2026-08-17 08:39:02] Compressing: D:\RaynzPitStop\build\..\backend\dist\RaynzPitStop\_internal\playwright\driver\package\lib\vite\traceViewer\uiMode.html
[2026-08-17 08:39:02] Compressing: D:\RaynzPitStop\build\..\backend\dist\RaynzPitStop\_internal\playwright\driver\package\lib\vite\traceViewer\xtermModule.DYP7pi_n.css
[2026-08-17 08:39:02] Compressing: D:\RaynzPitStop\build\..\backend\dist\RaynzPitStop\_internal\playwright\driver\package\lib\vite\traceViewer\assets\codeMirrorModule-Ds_H_9Yq.js
[2026-08-17 08:39:02] Compressing: D:\RaynzPitStop\build\..\backend\dist\RaynzPitStop\_internal\playwright\driver\package\lib\vite\traceViewer\assets\defaultSettingsView-D31xz8zv.js
[2026-08-17 08:39:02] Compressing: D:\RaynzPitStop\build\..\backend\dist\RaynzPitStop\_internal\playwright\driver\package\lib\vite\traceViewer\assets\urlMatch-BYQrIQwR.js
[2026-08-17 08:39:02] Compressing: D:\RaynzPitStop\build\..\backend\dist\RaynzPitStop\_internal\playwright\driver\package\lib\vite\traceViewer\assets\xtermModule-CsJ4vdCR.js
[2026-08-17 08:39:03] Compressing: D:\RaynzPitStop\build\..\backend\dist\RaynzPitStop\_internal\playwright\driver\package\types\protocol.d.ts
[2026-08-17 08:39:03] Compressing: D:\RaynzPitStop\build\..\backend\dist\RaynzPitStop\_internal\playwright\driver\package\types\structs.d.ts
[2026-08-17 08:39:03] Compressing: D:\RaynzPitStop\build\..\backend\dist\RaynzPitStop\_internal\playwright\driver\package\types\types.d.ts
[2026-08-17 08:39:03] Compressing: D:\RaynzPitStop\build\..\backend\dist\RaynzPitStop\_internal\prompts\manager.py
[2026-08-17 08:39:03] Compressing: D:\RaynzPitStop\build\..\backend\dist\RaynzPitStop\_internal\prompts\prompt_registry.json
[2026-08-17 08:39:03] Compressing: D:\RaynzPitStop\build\..\backend\dist\RaynzPitStop\_internal\prompts\__init__.py
[2026-08-17 08:39:03] Compressing: D:\RaynzPitStop\build\..\backend\dist\RaynzPitStop\_internal\prompts\registry\youtube\metadata\music\v1\manifest.json
[2026-08-17 08:39:03] Compressing: D:\RaynzPitStop\build\..\backend\dist\RaynzPitStop\_internal\prompts\registry\youtube\metadata\music\v1\prompt.txt
[2026-08-17 08:39:03] Compressing: D:\RaynzPitStop\build\..\backend\dist\RaynzPitStop\_internal\prompts\registry\youtube\metadata\music\v1\README.md
[2026-08-17 08:39:03] Compressing: D:\RaynzPitStop\build\..\backend\dist\RaynzPitStop\_internal\prompts\registry\youtube\metadata\music\v2\manifest.json
[2026-08-17 08:39:03] Compressing: D:\RaynzPitStop\build\..\backend\dist\RaynzPitStop\_internal\prompts\registry\youtube\metadata\music\v2\prompt.txt
[2026-08-17 08:39:03] Compressing: D:\RaynzPitStop\build\..\backend\dist\RaynzPitStop\_internal\prompts\registry\youtube\metadata\music\v2\README.md
[2026-08-17 08:39:03] Compressing: D:\RaynzPitStop\build\..\backend\dist\RaynzPitStop\_internal\prompts\tests\youtube_metadata_music.json
[2026-08-17 08:39:03] Compressing: D:\RaynzPitStop\build\..\backend\dist\RaynzPitStop\_internal\prompts\youtube\metadata\education.txt
[2026-08-17 08:39:03] Compressing: D:\RaynzPitStop\build\..\backend\dist\RaynzPitStop\_internal\prompts\youtube\metadata\gaming.txt
[2026-08-17 08:39:03] Compressing: D:\RaynzPitStop\build\..\backend\dist\RaynzPitStop\_internal\prompts\youtube\metadata\general.txt
[2026-08-17 08:39:03] Compressing: D:\RaynzPitStop\build\..\backend\dist\RaynzPitStop\_internal\prompts\youtube\metadata\music.txt
[2026-08-17 08:39:03] Compressing: D:\RaynzPitStop\build\..\backend\dist\RaynzPitStop\_internal\prompts\youtube\metadata\podcast.txt
[2026-08-17 08:39:03] Compressing: D:\RaynzPitStop\build\..\backend\dist\RaynzPitStop\_internal\prompts\youtube\metadata\relaxation.txt
[2026-08-17 08:39:03] Compressing: D:\RaynzPitStop\build\..\backend\dist\RaynzPitStop\_internal\prompts\__pycache__\manager.cpython-314.pyc
[2026-08-17 08:39:03] Compressing: D:\RaynzPitStop\build\..\backend\dist\RaynzPitStop\_internal\prompts\__pycache__\__init__.cpython-314.pyc
[2026-08-17 08:39:03] Compressing: D:\RaynzPitStop\build\..\backend\dist\RaynzPitStop\_internal\psutil\_psutil_windows.pyd
[2026-08-17 08:39:03] Compressing: D:\RaynzPitStop\build\..\backend\dist\RaynzPitStop\_internal\psycopg2\_psycopg.cp314-win_amd64.pyd
[2026-08-17 08:39:03] Compressing: D:\RaynzPitStop\build\..\backend\dist\RaynzPitStop\_internal\psycopg2_binary.libs\libcrypto-3-x64-a541aa02e9207ebe82a6024a9b4cbecb.dll
[2026-08-17 08:39:03] Compressing: D:\RaynzPitStop\build\..\backend\dist\RaynzPitStop\_internal\psycopg2_binary.libs\libpq-f42384d3c1939d42a6a0d0621313fd37.dll
[2026-08-17 08:39:03] Compressing: D:\RaynzPitStop\build\..\backend\dist\RaynzPitStop\_internal\psycopg2_binary.libs\libssl-3-x64-2b03928d9b6537a6d961c5bc118ed43e.dll
[2026-08-17 08:39:03] Compressing: D:\RaynzPitStop\build\..\backend\dist\RaynzPitStop\_internal\pydantic\aliases.py
[2026-08-17 08:39:03] Compressing: D:\RaynzPitStop\build\..\backend\dist\RaynzPitStop\_internal\pydantic\alias_generators.py
[2026-08-17 08:39:03] Compressing: D:\RaynzPitStop\build\..\backend\dist\RaynzPitStop\_internal\pydantic\annotated_handlers.py
[2026-08-17 08:39:03] Compressing: D:\RaynzPitStop\build\..\backend\dist\RaynzPitStop\_internal\pydantic\class_validators.py
[2026-08-17 08:39:03] Compressing: D:\RaynzPitStop\build\..\backend\dist\RaynzPitStop\_internal\pydantic\color.py
[2026-08-17 08:39:03] Compressing: D:\RaynzPitStop\build\..\backend\dist\RaynzPitStop\_internal\pydantic\config.py
[2026-08-17 08:39:03] Compressing: D:\RaynzPitStop\build\..\backend\dist\RaynzPitStop\_internal\pydantic\dataclasses.py
[2026-08-17 08:39:03] Compressing: D:\RaynzPitStop\build\..\backend\dist\RaynzPitStop\_internal\pydantic\datetime_parse.py
[2026-08-17 08:39:03] Compressing: D:\RaynzPitStop\build\..\backend\dist\RaynzPitStop\_internal\pydantic\decorator.py
[2026-08-17 08:39:03] Compressing: D:\RaynzPitStop\build\..\backend\dist\RaynzPitStop\_internal\pydantic\env_settings.py
[2026-08-17 08:39:03] Compressing: D:\RaynzPitStop\build\..\backend\dist\RaynzPitStop\_internal\pydantic\errors.py
[2026-08-17 08:39:03] Compressing: D:\RaynzPitStop\build\..\backend\dist\RaynzPitStop\_internal\pydantic\error_wrappers.py
[2026-08-17 08:39:03] Compressing: D:\RaynzPitStop\build\..\backend\dist\RaynzPitStop\_internal\pydantic\fields.py
[2026-08-17 08:39:03] Compressing: D:\RaynzPitStop\build\..\backend\dist\RaynzPitStop\_internal\pydantic\functional_serializers.py
[2026-08-17 08:39:03] Compressing: D:\RaynzPitStop\build\..\backend\dist\RaynzPitStop\_internal\pydantic\functional_validators.py
[2026-08-17 08:39:03] Compressing: D:\RaynzPitStop\build\..\backend\dist\RaynzPitStop\_internal\pydantic\generics.py
[2026-08-17 08:39:03] Compressing: D:\RaynzPitStop\build\..\backend\dist\RaynzPitStop\_internal\pydantic\json.py
[2026-08-17 08:39:03] Compressing: D:\RaynzPitStop\build\..\backend\dist\RaynzPitStop\_internal\pydantic\json_schema.py
[2026-08-17 08:39:03] Compressing: D:\RaynzPitStop\build\..\backend\dist\RaynzPitStop\_internal\pydantic\main.py
[2026-08-17 08:39:03] Compressing: D:\RaynzPitStop\build\..\backend\dist\RaynzPitStop\_internal\pydantic\mypy.py
[2026-08-17 08:39:03] Compressing: D:\RaynzPitStop\build\..\backend\dist\RaynzPitStop\_internal\pydantic\networks.py
[2026-08-17 08:39:03] Compressing: D:\RaynzPitStop\build\..\backend\dist\RaynzPitStop\_internal\pydantic\parse.py
[2026-08-17 08:39:03] Compressing: D:\RaynzPitStop\build\..\backend\dist\RaynzPitStop\_internal\pydantic\py.typed
[2026-08-17 08:39:03] Compressing: D:\RaynzPitStop\build\..\backend\dist\RaynzPitStop\_internal\pydantic\root_model.py
[2026-08-17 08:39:03] Compressing: D:\RaynzPitStop\build\..\backend\dist\RaynzPitStop\_internal\pydantic\schema.py
[2026-08-17 08:39:03] Compressing: D:\RaynzPitStop\build\..\backend\dist\RaynzPitStop\_internal\pydantic\tools.py
[2026-08-17 08:39:03] Compressing: D:\RaynzPitStop\build\..\backend\dist\RaynzPitStop\_internal\pydantic\types.py
[2026-08-17 08:39:03] Compressing: D:\RaynzPitStop\build\..\backend\dist\RaynzPitStop\_internal\pydantic\type_adapter.py
[2026-08-17 08:39:03] Compressing: D:\RaynzPitStop\build\..\backend\dist\RaynzPitStop\_internal\pydantic\typing.py
[2026-08-17 08:39:03] Compressing: D:\RaynzPitStop\build\..\backend\dist\RaynzPitStop\_internal\pydantic\utils.py
[2026-08-17 08:39:03] Compressing: D:\RaynzPitStop\build\..\backend\dist\RaynzPitStop\_internal\pydantic\validate_call_decorator.py
[2026-08-17 08:39:03] Compressing: D:\RaynzPitStop\build\..\backend\dist\RaynzPitStop\_internal\pydantic\validators.py
[2026-08-17 08:39:03] Compressing: D:\RaynzPitStop\build\..\backend\dist\RaynzPitStop\_internal\pydantic\version.py
[2026-08-17 08:39:03] Compressing: D:\RaynzPitStop\build\..\backend\dist\RaynzPitStop\_internal\pydantic\warnings.py
[2026-08-17 08:39:03] Compressing: D:\RaynzPitStop\build\..\backend\dist\RaynzPitStop\_internal\pydantic\_migration.py
[2026-08-17 08:39:03] Compressing: D:\RaynzPitStop\build\..\backend\dist\RaynzPitStop\_internal\pydantic\__init__.py
[2026-08-17 08:39:03] Compressing: D:\RaynzPitStop\build\..\backend\dist\RaynzPitStop\_internal\pydantic\deprecated\class_validators.py
[2026-08-17 08:39:03] Compressing: D:\RaynzPitStop\build\..\backend\dist\RaynzPitStop\_internal\pydantic\deprecated\config.py
[2026-08-17 08:39:03] Compressing: D:\RaynzPitStop\build\..\backend\dist\RaynzPitStop\_internal\pydantic\deprecated\copy_internals.py
[2026-08-17 08:39:03] Compressing: D:\RaynzPitStop\build\..\backend\dist\RaynzPitStop\_internal\pydantic\deprecated\decorator.py
[2026-08-17 08:39:03] Compressing: D:\RaynzPitStop\build\..\backend\dist\RaynzPitStop\_internal\pydantic\deprecated\json.py
[2026-08-17 08:39:03] Compressing: D:\RaynzPitStop\build\..\backend\dist\RaynzPitStop\_internal\pydantic\deprecated\parse.py
[2026-08-17 08:39:03] Compressing: D:\RaynzPitStop\build\..\backend\dist\RaynzPitStop\_internal\pydantic\deprecated\tools.py
[2026-08-17 08:39:03] Compressing: D:\RaynzPitStop\build\..\backend\dist\RaynzPitStop\_internal\pydantic\deprecated\__init__.py
[2026-08-17 08:39:03] Compressing: D:\RaynzPitStop\build\..\backend\dist\RaynzPitStop\_internal\pydantic\experimental\arguments_schema.py
[2026-08-17 08:39:03] Compressing: D:\RaynzPitStop\build\..\backend\dist\RaynzPitStop\_internal\pydantic\experimental\missing_sentinel.py
[2026-08-17 08:39:03] Compressing: D:\RaynzPitStop\build\..\backend\dist\RaynzPitStop\_internal\pydantic\experimental\pipeline.py
[2026-08-17 08:39:03] Compressing: D:\RaynzPitStop\build\..\backend\dist\RaynzPitStop\_internal\pydantic\experimental\__init__.py
[2026-08-17 08:39:03] Compressing: D:\RaynzPitStop\build\..\backend\dist\RaynzPitStop\_internal\pydantic\plugin\_loader.py
[2026-08-17 08:39:03] Compressing: D:\RaynzPitStop\build\..\backend\dist\RaynzPitStop\_internal\pydantic\plugin\_schema_validator.py
[2026-08-17 08:39:03] Compressing: D:\RaynzPitStop\build\..\backend\dist\RaynzPitStop\_internal\pydantic\plugin\__init__.py
[2026-08-17 08:39:03] Compressing: D:\RaynzPitStop\build\..\backend\dist\RaynzPitStop\_internal\pydantic\v1\annotated_types.py
[2026-08-17 08:39:03] Compressing: D:\RaynzPitStop\build\..\backend\dist\RaynzPitStop\_internal\pydantic\v1\class_validators.py
[2026-08-17 08:39:03] Compressing: D:\RaynzPitStop\build\..\backend\dist\RaynzPitStop\_internal\pydantic\v1\color.py
[2026-08-17 08:39:03] Compressing: D:\RaynzPitStop\build\..\backend\dist\RaynzPitStop\_internal\pydantic\v1\config.py
[2026-08-17 08:39:03] Compressing: D:\RaynzPitStop\build\..\backend\dist\RaynzPitStop\_internal\pydantic\v1\dataclasses.py
[2026-08-17 08:39:03] Compressing: D:\RaynzPitStop\build\..\backend\dist\RaynzPitStop\_internal\pydantic\v1\datetime_parse.py
[2026-08-17 08:39:03] Compressing: D:\RaynzPitStop\build\..\backend\dist\RaynzPitStop\_internal\pydantic\v1\decorator.py
[2026-08-17 08:39:03] Compressing: D:\RaynzPitStop\build\..\backend\dist\RaynzPitStop\_internal\pydantic\v1\env_settings.py
[2026-08-17 08:39:03] Compressing: D:\RaynzPitStop\build\..\backend\dist\RaynzPitStop\_internal\pydantic\v1\errors.py
[2026-08-17 08:39:03] Compressing: D:\RaynzPitStop\build\..\backend\dist\RaynzPitStop\_internal\pydantic\v1\error_wrappers.py
[2026-08-17 08:39:03] Compressing: D:\RaynzPitStop\build\..\backend\dist\RaynzPitStop\_internal\pydantic\v1\fields.py
[2026-08-17 08:39:03] Compressing: D:\RaynzPitStop\build\..\backend\dist\RaynzPitStop\_internal\pydantic\v1\generics.py
[2026-08-17 08:39:03] Compressing: D:\RaynzPitStop\build\..\backend\dist\RaynzPitStop\_internal\pydantic\v1\json.py
[2026-08-17 08:39:03] Compressing: D:\RaynzPitStop\build\..\backend\dist\RaynzPitStop\_internal\pydantic\v1\main.py
[2026-08-17 08:39:03] Compressing: D:\RaynzPitStop\build\..\backend\dist\RaynzPitStop\_internal\pydantic\v1\mypy.py
[2026-08-17 08:39:03] Compressing: D:\RaynzPitStop\build\..\backend\dist\RaynzPitStop\_internal\pydantic\v1\networks.py
[2026-08-17 08:39:03] Compressing: D:\RaynzPitStop\build\..\backend\dist\RaynzPitStop\_internal\pydantic\v1\parse.py
[2026-08-17 08:39:03] Compressing: D:\RaynzPitStop\build\..\backend\dist\RaynzPitStop\_internal\pydantic\v1\py.typed
[2026-08-17 08:39:03] Compressing: D:\RaynzPitStop\build\..\backend\dist\RaynzPitStop\_internal\pydantic\v1\schema.py
[2026-08-17 08:39:03] Compressing: D:\RaynzPitStop\build\..\backend\dist\RaynzPitStop\_internal\pydantic\v1\tools.py
[2026-08-17 08:39:03] Compressing: D:\RaynzPitStop\build\..\backend\dist\RaynzPitStop\_internal\pydantic\v1\types.py
[2026-08-17 08:39:03] Compressing: D:\RaynzPitStop\build\..\backend\dist\RaynzPitStop\_internal\pydantic\v1\typing.py
[2026-08-17 08:39:03] Compressing: D:\RaynzPitStop\build\..\backend\dist\RaynzPitStop\_internal\pydantic\v1\utils.py
[2026-08-17 08:39:03] Compressing: D:\RaynzPitStop\build\..\backend\dist\RaynzPitStop\_internal\pydantic\v1\validators.py
[2026-08-17 08:39:03] Compressing: D:\RaynzPitStop\build\..\backend\dist\RaynzPitStop\_internal\pydantic\v1\version.py
[2026-08-17 08:39:03] Compressing: D:\RaynzPitStop\build\..\backend\dist\RaynzPitStop\_internal\pydantic\v1\_hypothesis_plugin.py
[2026-08-17 08:39:03] Compressing: D:\RaynzPitStop\build\..\backend\dist\RaynzPitStop\_internal\pydantic\v1\__init__.py
[2026-08-17 08:39:03] Compressing: D:\RaynzPitStop\build\..\backend\dist\RaynzPitStop\_internal\pydantic\_internal\_config.py
[2026-08-17 08:39:03] Compressing: D:\RaynzPitStop\build\..\backend\dist\RaynzPitStop\_internal\pydantic\_internal\_core_metadata.py
[2026-08-17 08:39:03] Compressing: D:\RaynzPitStop\build\..\backend\dist\RaynzPitStop\_internal\pydantic\_internal\_core_utils.py
[2026-08-17 08:39:03] Compressing: D:\RaynzPitStop\build\..\backend\dist\RaynzPitStop\_internal\pydantic\_internal\_dataclasses.py
[2026-08-17 08:39:03] Compressing: D:\RaynzPitStop\build\..\backend\dist\RaynzPitStop\_internal\pydantic\_internal\_decorators.py
[2026-08-17 08:39:03] Compressing: D:\RaynzPitStop\build\..\backend\dist\RaynzPitStop\_internal\pydantic\_internal\_decorators_v1.py
[2026-08-17 08:39:03] Compressing: D:\RaynzPitStop\build\..\backend\dist\RaynzPitStop\_internal\pydantic\_internal\_discriminated_union.py
[2026-08-17 08:39:03] Compressing: D:\RaynzPitStop\build\..\backend\dist\RaynzPitStop\_internal\pydantic\_internal\_docs_extraction.py
[2026-08-17 08:39:03] Compressing: D:\RaynzPitStop\build\..\backend\dist\RaynzPitStop\_internal\pydantic\_internal\_fields.py
[2026-08-17 08:39:03] Compressing: D:\RaynzPitStop\build\..\backend\dist\RaynzPitStop\_internal\pydantic\_internal\_forward_ref.py
[2026-08-17 08:39:03] Compressing: D:\RaynzPitStop\build\..\backend\dist\RaynzPitStop\_internal\pydantic\_internal\_generate_schema.py
[2026-08-17 08:39:03] Compressing: D:\RaynzPitStop\build\..\backend\dist\RaynzPitStop\_internal\pydantic\_internal\_generics.py
[2026-08-17 08:39:03] Compressing: D:\RaynzPitStop\build\..\backend\dist\RaynzPitStop\_internal\pydantic\_internal\_git.py
[2026-08-17 08:39:03] Compressing: D:\RaynzPitStop\build\..\backend\dist\RaynzPitStop\_internal\pydantic\_internal\_import_utils.py
[2026-08-17 08:39:03] Compressing: D:\RaynzPitStop\build\..\backend\dist\RaynzPitStop\_internal\pydantic\_internal\_internal_dataclass.py
[2026-08-17 08:39:03] Compressing: D:\RaynzPitStop\build\..\backend\dist\RaynzPitStop\_internal\pydantic\_internal\_known_annotated_metadata.py
[2026-08-17 08:39:03] Compressing: D:\RaynzPitStop\build\..\backend\dist\RaynzPitStop\_internal\pydantic\_internal\_mock_val_ser.py
[2026-08-17 08:39:03] Compressing: D:\RaynzPitStop\build\..\backend\dist\RaynzPitStop\_internal\pydantic\_internal\_model_construction.py
[2026-08-17 08:39:03] Compressing: D:\RaynzPitStop\build\..\backend\dist\RaynzPitStop\_internal\pydantic\_internal\_namespace_utils.py
[2026-08-17 08:39:03] Compressing: D:\RaynzPitStop\build\..\backend\dist\RaynzPitStop\_internal\pydantic\_internal\_repr.py
[2026-08-17 08:39:03] Compressing: D:\RaynzPitStop\build\..\backend\dist\RaynzPitStop\_internal\pydantic\_internal\_schema_gather.py
[2026-08-17 08:39:03] Compressing: D:\RaynzPitStop\build\..\backend\dist\RaynzPitStop\_internal\pydantic\_internal\_schema_generation_shared.py
[2026-08-17 08:39:03] Compressing: D:\RaynzPitStop\build\..\backend\dist\RaynzPitStop\_internal\pydantic\_internal\_serializers.py
[2026-08-17 08:39:03] Compressing: D:\RaynzPitStop\build\..\backend\dist\RaynzPitStop\_internal\pydantic\_internal\_signature.py
[2026-08-17 08:39:03] Compressing: D:\RaynzPitStop\build\..\backend\dist\RaynzPitStop\_internal\pydantic\_internal\_typing_extra.py
[2026-08-17 08:39:03] Compressing: D:\RaynzPitStop\build\..\backend\dist\RaynzPitStop\_internal\pydantic\_internal\_utils.py
[2026-08-17 08:39:03] Compressing: D:\RaynzPitStop\build\..\backend\dist\RaynzPitStop\_internal\pydantic\_internal\_validate_call.py
[2026-08-17 08:39:03] Compressing: D:\RaynzPitStop\build\..\backend\dist\RaynzPitStop\_internal\pydantic\_internal\_validators.py
[2026-08-17 08:39:03] Compressing: D:\RaynzPitStop\build\..\backend\dist\RaynzPitStop\_internal\pydantic\_internal\__init__.py
[2026-08-17 08:39:03] Compressing: D:\RaynzPitStop\build\..\backend\dist\RaynzPitStop\_internal\pydantic-2.13.4.dist-info\INSTALLER
[2026-08-17 08:39:03] Compressing: D:\RaynzPitStop\build\..\backend\dist\RaynzPitStop\_internal\pydantic-2.13.4.dist-info\METADATA
[2026-08-17 08:39:03] Compressing: D:\RaynzPitStop\build\..\backend\dist\RaynzPitStop\_internal\pydantic-2.13.4.dist-info\RECORD
[2026-08-17 08:39:03] Compressing: D:\RaynzPitStop\build\..\backend\dist\RaynzPitStop\_internal\pydantic-2.13.4.dist-info\WHEEL
[2026-08-17 08:39:03] Compressing: D:\RaynzPitStop\build\..\backend\dist\RaynzPitStop\_internal\pydantic-2.13.4.dist-info\licenses\LICENSE
[2026-08-17 08:39:03] Compressing: D:\RaynzPitStop\build\..\backend\dist\RaynzPitStop\_internal\pydantic_core\core_schema.py
[2026-08-17 08:39:03] Compressing: D:\RaynzPitStop\build\..\backend\dist\RaynzPitStop\_internal\pydantic_core\py.typed
[2026-08-17 08:39:03] Compressing: D:\RaynzPitStop\build\..\backend\dist\RaynzPitStop\_internal\pydantic_core\_pydantic_core.cp314-win_amd64.pyd
[2026-08-17 08:39:04] Compressing: D:\RaynzPitStop\build\..\backend\dist\RaynzPitStop\_internal\pydantic_core\_pydantic_core.pyi
[2026-08-17 08:39:04] Compressing: D:\RaynzPitStop\build\..\backend\dist\RaynzPitStop\_internal\pydantic_core\__init__.py
[2026-08-17 08:39:04] Compressing: D:\RaynzPitStop\build\..\backend\dist\RaynzPitStop\_internal\pydantic_core-2.46.4.dist-info\INSTALLER
[2026-08-17 08:39:04] Compressing: D:\RaynzPitStop\build\..\backend\dist\RaynzPitStop\_internal\pydantic_core-2.46.4.dist-info\METADATA
[2026-08-17 08:39:04] Compressing: D:\RaynzPitStop\build\..\backend\dist\RaynzPitStop\_internal\pydantic_core-2.46.4.dist-info\RECORD
[2026-08-17 08:39:04] Compressing: D:\RaynzPitStop\build\..\backend\dist\RaynzPitStop\_internal\pydantic_core-2.46.4.dist-info\WHEEL
[2026-08-17 08:39:04] Compressing: D:\RaynzPitStop\build\..\backend\dist\RaynzPitStop\_internal\pydantic_core-2.46.4.dist-info\licenses\LICENSE
[2026-08-17 08:39:04] Compressing: D:\RaynzPitStop\build\..\backend\dist\RaynzPitStop\_internal\pydantic_core-2.46.4.dist-info\sboms\pydantic-core.cyclonedx.json
[2026-08-17 08:39:04] Compressing: D:\RaynzPitStop\build\..\backend\dist\RaynzPitStop\_internal\PyQt5\QtCore.pyd
[2026-08-17 08:39:04] Compressing: D:\RaynzPitStop\build\..\backend\dist\RaynzPitStop\_internal\PyQt5\QtGui.pyd
[2026-08-17 08:39:04] Compressing: D:\RaynzPitStop\build\..\backend\dist\RaynzPitStop\_internal\PyQt5\QtNetwork.pyd
[2026-08-17 08:39:04] Compressing: D:\RaynzPitStop\build\..\backend\dist\RaynzPitStop\_internal\PyQt5\QtWidgets.pyd
[2026-08-17 08:39:05] Compressing: D:\RaynzPitStop\build\..\backend\dist\RaynzPitStop\_internal\PyQt5\sip.cp314-win_amd64.pyd
[2026-08-17 08:39:05] Compressing: D:\RaynzPitStop\build\..\backend\dist\RaynzPitStop\_internal\PyQt5\Qt5\bin\d3dcompiler_47.dll
[2026-08-17 08:39:05] Compressing: D:\RaynzPitStop\build\..\backend\dist\RaynzPitStop\_internal\PyQt5\Qt5\bin\libcrypto-1_1-x64.dll
[2026-08-17 08:39:06] Compressing: D:\RaynzPitStop\build\..\backend\dist\RaynzPitStop\_internal\PyQt5\Qt5\bin\libEGL.dll
[2026-08-17 08:39:06] Compressing: D:\RaynzPitStop\build\..\backend\dist\RaynzPitStop\_internal\PyQt5\Qt5\bin\libGLESv2.dll
[2026-08-17 08:39:06] Compressing: D:\RaynzPitStop\build\..\backend\dist\RaynzPitStop\_internal\PyQt5\Qt5\bin\libssl-1_1-x64.dll
[2026-08-17 08:39:06] Compressing: D:\RaynzPitStop\build\..\backend\dist\RaynzPitStop\_internal\PyQt5\Qt5\bin\MSVCP140.dll
[2026-08-17 08:39:06] Compressing: D:\RaynzPitStop\build\..\backend\dist\RaynzPitStop\_internal\PyQt5\Qt5\bin\MSVCP140_1.dll
[2026-08-17 08:39:06] Compressing: D:\RaynzPitStop\build\..\backend\dist\RaynzPitStop\_internal\PyQt5\Qt5\bin\opengl32sw.dll
[2026-08-17 08:39:09] Compressing: D:\RaynzPitStop\build\..\backend\dist\RaynzPitStop\_internal\PyQt5\Qt5\bin\Qt5Core.dll
[2026-08-17 08:39:09] Compressing: D:\RaynzPitStop\build\..\backend\dist\RaynzPitStop\_internal\PyQt5\Qt5\bin\Qt5DBus.dll
[2026-08-17 08:39:09] Compressing: D:\RaynzPitStop\build\..\backend\dist\RaynzPitStop\_internal\PyQt5\Qt5\bin\Qt5Gui.dll
[2026-08-17 08:39:11] Compressing: D:\RaynzPitStop\build\..\backend\dist\RaynzPitStop\_internal\PyQt5\Qt5\bin\Qt5Network.dll
[2026-08-17 08:39:11] Compressing: D:\RaynzPitStop\build\..\backend\dist\RaynzPitStop\_internal\PyQt5\Qt5\bin\Qt5Qml.dll
[2026-08-17 08:39:11] Compressing: D:\RaynzPitStop\build\..\backend\dist\RaynzPitStop\_internal\PyQt5\Qt5\bin\Qt5QmlModels.dll
[2026-08-17 08:39:11] Compressing: D:\RaynzPitStop\build\..\backend\dist\RaynzPitStop\_internal\PyQt5\Qt5\bin\Qt5Quick.dll
[2026-08-17 08:39:12] Compressing: D:\RaynzPitStop\build\..\backend\dist\RaynzPitStop\_internal\PyQt5\Qt5\bin\Qt5Svg.dll
[2026-08-17 08:39:12] Compressing: D:\RaynzPitStop\build\..\backend\dist\RaynzPitStop\_internal\PyQt5\Qt5\bin\Qt5WebSockets.dll
[2026-08-17 08:39:12] Compressing: D:\RaynzPitStop\build\..\backend\dist\RaynzPitStop\_internal\PyQt5\Qt5\bin\Qt5Widgets.dll
[2026-08-17 08:39:13] Compressing: D:\RaynzPitStop\build\..\backend\dist\RaynzPitStop\_internal\PyQt5\Qt5\bin\VCRUNTIME140.dll
[2026-08-17 08:39:13] Compressing: D:\RaynzPitStop\build\..\backend\dist\RaynzPitStop\_internal\PyQt5\Qt5\bin\VCRUNTIME140_1.dll
[2026-08-17 08:39:13] Compressing: D:\RaynzPitStop\build\..\backend\dist\RaynzPitStop\_internal\PyQt5\Qt5\plugins\bearer\qgenericbearer.dll
[2026-08-17 08:39:13] Compressing: D:\RaynzPitStop\build\..\backend\dist\RaynzPitStop\_internal\PyQt5\Qt5\plugins\generic\qtuiotouchplugin.dll
[2026-08-17 08:39:13] Compressing: D:\RaynzPitStop\build\..\backend\dist\RaynzPitStop\_internal\PyQt5\Qt5\plugins\iconengines\qsvgicon.dll
[2026-08-17 08:39:13] Compressing: D:\RaynzPitStop\build\..\backend\dist\RaynzPitStop\_internal\PyQt5\Qt5\plugins\imageformats\qgif.dll
[2026-08-17 08:39:13] Compressing: D:\RaynzPitStop\build\..\backend\dist\RaynzPitStop\_internal\PyQt5\Qt5\plugins\imageformats\qicns.dll
[2026-08-17 08:39:13] Compressing: D:\RaynzPitStop\build\..\backend\dist\RaynzPitStop\_internal\PyQt5\Qt5\plugins\imageformats\qico.dll
[2026-08-17 08:39:13] Compressing: D:\RaynzPitStop\build\..\backend\dist\RaynzPitStop\_internal\PyQt5\Qt5\plugins\imageformats\qjpeg.dll
[2026-08-17 08:39:13] Compressing: D:\RaynzPitStop\build\..\backend\dist\RaynzPitStop\_internal\PyQt5\Qt5\plugins\imageformats\qsvg.dll
[2026-08-17 08:39:13] Compressing: D:\RaynzPitStop\build\..\backend\dist\RaynzPitStop\_internal\PyQt5\Qt5\plugins\imageformats\qtga.dll
[2026-08-17 08:39:13] Compressing: D:\RaynzPitStop\build\..\backend\dist\RaynzPitStop\_internal\PyQt5\Qt5\plugins\imageformats\qtiff.dll
[2026-08-17 08:39:13] Compressing: D:\RaynzPitStop\build\..\backend\dist\RaynzPitStop\_internal\PyQt5\Qt5\plugins\imageformats\qwbmp.dll
[2026-08-17 08:39:13] Compressing: D:\RaynzPitStop\build\..\backend\dist\RaynzPitStop\_internal\PyQt5\Qt5\plugins\imageformats\qwebp.dll
[2026-08-17 08:39:13] Compressing: D:\RaynzPitStop\build\..\backend\dist\RaynzPitStop\_internal\PyQt5\Qt5\plugins\platforms\qminimal.dll
[2026-08-17 08:39:13] Compressing: D:\RaynzPitStop\build\..\backend\dist\RaynzPitStop\_internal\PyQt5\Qt5\plugins\platforms\qoffscreen.dll
[2026-08-17 08:39:13] Compressing: D:\RaynzPitStop\build\..\backend\dist\RaynzPitStop\_internal\PyQt5\Qt5\plugins\platforms\qwebgl.dll
[2026-08-17 08:39:13] Compressing: D:\RaynzPitStop\build\..\backend\dist\RaynzPitStop\_internal\PyQt5\Qt5\plugins\platforms\qwindows.dll
[2026-08-17 08:39:14] Compressing: D:\RaynzPitStop\build\..\backend\dist\RaynzPitStop\_internal\PyQt5\Qt5\plugins\platformthemes\qxdgdesktopportal.dll
[2026-08-17 08:39:14] Compressing: D:\RaynzPitStop\build\..\backend\dist\RaynzPitStop\_internal\PyQt5\Qt5\plugins\styles\qwindowsvistastyle.dll
[2026-08-17 08:39:14] Compressing: D:\RaynzPitStop\build\..\backend\dist\RaynzPitStop\_internal\PyQt5\Qt5\translations\qtbase_ar.qm
[2026-08-17 08:39:14] Compressing: D:\RaynzPitStop\build\..\backend\dist\RaynzPitStop\_internal\PyQt5\Qt5\translations\qtbase_bg.qm
[2026-08-17 08:39:14] Compressing: D:\RaynzPitStop\build\..\backend\dist\RaynzPitStop\_internal\PyQt5\Qt5\translations\qtbase_ca.qm
[2026-08-17 08:39:14] Compressing: D:\RaynzPitStop\build\..\backend\dist\RaynzPitStop\_internal\PyQt5\Qt5\translations\qtbase_cs.qm
[2026-08-17 08:39:14] Compressing: D:\RaynzPitStop\build\..\backend\dist\RaynzPitStop\_internal\PyQt5\Qt5\translations\qtbase_da.qm
[2026-08-17 08:39:14] Compressing: D:\RaynzPitStop\build\..\backend\dist\RaynzPitStop\_internal\PyQt5\Qt5\translations\qtbase_de.qm
[2026-08-17 08:39:14] Compressing: D:\RaynzPitStop\build\..\backend\dist\RaynzPitStop\_internal\PyQt5\Qt5\translations\qtbase_en.qm
[2026-08-17 08:39:14] Compressing: D:\RaynzPitStop\build\..\backend\dist\RaynzPitStop\_internal\PyQt5\Qt5\translations\qtbase_es.qm
[2026-08-17 08:39:14] Compressing: D:\RaynzPitStop\build\..\backend\dist\RaynzPitStop\_internal\PyQt5\Qt5\translations\qtbase_fi.qm
[2026-08-17 08:39:14] Compressing: D:\RaynzPitStop\build\..\backend\dist\RaynzPitStop\_internal\PyQt5\Qt5\translations\qtbase_fr.qm
[2026-08-17 08:39:14] Compressing: D:\RaynzPitStop\build\..\backend\dist\RaynzPitStop\_internal\PyQt5\Qt5\translations\qtbase_gd.qm
[2026-08-17 08:39:14] Compressing: D:\RaynzPitStop\build\..\backend\dist\RaynzPitStop\_internal\PyQt5\Qt5\translations\qtbase_he.qm
[2026-08-17 08:39:14] Compressing: D:\RaynzPitStop\build\..\backend\dist\RaynzPitStop\_internal\PyQt5\Qt5\translations\qtbase_hu.qm
[2026-08-17 08:39:14] Compressing: D:\RaynzPitStop\build\..\backend\dist\RaynzPitStop\_internal\PyQt5\Qt5\translations\qtbase_it.qm
[2026-08-17 08:39:14] Compressing: D:\RaynzPitStop\build\..\backend\dist\RaynzPitStop\_internal\PyQt5\Qt5\translations\qtbase_ja.qm
[2026-08-17 08:39:14] Compressing: D:\RaynzPitStop\build\..\backend\dist\RaynzPitStop\_internal\PyQt5\Qt5\translations\qtbase_ko.qm
[2026-08-17 08:39:14] Compressing: D:\RaynzPitStop\build\..\backend\dist\RaynzPitStop\_internal\PyQt5\Qt5\translations\qtbase_lv.qm
[2026-08-17 08:39:14] Compressing: D:\RaynzPitStop\build\..\backend\dist\RaynzPitStop\_internal\PyQt5\Qt5\translations\qtbase_pl.qm
[2026-08-17 08:39:14] Compressing: D:\RaynzPitStop\build\..\backend\dist\RaynzPitStop\_internal\PyQt5\Qt5\translations\qtbase_ru.qm
[2026-08-17 08:39:14] Compressing: D:\RaynzPitStop\build\..\backend\dist\RaynzPitStop\_internal\PyQt5\Qt5\translations\qtbase_sk.qm
[2026-08-17 08:39:14] Compressing: D:\RaynzPitStop\build\..\backend\dist\RaynzPitStop\_internal\PyQt5\Qt5\translations\qtbase_tr.qm
[2026-08-17 08:39:14] Compressing: D:\RaynzPitStop\build\..\backend\dist\RaynzPitStop\_internal\PyQt5\Qt5\translations\qtbase_uk.qm
[2026-08-17 08:39:14] Compressing: D:\RaynzPitStop\build\..\backend\dist\RaynzPitStop\_internal\PyQt5\Qt5\translations\qtbase_zh_TW.qm
[2026-08-17 08:39:14] Compressing: D:\RaynzPitStop\build\..\backend\dist\RaynzPitStop\_internal\PyQt5\Qt5\translations\qt_ar.qm
[2026-08-17 08:39:14] Compressing: D:\RaynzPitStop\build\..\backend\dist\RaynzPitStop\_internal\PyQt5\Qt5\translations\qt_bg.qm
[2026-08-17 08:39:14] Compressing: D:\RaynzPitStop\build\..\backend\dist\RaynzPitStop\_internal\PyQt5\Qt5\translations\qt_ca.qm
[2026-08-17 08:39:14] Compressing: D:\RaynzPitStop\build\..\backend\dist\RaynzPitStop\_internal\PyQt5\Qt5\translations\qt_cs.qm
[2026-08-17 08:39:14] Compressing: D:\RaynzPitStop\build\..\backend\dist\RaynzPitStop\_internal\PyQt5\Qt5\translations\qt_da.qm
[2026-08-17 08:39:14] Compressing: D:\RaynzPitStop\build\..\backend\dist\RaynzPitStop\_internal\PyQt5\Qt5\translations\qt_de.qm
[2026-08-17 08:39:14] Compressing: D:\RaynzPitStop\build\..\backend\dist\RaynzPitStop\_internal\PyQt5\Qt5\translations\qt_en.qm
[2026-08-17 08:39:14] Compressing: D:\RaynzPitStop\build\..\backend\dist\RaynzPitStop\_internal\PyQt5\Qt5\translations\qt_es.qm
[2026-08-17 08:39:14] Compressing: D:\RaynzPitStop\build\..\backend\dist\RaynzPitStop\_internal\PyQt5\Qt5\translations\qt_fa.qm
[2026-08-17 08:39:14] Compressing: D:\RaynzPitStop\build\..\backend\dist\RaynzPitStop\_internal\PyQt5\Qt5\translations\qt_fi.qm
[2026-08-17 08:39:14] Compressing: D:\RaynzPitStop\build\..\backend\dist\RaynzPitStop\_internal\PyQt5\Qt5\translations\qt_fr.qm
[2026-08-17 08:39:14] Compressing: D:\RaynzPitStop\build\..\backend\dist\RaynzPitStop\_internal\PyQt5\Qt5\translations\qt_gd.qm
[2026-08-17 08:39:14] Compressing: D:\RaynzPitStop\build\..\backend\dist\RaynzPitStop\_internal\PyQt5\Qt5\translations\qt_gl.qm
[2026-08-17 08:39:14] Compressing: D:\RaynzPitStop\build\..\backend\dist\RaynzPitStop\_internal\PyQt5\Qt5\translations\qt_he.qm
[2026-08-17 08:39:14] Compressing: D:\RaynzPitStop\build\..\backend\dist\RaynzPitStop\_internal\PyQt5\Qt5\translations\qt_help_ar.qm
[2026-08-17 08:39:14] Compressing: D:\RaynzPitStop\build\..\backend\dist\RaynzPitStop\_internal\PyQt5\Qt5\translations\qt_help_bg.qm
[2026-08-17 08:39:14] Compressing: D:\RaynzPitStop\build\..\backend\dist\RaynzPitStop\_internal\PyQt5\Qt5\translations\qt_help_ca.qm
[2026-08-17 08:39:14] Compressing: D:\RaynzPitStop\build\..\backend\dist\RaynzPitStop\_internal\PyQt5\Qt5\translations\qt_help_cs.qm
[2026-08-17 08:39:14] Compressing: D:\RaynzPitStop\build\..\backend\dist\RaynzPitStop\_internal\PyQt5\Qt5\translations\qt_help_da.qm
[2026-08-17 08:39:14] Compressing: D:\RaynzPitStop\build\..\backend\dist\RaynzPitStop\_internal\PyQt5\Qt5\translations\qt_help_de.qm
[2026-08-17 08:39:14] Compressing: D:\RaynzPitStop\build\..\backend\dist\RaynzPitStop\_internal\PyQt5\Qt5\translations\qt_help_en.qm
[2026-08-17 08:39:14] Compressing: D:\RaynzPitStop\build\..\backend\dist\RaynzPitStop\_internal\PyQt5\Qt5\translations\qt_help_es.qm
[2026-08-17 08:39:14] Compressing: D:\RaynzPitStop\build\..\backend\dist\RaynzPitStop\_internal\PyQt5\Qt5\translations\qt_help_fr.qm
[2026-08-17 08:39:14] Compressing: D:\RaynzPitStop\build\..\backend\dist\RaynzPitStop\_internal\PyQt5\Qt5\translations\qt_help_gl.qm
[2026-08-17 08:39:14] Compressing: D:\RaynzPitStop\build\..\backend\dist\RaynzPitStop\_internal\PyQt5\Qt5\translations\qt_help_hu.qm
[2026-08-17 08:39:14] Compressing: D:\RaynzPitStop\build\..\backend\dist\RaynzPitStop\_internal\PyQt5\Qt5\translations\qt_help_it.qm
[2026-08-17 08:39:14] Compressing: D:\RaynzPitStop\build\..\backend\dist\RaynzPitStop\_internal\PyQt5\Qt5\translations\qt_help_ja.qm
[2026-08-17 08:39:14] Compressing: D:\RaynzPitStop\build\..\backend\dist\RaynzPitStop\_internal\PyQt5\Qt5\translations\qt_help_ko.qm
[2026-08-17 08:39:14] Compressing: D:\RaynzPitStop\build\..\backend\dist\RaynzPitStop\_internal\PyQt5\Qt5\translations\qt_help_pl.qm
[2026-08-17 08:39:14] Compressing: D:\RaynzPitStop\build\..\backend\dist\RaynzPitStop\_internal\PyQt5\Qt5\translations\qt_help_ru.qm
[2026-08-17 08:39:14] Compressing: D:\RaynzPitStop\build\..\backend\dist\RaynzPitStop\_internal\PyQt5\Qt5\translations\qt_help_sk.qm
[2026-08-17 08:39:14] Compressing: D:\RaynzPitStop\build\..\backend\dist\RaynzPitStop\_internal\PyQt5\Qt5\translations\qt_help_sl.qm
[2026-08-17 08:39:14] Compressing: D:\RaynzPitStop\build\..\backend\dist\RaynzPitStop\_internal\PyQt5\Qt5\translations\qt_help_tr.qm
[2026-08-17 08:39:14] Compressing: D:\RaynzPitStop\build\..\backend\dist\RaynzPitStop\_internal\PyQt5\Qt5\translations\qt_help_uk.qm
[2026-08-17 08:39:14] Compressing: D:\RaynzPitStop\build\..\backend\dist\RaynzPitStop\_internal\PyQt5\Qt5\translations\qt_help_zh_CN.qm
[2026-08-17 08:39:14] Compressing: D:\RaynzPitStop\build\..\backend\dist\RaynzPitStop\_internal\PyQt5\Qt5\translations\qt_help_zh_TW.qm
[2026-08-17 08:39:14] Compressing: D:\RaynzPitStop\build\..\backend\dist\RaynzPitStop\_internal\PyQt5\Qt5\translations\qt_hu.qm
[2026-08-17 08:39:14] Compressing: D:\RaynzPitStop\build\..\backend\dist\RaynzPitStop\_internal\PyQt5\Qt5\translations\qt_it.qm
[2026-08-17 08:39:14] Compressing: D:\RaynzPitStop\build\..\backend\dist\RaynzPitStop\_internal\PyQt5\Qt5\translations\qt_ja.qm
[2026-08-17 08:39:14] Compressing: D:\RaynzPitStop\build\..\backend\dist\RaynzPitStop\_internal\PyQt5\Qt5\translations\qt_ko.qm
[2026-08-17 08:39:14] Compressing: D:\RaynzPitStop\build\..\backend\dist\RaynzPitStop\_internal\PyQt5\Qt5\translations\qt_lt.qm
[2026-08-17 08:39:14] Compressing: D:\RaynzPitStop\build\..\backend\dist\RaynzPitStop\_internal\PyQt5\Qt5\translations\qt_lv.qm
[2026-08-17 08:39:14] Compressing: D:\RaynzPitStop\build\..\backend\dist\RaynzPitStop\_internal\PyQt5\Qt5\translations\qt_pl.qm
[2026-08-17 08:39:14] Compressing: D:\RaynzPitStop\build\..\backend\dist\RaynzPitStop\_internal\PyQt5\Qt5\translations\qt_pt.qm
[2026-08-17 08:39:14] Compressing: D:\RaynzPitStop\build\..\backend\dist\RaynzPitStop\_internal\PyQt5\Qt5\translations\qt_ru.qm
[2026-08-17 08:39:14] Compressing: D:\RaynzPitStop\build\..\backend\dist\RaynzPitStop\_internal\PyQt5\Qt5\translations\qt_sk.qm
[2026-08-17 08:39:14] Compressing: D:\RaynzPitStop\build\..\backend\dist\RaynzPitStop\_internal\PyQt5\Qt5\translations\qt_sl.qm
[2026-08-17 08:39:14] Compressing: D:\RaynzPitStop\build\..\backend\dist\RaynzPitStop\_internal\PyQt5\Qt5\translations\qt_sv.qm
[2026-08-17 08:39:14] Compressing: D:\RaynzPitStop\build\..\backend\dist\RaynzPitStop\_internal\PyQt5\Qt5\translations\qt_tr.qm
[2026-08-17 08:39:14] Compressing: D:\RaynzPitStop\build\..\backend\dist\RaynzPitStop\_internal\PyQt5\Qt5\translations\qt_uk.qm
[2026-08-17 08:39:14] Compressing: D:\RaynzPitStop\build\..\backend\dist\RaynzPitStop\_internal\PyQt5\Qt5\translations\qt_zh_CN.qm
[2026-08-17 08:39:14] Compressing: D:\RaynzPitStop\build\..\backend\dist\RaynzPitStop\_internal\PyQt5\Qt5\translations\qt_zh_TW.qm
[2026-08-17 08:39:14] Compressing: D:\RaynzPitStop\build\..\backend\dist\RaynzPitStop\_internal\pythonnet\runtime\Microsoft.Win32.Primitives.dll
[2026-08-17 08:39:14] Compressing: D:\RaynzPitStop\build\..\backend\dist\RaynzPitStop\_internal\pythonnet\runtime\netstandard.dll
[2026-08-17 08:39:14] Compressing: D:\RaynzPitStop\build\..\backend\dist\RaynzPitStop\_internal\pythonnet\runtime\Python.Runtime.deps.json
[2026-08-17 08:39:14] Compressing: D:\RaynzPitStop\build\..\backend\dist\RaynzPitStop\_internal\pythonnet\runtime\Python.Runtime.dll
[2026-08-17 08:39:14] Compressing: D:\RaynzPitStop\build\..\backend\dist\RaynzPitStop\_internal\pythonnet\runtime\Python.Runtime.xml
[2026-08-17 08:39:14] Compressing: D:\RaynzPitStop\build\..\backend\dist\RaynzPitStop\_internal\pythonnet\runtime\System.AppContext.dll
[2026-08-17 08:39:14] Compressing: D:\RaynzPitStop\build\..\backend\dist\RaynzPitStop\_internal\pythonnet\runtime\System.Collections.Concurrent.dll
[2026-08-17 08:39:14] Compressing: D:\RaynzPitStop\build\..\backend\dist\RaynzPitStop\_internal\pythonnet\runtime\System.Collections.dll
[2026-08-17 08:39:14] Compressing: D:\RaynzPitStop\build\..\backend\dist\RaynzPitStop\_internal\pythonnet\runtime\System.Collections.NonGeneric.dll
[2026-08-17 08:39:14] Compressing: D:\RaynzPitStop\build\..\backend\dist\RaynzPitStop\_internal\pythonnet\runtime\System.Collections.Specialized.dll
[2026-08-17 08:39:14] Compressing: D:\RaynzPitStop\build\..\backend\dist\RaynzPitStop\_internal\pythonnet\runtime\System.ComponentModel.dll
[2026-08-17 08:39:14] Compressing: D:\RaynzPitStop\build\..\backend\dist\RaynzPitStop\_internal\pythonnet\runtime\System.ComponentModel.EventBasedAsync.dll
[2026-08-17 08:39:14] Compressing: D:\RaynzPitStop\build\..\backend\dist\RaynzPitStop\_internal\pythonnet\runtime\System.ComponentModel.Primitives.dll
[2026-08-17 08:39:14] Compressing: D:\RaynzPitStop\build\..\backend\dist\RaynzPitStop\_internal\pythonnet\runtime\System.ComponentModel.TypeConverter.dll
[2026-08-17 08:39:14] Compressing: D:\RaynzPitStop\build\..\backend\dist\RaynzPitStop\_internal\pythonnet\runtime\System.Console.dll
[2026-08-17 08:39:14] Compressing: D:\RaynzPitStop\build\..\backend\dist\RaynzPitStop\_internal\pythonnet\runtime\System.Data.Common.dll
[2026-08-17 08:39:14] Compressing: D:\RaynzPitStop\build\..\backend\dist\RaynzPitStop\_internal\pythonnet\runtime\System.Diagnostics.Contracts.dll
[2026-08-17 08:39:14] Compressing: D:\RaynzPitStop\build\..\backend\dist\RaynzPitStop\_internal\pythonnet\runtime\System.Diagnostics.Debug.dll
[2026-08-17 08:39:14] Compressing: D:\RaynzPitStop\build\..\backend\dist\RaynzPitStop\_internal\pythonnet\runtime\System.Diagnostics.FileVersionInfo.dll
[2026-08-17 08:39:14] Compressing: D:\RaynzPitStop\build\..\backend\dist\RaynzPitStop\_internal\pythonnet\runtime\System.Diagnostics.Process.dll
[2026-08-17 08:39:14] Compressing: D:\RaynzPitStop\build\..\backend\dist\RaynzPitStop\_internal\pythonnet\runtime\System.Diagnostics.StackTrace.dll
[2026-08-17 08:39:14] Compressing: D:\RaynzPitStop\build\..\backend\dist\RaynzPitStop\_internal\pythonnet\runtime\System.Diagnostics.TextWriterTraceListener.dll
[2026-08-17 08:39:14] Compressing: D:\RaynzPitStop\build\..\backend\dist\RaynzPitStop\_internal\pythonnet\runtime\System.Diagnostics.Tools.dll
[2026-08-17 08:39:14] Compressing: D:\RaynzPitStop\build\..\backend\dist\RaynzPitStop\_internal\pythonnet\runtime\System.Diagnostics.TraceSource.dll
[2026-08-17 08:39:14] Compressing: D:\RaynzPitStop\build\..\backend\dist\RaynzPitStop\_internal\pythonnet\runtime\System.Diagnostics.Tracing.dll
[2026-08-17 08:39:14] Compressing: D:\RaynzPitStop\build\..\backend\dist\RaynzPitStop\_internal\pythonnet\runtime\System.Drawing.Primitives.dll
[2026-08-17 08:39:14] Compressing: D:\RaynzPitStop\build\..\backend\dist\RaynzPitStop\_internal\pythonnet\runtime\System.Dynamic.Runtime.dll
[2026-08-17 08:39:14] Compressing: D:\RaynzPitStop\build\..\backend\dist\RaynzPitStop\_internal\pythonnet\runtime\System.Globalization.Calendars.dll
[2026-08-17 08:39:14] Compressing: D:\RaynzPitStop\build\..\backend\dist\RaynzPitStop\_internal\pythonnet\runtime\System.Globalization.dll
[2026-08-17 08:39:14] Compressing: D:\RaynzPitStop\build\..\backend\dist\RaynzPitStop\_internal\pythonnet\runtime\System.Globalization.Extensions.dll
[2026-08-17 08:39:14] Compressing: D:\RaynzPitStop\build\..\backend\dist\RaynzPitStop\_internal\pythonnet\runtime\System.IO.Compression.dll
[2026-08-17 08:39:14] Compressing: D:\RaynzPitStop\build\..\backend\dist\RaynzPitStop\_internal\pythonnet\runtime\System.IO.Compression.ZipFile.dll
[2026-08-17 08:39:14] Compressing: D:\RaynzPitStop\build\..\backend\dist\RaynzPitStop\_internal\pythonnet\runtime\System.IO.dll
[2026-08-17 08:39:14] Compressing: D:\RaynzPitStop\build\..\backend\dist\RaynzPitStop\_internal\pythonnet\runtime\System.IO.FileSystem.dll
[2026-08-17 08:39:14] Compressing: D:\RaynzPitStop\build\..\backend\dist\RaynzPitStop\_internal\pythonnet\runtime\System.IO.FileSystem.DriveInfo.dll
[2026-08-17 08:39:14] Compressing: D:\RaynzPitStop\build\..\backend\dist\RaynzPitStop\_internal\pythonnet\runtime\System.IO.FileSystem.Primitives.dll
[2026-08-17 08:39:14] Compressing: D:\RaynzPitStop\build\..\backend\dist\RaynzPitStop\_internal\pythonnet\runtime\System.IO.FileSystem.Watcher.dll
[2026-08-17 08:39:14] Compressing: D:\RaynzPitStop\build\..\backend\dist\RaynzPitStop\_internal\pythonnet\runtime\System.IO.IsolatedStorage.dll
[2026-08-17 08:39:14] Compressing: D:\RaynzPitStop\build\..\backend\dist\RaynzPitStop\_internal\pythonnet\runtime\System.IO.MemoryMappedFiles.dll
[2026-08-17 08:39:14] Compressing: D:\RaynzPitStop\build\..\backend\dist\RaynzPitStop\_internal\pythonnet\runtime\System.IO.Pipes.dll
[2026-08-17 08:39:14] Compressing: D:\RaynzPitStop\build\..\backend\dist\RaynzPitStop\_internal\pythonnet\runtime\System.IO.UnmanagedMemoryStream.dll
[2026-08-17 08:39:14] Compressing: D:\RaynzPitStop\build\..\backend\dist\RaynzPitStop\_internal\pythonnet\runtime\System.Linq.dll
[2026-08-17 08:39:14] Compressing: D:\RaynzPitStop\build\..\backend\dist\RaynzPitStop\_internal\pythonnet\runtime\System.Linq.Expressions.dll
[2026-08-17 08:39:14] Compressing: D:\RaynzPitStop\build\..\backend\dist\RaynzPitStop\_internal\pythonnet\runtime\System.Linq.Parallel.dll
[2026-08-17 08:39:14] Compressing: D:\RaynzPitStop\build\..\backend\dist\RaynzPitStop\_internal\pythonnet\runtime\System.Linq.Queryable.dll
[2026-08-17 08:39:14] Compressing: D:\RaynzPitStop\build\..\backend\dist\RaynzPitStop\_internal\pythonnet\runtime\System.Net.Http.dll
[2026-08-17 08:39:14] Compressing: D:\RaynzPitStop\build\..\backend\dist\RaynzPitStop\_internal\pythonnet\runtime\System.Net.NameResolution.dll
[2026-08-17 08:39:14] Compressing: D:\RaynzPitStop\build\..\backend\dist\RaynzPitStop\_internal\pythonnet\runtime\System.Net.NetworkInformation.dll
[2026-08-17 08:39:14] Compressing: D:\RaynzPitStop\build\..\backend\dist\RaynzPitStop\_internal\pythonnet\runtime\System.Net.Ping.dll
[2026-08-17 08:39:14] Compressing: D:\RaynzPitStop\build\..\backend\dist\RaynzPitStop\_internal\pythonnet\runtime\System.Net.Primitives.dll
[2026-08-17 08:39:14] Compressing: D:\RaynzPitStop\build\..\backend\dist\RaynzPitStop\_internal\pythonnet\runtime\System.Net.Requests.dll
[2026-08-17 08:39:14] Compressing: D:\RaynzPitStop\build\..\backend\dist\RaynzPitStop\_internal\pythonnet\runtime\System.Net.Security.dll
[2026-08-17 08:39:14] Compressing: D:\RaynzPitStop\build\..\backend\dist\RaynzPitStop\_internal\pythonnet\runtime\System.Net.Sockets.dll
[2026-08-17 08:39:14] Compressing: D:\RaynzPitStop\build\..\backend\dist\RaynzPitStop\_internal\pythonnet\runtime\System.Net.WebHeaderCollection.dll
[2026-08-17 08:39:14] Compressing: D:\RaynzPitStop\build\..\backend\dist\RaynzPitStop\_internal\pythonnet\runtime\System.Net.WebSockets.Client.dll
[2026-08-17 08:39:14] Compressing: D:\RaynzPitStop\build\..\backend\dist\RaynzPitStop\_internal\pythonnet\runtime\System.Net.WebSockets.dll
[2026-08-17 08:39:14] Compressing: D:\RaynzPitStop\build\..\backend\dist\RaynzPitStop\_internal\pythonnet\runtime\System.ObjectModel.dll
[2026-08-17 08:39:14] Compressing: D:\RaynzPitStop\build\..\backend\dist\RaynzPitStop\_internal\pythonnet\runtime\System.Reflection.dll
[2026-08-17 08:39:14] Compressing: D:\RaynzPitStop\build\..\backend\dist\RaynzPitStop\_internal\pythonnet\runtime\System.Reflection.Extensions.dll
[2026-08-17 08:39:14] Compressing: D:\RaynzPitStop\build\..\backend\dist\RaynzPitStop\_internal\pythonnet\runtime\System.Reflection.Primitives.dll
[2026-08-17 08:39:14] Compressing: D:\RaynzPitStop\build\..\backend\dist\RaynzPitStop\_internal\pythonnet\runtime\System.Resources.Reader.dll
[2026-08-17 08:39:14] Compressing: D:\RaynzPitStop\build\..\backend\dist\RaynzPitStop\_internal\pythonnet\runtime\System.Resources.ResourceManager.dll
[2026-08-17 08:39:14] Compressing: D:\RaynzPitStop\build\..\backend\dist\RaynzPitStop\_internal\pythonnet\runtime\System.Resources.Writer.dll
[2026-08-17 08:39:14] Compressing: D:\RaynzPitStop\build\..\backend\dist\RaynzPitStop\_internal\pythonnet\runtime\System.Runtime.CompilerServices.VisualC.dll
[2026-08-17 08:39:14] Compressing: D:\RaynzPitStop\build\..\backend\dist\RaynzPitStop\_internal\pythonnet\runtime\System.Runtime.dll
[2026-08-17 08:39:14] Compressing: D:\RaynzPitStop\build\..\backend\dist\RaynzPitStop\_internal\pythonnet\runtime\System.Runtime.Extensions.dll
[2026-08-17 08:39:14] Compressing: D:\RaynzPitStop\build\..\backend\dist\RaynzPitStop\_internal\pythonnet\runtime\System.Runtime.Handles.dll
[2026-08-17 08:39:14] Compressing: D:\RaynzPitStop\build\..\backend\dist\RaynzPitStop\_internal\pythonnet\runtime\System.Runtime.InteropServices.dll
[2026-08-17 08:39:14] Compressing: D:\RaynzPitStop\build\..\backend\dist\RaynzPitStop\_internal\pythonnet\runtime\System.Runtime.InteropServices.RuntimeInformation.dll
[2026-08-17 08:39:14] Compressing: D:\RaynzPitStop\build\..\backend\dist\RaynzPitStop\_internal\pythonnet\runtime\System.Runtime.Numerics.dll
[2026-08-17 08:39:14] Compressing: D:\RaynzPitStop\build\..\backend\dist\RaynzPitStop\_internal\pythonnet\runtime\System.Runtime.Serialization.Formatters.dll
[2026-08-17 08:39:14] Compressing: D:\RaynzPitStop\build\..\backend\dist\RaynzPitStop\_internal\pythonnet\runtime\System.Runtime.Serialization.Json.dll
[2026-08-17 08:39:14] Compressing: D:\RaynzPitStop\build\..\backend\dist\RaynzPitStop\_internal\pythonnet\runtime\System.Runtime.Serialization.Primitives.dll
[2026-08-17 08:39:14] Compressing: D:\RaynzPitStop\build\..\backend\dist\RaynzPitStop\_internal\pythonnet\runtime\System.Runtime.Serialization.Xml.dll
[2026-08-17 08:39:14] Compressing: D:\RaynzPitStop\build\..\backend\dist\RaynzPitStop\_internal\pythonnet\runtime\System.Security.Claims.dll
[2026-08-17 08:39:14] Compressing: D:\RaynzPitStop\build\..\backend\dist\RaynzPitStop\_internal\pythonnet\runtime\System.Security.Cryptography.Algorithms.dll
[2026-08-17 08:39:14] Compressing: D:\RaynzPitStop\build\..\backend\dist\RaynzPitStop\_internal\pythonnet\runtime\System.Security.Cryptography.Csp.dll
[2026-08-17 08:39:14] Compressing: D:\RaynzPitStop\build\..\backend\dist\RaynzPitStop\_internal\pythonnet\runtime\System.Security.Cryptography.Encoding.dll
[2026-08-17 08:39:14] Compressing: D:\RaynzPitStop\build\..\backend\dist\RaynzPitStop\_internal\pythonnet\runtime\System.Security.Cryptography.Primitives.dll
[2026-08-17 08:39:14] Compressing: D:\RaynzPitStop\build\..\backend\dist\RaynzPitStop\_internal\pythonnet\runtime\System.Security.Cryptography.X509Certificates.dll
[2026-08-17 08:39:14] Compressing: D:\RaynzPitStop\build\..\backend\dist\RaynzPitStop\_internal\pythonnet\runtime\System.Security.Principal.dll
[2026-08-17 08:39:14] Compressing: D:\RaynzPitStop\build\..\backend\dist\RaynzPitStop\_internal\pythonnet\runtime\System.Security.SecureString.dll
[2026-08-17 08:39:14] Compressing: D:\RaynzPitStop\build\..\backend\dist\RaynzPitStop\_internal\pythonnet\runtime\System.Text.Encoding.dll
[2026-08-17 08:39:14] Compressing: D:\RaynzPitStop\build\..\backend\dist\RaynzPitStop\_internal\pythonnet\runtime\System.Text.Encoding.Extensions.dll
[2026-08-17 08:39:14] Compressing: D:\RaynzPitStop\build\..\backend\dist\RaynzPitStop\_internal\pythonnet\runtime\System.Text.RegularExpressions.dll
[2026-08-17 08:39:14] Compressing: D:\RaynzPitStop\build\..\backend\dist\RaynzPitStop\_internal\pythonnet\runtime\System.Threading.dll
[2026-08-17 08:39:14] Compressing: D:\RaynzPitStop\build\..\backend\dist\RaynzPitStop\_internal\pythonnet\runtime\System.Threading.Overlapped.dll
[2026-08-17 08:39:14] Compressing: D:\RaynzPitStop\build\..\backend\dist\RaynzPitStop\_internal\pythonnet\runtime\System.Threading.Tasks.dll
[2026-08-17 08:39:14] Compressing: D:\RaynzPitStop\build\..\backend\dist\RaynzPitStop\_internal\pythonnet\runtime\System.Threading.Tasks.Parallel.dll
[2026-08-17 08:39:14] Compressing: D:\RaynzPitStop\build\..\backend\dist\RaynzPitStop\_internal\pythonnet\runtime\System.Threading.Thread.dll
[2026-08-17 08:39:14] Compressing: D:\RaynzPitStop\build\..\backend\dist\RaynzPitStop\_internal\pythonnet\runtime\System.Threading.ThreadPool.dll
[2026-08-17 08:39:14] Compressing: D:\RaynzPitStop\build\..\backend\dist\RaynzPitStop\_internal\pythonnet\runtime\System.Threading.Timer.dll
[2026-08-17 08:39:14] Compressing: D:\RaynzPitStop\build\..\backend\dist\RaynzPitStop\_internal\pythonnet\runtime\System.ValueTuple.dll
[2026-08-17 08:39:14] Compressing: D:\RaynzPitStop\build\..\backend\dist\RaynzPitStop\_internal\pythonnet\runtime\System.Xml.ReaderWriter.dll
[2026-08-17 08:39:14] Compressing: D:\RaynzPitStop\build\..\backend\dist\RaynzPitStop\_internal\pythonnet\runtime\System.Xml.XDocument.dll
[2026-08-17 08:39:14] Compressing: D:\RaynzPitStop\build\..\backend\dist\RaynzPitStop\_internal\pythonnet\runtime\System.Xml.XmlDocument.dll
[2026-08-17 08:39:15] Compressing: D:\RaynzPitStop\build\..\backend\dist\RaynzPitStop\_internal\pythonnet\runtime\System.Xml.XmlSerializer.dll
[2026-08-17 08:39:15] Compressing: D:\RaynzPitStop\build\..\backend\dist\RaynzPitStop\_internal\pythonnet\runtime\System.Xml.XPath.dll
[2026-08-17 08:39:15] Compressing: D:\RaynzPitStop\build\..\backend\dist\RaynzPitStop\_internal\pythonnet\runtime\System.Xml.XPath.XDocument.dll
[2026-08-17 08:39:15] Compressing: D:\RaynzPitStop\build\..\backend\dist\RaynzPitStop\_internal\pytz\zoneinfo\CET
[2026-08-17 08:39:15] Compressing: D:\RaynzPitStop\build\..\backend\dist\RaynzPitStop\_internal\pytz\zoneinfo\CST6CDT
[2026-08-17 08:39:15] Compressing: D:\RaynzPitStop\build\..\backend\dist\RaynzPitStop\_internal\pytz\zoneinfo\Cuba
[2026-08-17 08:39:15] Compressing: D:\RaynzPitStop\build\..\backend\dist\RaynzPitStop\_internal\pytz\zoneinfo\EET
[2026-08-17 08:39:15] Compressing: D:\RaynzPitStop\build\..\backend\dist\RaynzPitStop\_internal\pytz\zoneinfo\Egypt
[2026-08-17 08:39:15] Compressing: D:\RaynzPitStop\build\..\backend\dist\RaynzPitStop\_internal\pytz\zoneinfo\Eire
[2026-08-17 08:39:15] Compressing: D:\RaynzPitStop\build\..\backend\dist\RaynzPitStop\_internal\pytz\zoneinfo\EST
[2026-08-17 08:39:15] Compressing: D:\RaynzPitStop\build\..\backend\dist\RaynzPitStop\_internal\pytz\zoneinfo\EST5EDT
[2026-08-17 08:39:15] Compressing: D:\RaynzPitStop\build\..\backend\dist\RaynzPitStop\_internal\pytz\zoneinfo\Factory
[2026-08-17 08:39:15] Compressing: D:\RaynzPitStop\build\..\backend\dist\RaynzPitStop\_internal\pytz\zoneinfo\GB
[2026-08-17 08:39:15] Compressing: D:\RaynzPitStop\build\..\backend\dist\RaynzPitStop\_internal\pytz\zoneinfo\GB-Eire
[2026-08-17 08:39:15] Compressing: D:\RaynzPitStop\build\..\backend\dist\RaynzPitStop\_internal\pytz\zoneinfo\GMT
[2026-08-17 08:39:15] Compressing: D:\RaynzPitStop\build\..\backend\dist\RaynzPitStop\_internal\pytz\zoneinfo\GMT+0
[2026-08-17 08:39:15] Compressing: D:\RaynzPitStop\build\..\backend\dist\RaynzPitStop\_internal\pytz\zoneinfo\GMT-0
[2026-08-17 08:39:15] Compressing: D:\RaynzPitStop\build\..\backend\dist\RaynzPitStop\_internal\pytz\zoneinfo\GMT0
[2026-08-17 08:39:15] Compressing: D:\RaynzPitStop\build\..\backend\dist\RaynzPitStop\_internal\pytz\zoneinfo\Greenwich
[2026-08-17 08:39:15] Compressing: D:\RaynzPitStop\build\..\backend\dist\RaynzPitStop\_internal\pytz\zoneinfo\Hongkong
[2026-08-17 08:39:15] Compressing: D:\RaynzPitStop\build\..\backend\dist\RaynzPitStop\_internal\pytz\zoneinfo\HST
[2026-08-17 08:39:15] Compressing: D:\RaynzPitStop\build\..\backend\dist\RaynzPitStop\_internal\pytz\zoneinfo\Iceland
[2026-08-17 08:39:15] Compressing: D:\RaynzPitStop\build\..\backend\dist\RaynzPitStop\_internal\pytz\zoneinfo\Iran
[2026-08-17 08:39:15] Compressing: D:\RaynzPitStop\build\..\backend\dist\RaynzPitStop\_internal\pytz\zoneinfo\iso3166.tab
[2026-08-17 08:39:15] Compressing: D:\RaynzPitStop\build\..\backend\dist\RaynzPitStop\_internal\pytz\zoneinfo\Israel
[2026-08-17 08:39:15] Compressing: D:\RaynzPitStop\build\..\backend\dist\RaynzPitStop\_internal\pytz\zoneinfo\Jamaica
[2026-08-17 08:39:15] Compressing: D:\RaynzPitStop\build\..\backend\dist\RaynzPitStop\_internal\pytz\zoneinfo\Japan
[2026-08-17 08:39:15] Compressing: D:\RaynzPitStop\build\..\backend\dist\RaynzPitStop\_internal\pytz\zoneinfo\Kwajalein
[2026-08-17 08:39:15] Compressing: D:\RaynzPitStop\build\..\backend\dist\RaynzPitStop\_internal\pytz\zoneinfo\leapseconds
[2026-08-17 08:39:15] Compressing: D:\RaynzPitStop\build\..\backend\dist\RaynzPitStop\_internal\pytz\zoneinfo\Libya
[2026-08-17 08:39:15] Compressing: D:\RaynzPitStop\build\..\backend\dist\RaynzPitStop\_internal\pytz\zoneinfo\MET
[2026-08-17 08:39:15] Compressing: D:\RaynzPitStop\build\..\backend\dist\RaynzPitStop\_internal\pytz\zoneinfo\MST
[2026-08-17 08:39:15] Compressing: D:\RaynzPitStop\build\..\backend\dist\RaynzPitStop\_internal\pytz\zoneinfo\MST7MDT
[2026-08-17 08:39:15] Compressing: D:\RaynzPitStop\build\..\backend\dist\RaynzPitStop\_internal\pytz\zoneinfo\Navajo
[2026-08-17 08:39:15] Compressing: D:\RaynzPitStop\build\..\backend\dist\RaynzPitStop\_internal\pytz\zoneinfo\NZ
[2026-08-17 08:39:15] Compressing: D:\RaynzPitStop\build\..\backend\dist\RaynzPitStop\_internal\pytz\zoneinfo\NZ-CHAT
[2026-08-17 08:39:15] Compressing: D:\RaynzPitStop\build\..\backend\dist\RaynzPitStop\_internal\pytz\zoneinfo\Poland
[2026-08-17 08:39:15] Compressing: D:\RaynzPitStop\build\..\backend\dist\RaynzPitStop\_internal\pytz\zoneinfo\Portugal
[2026-08-17 08:39:15] Compressing: D:\RaynzPitStop\build\..\backend\dist\RaynzPitStop\_internal\pytz\zoneinfo\PRC
[2026-08-17 08:39:15] Compressing: D:\RaynzPitStop\build\..\backend\dist\RaynzPitStop\_internal\pytz\zoneinfo\PST8PDT
[2026-08-17 08:39:15] Compressing: D:\RaynzPitStop\build\..\backend\dist\RaynzPitStop\_internal\pytz\zoneinfo\ROC
[2026-08-17 08:39:15] Compressing: D:\RaynzPitStop\build\..\backend\dist\RaynzPitStop\_internal\pytz\zoneinfo\ROK
[2026-08-17 08:39:15] Compressing: D:\RaynzPitStop\build\..\backend\dist\RaynzPitStop\_internal\pytz\zoneinfo\Singapore
[2026-08-17 08:39:15] Compressing: D:\RaynzPitStop\build\..\backend\dist\RaynzPitStop\_internal\pytz\zoneinfo\Turkey
[2026-08-17 08:39:15] Compressing: D:\RaynzPitStop\build\..\backend\dist\RaynzPitStop\_internal\pytz\zoneinfo\tzdata.zi
[2026-08-17 08:39:15] Compressing: D:\RaynzPitStop\build\..\backend\dist\RaynzPitStop\_internal\pytz\zoneinfo\UCT
[2026-08-17 08:39:15] Compressing: D:\RaynzPitStop\build\..\backend\dist\RaynzPitStop\_internal\pytz\zoneinfo\Universal
[2026-08-17 08:39:15] Compressing: D:\RaynzPitStop\build\..\backend\dist\RaynzPitStop\_internal\pytz\zoneinfo\UTC
[2026-08-17 08:39:15] Compressing: D:\RaynzPitStop\build\..\backend\dist\RaynzPitStop\_internal\pytz\zoneinfo\W-SU
[2026-08-17 08:39:15] Compressing: D:\RaynzPitStop\build\..\backend\dist\RaynzPitStop\_internal\pytz\zoneinfo\WET
[2026-08-17 08:39:15] Compressing: D:\RaynzPitStop\build\..\backend\dist\RaynzPitStop\_internal\pytz\zoneinfo\zone.tab
[2026-08-17 08:39:15] Compressing: D:\RaynzPitStop\build\..\backend\dist\RaynzPitStop\_internal\pytz\zoneinfo\zone1970.tab
[2026-08-17 08:39:15] Compressing: D:\RaynzPitStop\build\..\backend\dist\RaynzPitStop\_internal\pytz\zoneinfo\zonenow.tab
[2026-08-17 08:39:15] Compressing: D:\RaynzPitStop\build\..\backend\dist\RaynzPitStop\_internal\pytz\zoneinfo\Zulu
[2026-08-17 08:39:15] Compressing: D:\RaynzPitStop\build\..\backend\dist\RaynzPitStop\_internal\pytz\zoneinfo\Africa\Abidjan
[2026-08-17 08:39:15] Compressing: D:\RaynzPitStop\build\..\backend\dist\RaynzPitStop\_internal\pytz\zoneinfo\Africa\Accra
[2026-08-17 08:39:15] Compressing: D:\RaynzPitStop\build\..\backend\dist\RaynzPitStop\_internal\pytz\zoneinfo\Africa\Addis_Ababa
[2026-08-17 08:39:15] Compressing: D:\RaynzPitStop\build\..\backend\dist\RaynzPitStop\_internal\pytz\zoneinfo\Africa\Algiers
[2026-08-17 08:39:15] Compressing: D:\RaynzPitStop\build\..\backend\dist\RaynzPitStop\_internal\pytz\zoneinfo\Africa\Asmara
[2026-08-17 08:39:15] Compressing: D:\RaynzPitStop\build\..\backend\dist\RaynzPitStop\_internal\pytz\zoneinfo\Africa\Asmera
[2026-08-17 08:39:15] Compressing: D:\RaynzPitStop\build\..\backend\dist\RaynzPitStop\_internal\pytz\zoneinfo\Africa\Bamako
[2026-08-17 08:39:15] Compressing: D:\RaynzPitStop\build\..\backend\dist\RaynzPitStop\_internal\pytz\zoneinfo\Africa\Bangui
[2026-08-17 08:39:15] Compressing: D:\RaynzPitStop\build\..\backend\dist\RaynzPitStop\_internal\pytz\zoneinfo\Africa\Banjul
[2026-08-17 08:39:15] Compressing: D:\RaynzPitStop\build\..\backend\dist\RaynzPitStop\_internal\pytz\zoneinfo\Africa\Bissau
[2026-08-17 08:39:15] Compressing: D:\RaynzPitStop\build\..\backend\dist\RaynzPitStop\_internal\pytz\zoneinfo\Africa\Blantyre
[2026-08-17 08:39:15] Compressing: D:\RaynzPitStop\build\..\backend\dist\RaynzPitStop\_internal\pytz\zoneinfo\Africa\Brazzaville
[2026-08-17 08:39:15] Compressing: D:\RaynzPitStop\build\..\backend\dist\RaynzPitStop\_internal\pytz\zoneinfo\Africa\Bujumbura
[2026-08-17 08:39:15] Compressing: D:\RaynzPitStop\build\..\backend\dist\RaynzPitStop\_internal\pytz\zoneinfo\Africa\Cairo
[2026-08-17 08:39:15] Compressing: D:\RaynzPitStop\build\..\backend\dist\RaynzPitStop\_internal\pytz\zoneinfo\Africa\Casablanca
[2026-08-17 08:39:15] Compressing: D:\RaynzPitStop\build\..\backend\dist\RaynzPitStop\_internal\pytz\zoneinfo\Africa\Ceuta
[2026-08-17 08:39:15] Compressing: D:\RaynzPitStop\build\..\backend\dist\RaynzPitStop\_internal\pytz\zoneinfo\Africa\Conakry
[2026-08-17 08:39:15] Compressing: D:\RaynzPitStop\build\..\backend\dist\RaynzPitStop\_internal\pytz\zoneinfo\Africa\Dakar
[2026-08-17 08:39:15] Compressing: D:\RaynzPitStop\build\..\backend\dist\RaynzPitStop\_internal\pytz\zoneinfo\Africa\Dar_es_Salaam
[2026-08-17 08:39:15] Compressing: D:\RaynzPitStop\build\..\backend\dist\RaynzPitStop\_internal\pytz\zoneinfo\Africa\Djibouti
[2026-08-17 08:39:15] Compressing: D:\RaynzPitStop\build\..\backend\dist\RaynzPitStop\_internal\pytz\zoneinfo\Africa\Douala
[2026-08-17 08:39:15] Compressing: D:\RaynzPitStop\build\..\backend\dist\RaynzPitStop\_internal\pytz\zoneinfo\Africa\El_Aaiun
[2026-08-17 08:39:15] Compressing: D:\RaynzPitStop\build\..\backend\dist\RaynzPitStop\_internal\pytz\zoneinfo\Africa\Freetown
[2026-08-17 08:39:15] Compressing: D:\RaynzPitStop\build\..\backend\dist\RaynzPitStop\_internal\pytz\zoneinfo\Africa\Gaborone
[2026-08-17 08:39:15] Compressing: D:\RaynzPitStop\build\..\backend\dist\RaynzPitStop\_internal\pytz\zoneinfo\Africa\Harare
[2026-08-17 08:39:15] Compressing: D:\RaynzPitStop\build\..\backend\dist\RaynzPitStop\_internal\pytz\zoneinfo\Africa\Johannesburg
[2026-08-17 08:39:15] Compressing: D:\RaynzPitStop\build\..\backend\dist\RaynzPitStop\_internal\pytz\zoneinfo\Africa\Juba
[2026-08-17 08:39:15] Compressing: D:\RaynzPitStop\build\..\backend\dist\RaynzPitStop\_internal\pytz\zoneinfo\Africa\Kampala
[2026-08-17 08:39:15] Compressing: D:\RaynzPitStop\build\..\backend\dist\RaynzPitStop\_internal\pytz\zoneinfo\Africa\Khartoum
[2026-08-17 08:39:15] Compressing: D:\RaynzPitStop\build\..\backend\dist\RaynzPitStop\_internal\pytz\zoneinfo\Africa\Kigali
[2026-08-17 08:39:15] Compressing: D:\RaynzPitStop\build\..\backend\dist\RaynzPitStop\_internal\pytz\zoneinfo\Africa\Kinshasa
[2026-08-17 08:39:15] Compressing: D:\RaynzPitStop\build\..\backend\dist\RaynzPitStop\_internal\pytz\zoneinfo\Africa\Lagos
[2026-08-17 08:39:15] Compressing: D:\RaynzPitStop\build\..\backend\dist\RaynzPitStop\_internal\pytz\zoneinfo\Africa\Libreville
[2026-08-17 08:39:15] Compressing: D:\RaynzPitStop\build\..\backend\dist\RaynzPitStop\_internal\pytz\zoneinfo\Africa\Lome
[2026-08-17 08:39:15] Compressing: D:\RaynzPitStop\build\..\backend\dist\RaynzPitStop\_internal\pytz\zoneinfo\Africa\Luanda
[2026-08-17 08:39:15] Compressing: D:\RaynzPitStop\build\..\backend\dist\RaynzPitStop\_internal\pytz\zoneinfo\Africa\Lubumbashi
[2026-08-17 08:39:15] Compressing: D:\RaynzPitStop\build\..\backend\dist\RaynzPitStop\_internal\pytz\zoneinfo\Africa\Lusaka
[2026-08-17 08:39:15] Compressing: D:\RaynzPitStop\build\..\backend\dist\RaynzPitStop\_internal\pytz\zoneinfo\Africa\Malabo
[2026-08-17 08:39:15] Compressing: D:\RaynzPitStop\build\..\backend\dist\RaynzPitStop\_internal\pytz\zoneinfo\Africa\Maputo
[2026-08-17 08:39:15] Compressing: D:\RaynzPitStop\build\..\backend\dist\RaynzPitStop\_internal\pytz\zoneinfo\Africa\Maseru
[2026-08-17 08:39:15] Compressing: D:\RaynzPitStop\build\..\backend\dist\RaynzPitStop\_internal\pytz\zoneinfo\Africa\Mbabane
[2026-08-17 08:39:15] Compressing: D:\RaynzPitStop\build\..\backend\dist\RaynzPitStop\_internal\pytz\zoneinfo\Africa\Mogadishu
[2026-08-17 08:39:15] Compressing: D:\RaynzPitStop\build\..\backend\dist\RaynzPitStop\_internal\pytz\zoneinfo\Africa\Monrovia
[2026-08-17 08:39:15] Compressing: D:\RaynzPitStop\build\..\backend\dist\RaynzPitStop\_internal\pytz\zoneinfo\Africa\Nairobi
[2026-08-17 08:39:15] Compressing: D:\RaynzPitStop\build\..\backend\dist\RaynzPitStop\_internal\pytz\zoneinfo\Africa\Ndjamena
[2026-08-17 08:39:15] Compressing: D:\RaynzPitStop\build\..\backend\dist\RaynzPitStop\_internal\pytz\zoneinfo\Africa\Niamey
[2026-08-17 08:39:15] Compressing: D:\RaynzPitStop\build\..\backend\dist\RaynzPitStop\_internal\pytz\zoneinfo\Africa\Nouakchott
[2026-08-17 08:39:15] Compressing: D:\RaynzPitStop\build\..\backend\dist\RaynzPitStop\_internal\pytz\zoneinfo\Africa\Ouagadougou
[2026-08-17 08:39:15] Compressing: D:\RaynzPitStop\build\..\backend\dist\RaynzPitStop\_internal\pytz\zoneinfo\Africa\Porto-Novo
[2026-08-17 08:39:15] Compressing: D:\RaynzPitStop\build\..\backend\dist\RaynzPitStop\_internal\pytz\zoneinfo\Africa\Sao_Tome
[2026-08-17 08:39:15] Compressing: D:\RaynzPitStop\build\..\backend\dist\RaynzPitStop\_internal\pytz\zoneinfo\Africa\Timbuktu
[2026-08-17 08:39:15] Compressing: D:\RaynzPitStop\build\..\backend\dist\RaynzPitStop\_internal\pytz\zoneinfo\Africa\Tripoli
[2026-08-17 08:39:15] Compressing: D:\RaynzPitStop\build\..\backend\dist\RaynzPitStop\_internal\pytz\zoneinfo\Africa\Tunis
[2026-08-17 08:39:15] Compressing: D:\RaynzPitStop\build\..\backend\dist\RaynzPitStop\_internal\pytz\zoneinfo\Africa\Windhoek
[2026-08-17 08:39:15] Compressing: D:\RaynzPitStop\build\..\backend\dist\RaynzPitStop\_internal\pytz\zoneinfo\America\Adak
[2026-08-17 08:39:15] Compressing: D:\RaynzPitStop\build\..\backend\dist\RaynzPitStop\_internal\pytz\zoneinfo\America\Anchorage
[2026-08-17 08:39:15] Compressing: D:\RaynzPitStop\build\..\backend\dist\RaynzPitStop\_internal\pytz\zoneinfo\America\Anguilla
[2026-08-17 08:39:15] Compressing: D:\RaynzPitStop\build\..\backend\dist\RaynzPitStop\_internal\pytz\zoneinfo\America\Antigua
[2026-08-17 08:39:15] Compressing: D:\RaynzPitStop\build\..\backend\dist\RaynzPitStop\_internal\pytz\zoneinfo\America\Araguaina
[2026-08-17 08:39:15] Compressing: D:\RaynzPitStop\build\..\backend\dist\RaynzPitStop\_internal\pytz\zoneinfo\America\Aruba
[2026-08-17 08:39:15] Compressing: D:\RaynzPitStop\build\..\backend\dist\RaynzPitStop\_internal\pytz\zoneinfo\America\Asuncion
[2026-08-17 08:39:15] Compressing: D:\RaynzPitStop\build\..\backend\dist\RaynzPitStop\_internal\pytz\zoneinfo\America\Atikokan
[2026-08-17 08:39:15] Compressing: D:\RaynzPitStop\build\..\backend\dist\RaynzPitStop\_internal\pytz\zoneinfo\America\Atka
[2026-08-17 08:39:15] Compressing: D:\RaynzPitStop\build\..\backend\dist\RaynzPitStop\_internal\pytz\zoneinfo\America\Bahia
[2026-08-17 08:39:15] Compressing: D:\RaynzPitStop\build\..\backend\dist\RaynzPitStop\_internal\pytz\zoneinfo\America\Bahia_Banderas
[2026-08-17 08:39:15] Compressing: D:\RaynzPitStop\build\..\backend\dist\RaynzPitStop\_internal\pytz\zoneinfo\America\Barbados
[2026-08-17 08:39:15] Compressing: D:\RaynzPitStop\build\..\backend\dist\RaynzPitStop\_internal\pytz\zoneinfo\America\Belem
[2026-08-17 08:39:15] Compressing: D:\RaynzPitStop\build\..\backend\dist\RaynzPitStop\_internal\pytz\zoneinfo\America\Belize
[2026-08-17 08:39:15] Compressing: D:\RaynzPitStop\build\..\backend\dist\RaynzPitStop\_internal\pytz\zoneinfo\America\Blanc-Sablon
[2026-08-17 08:39:15] Compressing: D:\RaynzPitStop\build\..\backend\dist\RaynzPitStop\_internal\pytz\zoneinfo\America\Boa_Vista
[2026-08-17 08:39:15] Compressing: D:\RaynzPitStop\build\..\backend\dist\RaynzPitStop\_internal\pytz\zoneinfo\America\Bogota
[2026-08-17 08:39:15] Compressing: D:\RaynzPitStop\build\..\backend\dist\RaynzPitStop\_internal\pytz\zoneinfo\America\Boise
[2026-08-17 08:39:15] Compressing: D:\RaynzPitStop\build\..\backend\dist\RaynzPitStop\_internal\pytz\zoneinfo\America\Buenos_Aires
[2026-08-17 08:39:15] Compressing: D:\RaynzPitStop\build\..\backend\dist\RaynzPitStop\_internal\pytz\zoneinfo\America\Cambridge_Bay
[2026-08-17 08:39:15] Compressing: D:\RaynzPitStop\build\..\backend\dist\RaynzPitStop\_internal\pytz\zoneinfo\America\Campo_Grande
[2026-08-17 08:39:15] Compressing: D:\RaynzPitStop\build\..\backend\dist\RaynzPitStop\_internal\pytz\zoneinfo\America\Cancun
[2026-08-17 08:39:15] Compressing: D:\RaynzPitStop\build\..\backend\dist\RaynzPitStop\_internal\pytz\zoneinfo\America\Caracas
[2026-08-17 08:39:15] Compressing: D:\RaynzPitStop\build\..\backend\dist\RaynzPitStop\_internal\pytz\zoneinfo\America\Catamarca
[2026-08-17 08:39:15] Compressing: D:\RaynzPitStop\build\..\backend\dist\RaynzPitStop\_internal\pytz\zoneinfo\America\Cayenne
[2026-08-17 08:39:15] Compressing: D:\RaynzPitStop\build\..\backend\dist\RaynzPitStop\_internal\pytz\zoneinfo\America\Cayman
[2026-08-17 08:39:15] Compressing: D:\RaynzPitStop\build\..\backend\dist\RaynzPitStop\_internal\pytz\zoneinfo\America\Chicago
[2026-08-17 08:39:15] Compressing: D:\RaynzPitStop\build\..\backend\dist\RaynzPitStop\_internal\pytz\zoneinfo\America\Chihuahua
[2026-08-17 08:39:15] Compressing: D:\RaynzPitStop\build\..\backend\dist\RaynzPitStop\_internal\pytz\zoneinfo\America\Ciudad_Juarez
[2026-08-17 08:39:15] Compressing: D:\RaynzPitStop\build\..\backend\dist\RaynzPitStop\_internal\pytz\zoneinfo\America\Coral_Harbour
[2026-08-17 08:39:15] Compressing: D:\RaynzPitStop\build\..\backend\dist\RaynzPitStop\_internal\pytz\zoneinfo\America\Cordoba
[2026-08-17 08:39:15] Compressing: D:\RaynzPitStop\build\..\backend\dist\RaynzPitStop\_internal\pytz\zoneinfo\America\Costa_Rica
[2026-08-17 08:39:15] Compressing: D:\RaynzPitStop\build\..\backend\dist\RaynzPitStop\_internal\pytz\zoneinfo\America\Coyhaique
[2026-08-17 08:39:15] Compressing: D:\RaynzPitStop\build\..\backend\dist\RaynzPitStop\_internal\pytz\zoneinfo\America\Creston
[2026-08-17 08:39:15] Compressing: D:\RaynzPitStop\build\..\backend\dist\RaynzPitStop\_internal\pytz\zoneinfo\America\Cuiaba
[2026-08-17 08:39:15] Compressing: D:\RaynzPitStop\build\..\backend\dist\RaynzPitStop\_internal\pytz\zoneinfo\America\Curacao
[2026-08-17 08:39:15] Compressing: D:\RaynzPitStop\build\..\backend\dist\RaynzPitStop\_internal\pytz\zoneinfo\America\Danmarkshavn
[2026-08-17 08:39:15] Compressing: D:\RaynzPitStop\build\..\backend\dist\RaynzPitStop\_internal\pytz\zoneinfo\America\Dawson
[2026-08-17 08:39:15] Compressing: D:\RaynzPitStop\build\..\backend\dist\RaynzPitStop\_internal\pytz\zoneinfo\America\Dawson_Creek
[2026-08-17 08:39:15] Compressing: D:\RaynzPitStop\build\..\backend\dist\RaynzPitStop\_internal\pytz\zoneinfo\America\Denver
[2026-08-17 08:39:15] Compressing: D:\RaynzPitStop\build\..\backend\dist\RaynzPitStop\_internal\pytz\zoneinfo\America\Detroit
[2026-08-17 08:39:15] Compressing: D:\RaynzPitStop\build\..\backend\dist\RaynzPitStop\_internal\pytz\zoneinfo\America\Dominica
[2026-08-17 08:39:15] Compressing: D:\RaynzPitStop\build\..\backend\dist\RaynzPitStop\_internal\pytz\zoneinfo\America\Edmonton
[2026-08-17 08:39:15] Compressing: D:\RaynzPitStop\build\..\backend\dist\RaynzPitStop\_internal\pytz\zoneinfo\America\Eirunepe
[2026-08-17 08:39:15] Compressing: D:\RaynzPitStop\build\..\backend\dist\RaynzPitStop\_internal\pytz\zoneinfo\America\El_Salvador
[2026-08-17 08:39:15] Compressing: D:\RaynzPitStop\build\..\backend\dist\RaynzPitStop\_internal\pytz\zoneinfo\America\Ensenada
[2026-08-17 08:39:15] Compressing: D:\RaynzPitStop\build\..\backend\dist\RaynzPitStop\_internal\pytz\zoneinfo\America\Fortaleza
[2026-08-17 08:39:15] Compressing: D:\RaynzPitStop\build\..\backend\dist\RaynzPitStop\_internal\pytz\zoneinfo\America\Fort_Nelson
[2026-08-17 08:39:15] Compressing: D:\RaynzPitStop\build\..\backend\dist\RaynzPitStop\_internal\pytz\zoneinfo\America\Fort_Wayne
[2026-08-17 08:39:15] Compressing: D:\RaynzPitStop\build\..\backend\dist\RaynzPitStop\_internal\pytz\zoneinfo\America\Glace_Bay
[2026-08-17 08:39:15] Compressing: D:\RaynzPitStop\build\..\backend\dist\RaynzPitStop\_internal\pytz\zoneinfo\America\Godthab
[2026-08-17 08:39:15] Compressing: D:\RaynzPitStop\build\..\backend\dist\RaynzPitStop\_internal\pytz\zoneinfo\America\Goose_Bay
[2026-08-17 08:39:15] Compressing: D:\RaynzPitStop\build\..\backend\dist\RaynzPitStop\_internal\pytz\zoneinfo\America\Grand_Turk
[2026-08-17 08:39:15] Compressing: D:\RaynzPitStop\build\..\backend\dist\RaynzPitStop\_internal\pytz\zoneinfo\America\Grenada
[2026-08-17 08:39:15] Compressing: D:\RaynzPitStop\build\..\backend\dist\RaynzPitStop\_internal\pytz\zoneinfo\America\Guadeloupe
[2026-08-17 08:39:15] Compressing: D:\RaynzPitStop\build\..\backend\dist\RaynzPitStop\_internal\pytz\zoneinfo\America\Guatemala
[2026-08-17 08:39:15] Compressing: D:\RaynzPitStop\build\..\backend\dist\RaynzPitStop\_internal\pytz\zoneinfo\America\Guayaquil
[2026-08-17 08:39:15] Compressing: D:\RaynzPitStop\build\..\backend\dist\RaynzPitStop\_internal\pytz\zoneinfo\America\Guyana
[2026-08-17 08:39:15] Compressing: D:\RaynzPitStop\build\..\backend\dist\RaynzPitStop\_internal\pytz\zoneinfo\America\Halifax
[2026-08-17 08:39:15] Compressing: D:\RaynzPitStop\build\..\backend\dist\RaynzPitStop\_internal\pytz\zoneinfo\America\Havana
[2026-08-17 08:39:15] Compressing: D:\RaynzPitStop\build\..\backend\dist\RaynzPitStop\_internal\pytz\zoneinfo\America\Hermosillo
[2026-08-17 08:39:15] Compressing: D:\RaynzPitStop\build\..\backend\dist\RaynzPitStop\_internal\pytz\zoneinfo\America\Indianapolis
[2026-08-17 08:39:15] Compressing: D:\RaynzPitStop\build\..\backend\dist\RaynzPitStop\_internal\pytz\zoneinfo\America\Inuvik
[2026-08-17 08:39:15] Compressing: D:\RaynzPitStop\build\..\backend\dist\RaynzPitStop\_internal\pytz\zoneinfo\America\Iqaluit
[2026-08-17 08:39:15] Compressing: D:\RaynzPitStop\build\..\backend\dist\RaynzPitStop\_internal\pytz\zoneinfo\America\Jamaica
[2026-08-17 08:39:15] Compressing: D:\RaynzPitStop\build\..\backend\dist\RaynzPitStop\_internal\pytz\zoneinfo\America\Jujuy
[2026-08-17 08:39:15] Compressing: D:\RaynzPitStop\build\..\backend\dist\RaynzPitStop\_internal\pytz\zoneinfo\America\Juneau
[2026-08-17 08:39:15] Compressing: D:\RaynzPitStop\build\..\backend\dist\RaynzPitStop\_internal\pytz\zoneinfo\America\Knox_IN
[2026-08-17 08:39:15] Compressing: D:\RaynzPitStop\build\..\backend\dist\RaynzPitStop\_internal\pytz\zoneinfo\America\Kralendijk
[2026-08-17 08:39:15] Compressing: D:\RaynzPitStop\build\..\backend\dist\RaynzPitStop\_internal\pytz\zoneinfo\America\La_Paz
[2026-08-17 08:39:15] Compressing: D:\RaynzPitStop\build\..\backend\dist\RaynzPitStop\_internal\pytz\zoneinfo\America\Lima
[2026-08-17 08:39:15] Compressing: D:\RaynzPitStop\build\..\backend\dist\RaynzPitStop\_internal\pytz\zoneinfo\America\Los_Angeles
[2026-08-17 08:39:15] Compressing: D:\RaynzPitStop\build\..\backend\dist\RaynzPitStop\_internal\pytz\zoneinfo\America\Louisville
[2026-08-17 08:39:15] Compressing: D:\RaynzPitStop\build\..\backend\dist\RaynzPitStop\_internal\pytz\zoneinfo\America\Lower_Princes
[2026-08-17 08:39:15] Compressing: D:\RaynzPitStop\build\..\backend\dist\RaynzPitStop\_internal\pytz\zoneinfo\America\Maceio
[2026-08-17 08:39:15] Compressing: D:\RaynzPitStop\build\..\backend\dist\RaynzPitStop\_internal\pytz\zoneinfo\America\Managua
[2026-08-17 08:39:15] Compressing: D:\RaynzPitStop\build\..\backend\dist\RaynzPitStop\_internal\pytz\zoneinfo\America\Manaus
[2026-08-17 08:39:15] Compressing: D:\RaynzPitStop\build\..\backend\dist\RaynzPitStop\_internal\pytz\zoneinfo\America\Marigot
[2026-08-17 08:39:15] Compressing: D:\RaynzPitStop\build\..\backend\dist\RaynzPitStop\_internal\pytz\zoneinfo\America\Martinique
[2026-08-17 08:39:15] Compressing: D:\RaynzPitStop\build\..\backend\dist\RaynzPitStop\_internal\pytz\zoneinfo\America\Matamoros
[2026-08-17 08:39:15] Compressing: D:\RaynzPitStop\build\..\backend\dist\RaynzPitStop\_internal\pytz\zoneinfo\America\Mazatlan
[2026-08-17 08:39:15] Compressing: D:\RaynzPitStop\build\..\backend\dist\RaynzPitStop\_internal\pytz\zoneinfo\America\Mendoza
[2026-08-17 08:39:15] Compressing: D:\RaynzPitStop\build\..\backend\dist\RaynzPitStop\_internal\pytz\zoneinfo\America\Menominee
[2026-08-17 08:39:15] Compressing: D:\RaynzPitStop\build\..\backend\dist\RaynzPitStop\_internal\pytz\zoneinfo\America\Merida
[2026-08-17 08:39:15] Compressing: D:\RaynzPitStop\build\..\backend\dist\RaynzPitStop\_internal\pytz\zoneinfo\America\Metlakatla
[2026-08-17 08:39:15] Compressing: D:\RaynzPitStop\build\..\backend\dist\RaynzPitStop\_internal\pytz\zoneinfo\America\Mexico_City
[2026-08-17 08:39:15] Compressing: D:\RaynzPitStop\build\..\backend\dist\RaynzPitStop\_internal\pytz\zoneinfo\America\Miquelon
[2026-08-17 08:39:15] Compressing: D:\RaynzPitStop\build\..\backend\dist\RaynzPitStop\_internal\pytz\zoneinfo\America\Moncton
[2026-08-17 08:39:15] Compressing: D:\RaynzPitStop\build\..\backend\dist\RaynzPitStop\_internal\pytz\zoneinfo\America\Monterrey
[2026-08-17 08:39:15] Compressing: D:\RaynzPitStop\build\..\backend\dist\RaynzPitStop\_internal\pytz\zoneinfo\America\Montevideo
[2026-08-17 08:39:15] Compressing: D:\RaynzPitStop\build\..\backend\dist\RaynzPitStop\_internal\pytz\zoneinfo\America\Montreal
[2026-08-17 08:39:15] Compressing: D:\RaynzPitStop\build\..\backend\dist\RaynzPitStop\_internal\pytz\zoneinfo\America\Montserrat
[2026-08-17 08:39:15] Compressing: D:\RaynzPitStop\build\..\backend\dist\RaynzPitStop\_internal\pytz\zoneinfo\America\Nassau
[2026-08-17 08:39:15] Compressing: D:\RaynzPitStop\build\..\backend\dist\RaynzPitStop\_internal\pytz\zoneinfo\America\New_York
[2026-08-17 08:39:15] Compressing: D:\RaynzPitStop\build\..\backend\dist\RaynzPitStop\_internal\pytz\zoneinfo\America\Nipigon
[2026-08-17 08:39:15] Compressing: D:\RaynzPitStop\build\..\backend\dist\RaynzPitStop\_internal\pytz\zoneinfo\America\Nome
[2026-08-17 08:39:15] Compressing: D:\RaynzPitStop\build\..\backend\dist\RaynzPitStop\_internal\pytz\zoneinfo\America\Noronha
[2026-08-17 08:39:15] Compressing: D:\RaynzPitStop\build\..\backend\dist\RaynzPitStop\_internal\pytz\zoneinfo\America\Nuuk
[2026-08-17 08:39:15] Compressing: D:\RaynzPitStop\build\..\backend\dist\RaynzPitStop\_internal\pytz\zoneinfo\America\Ojinaga
[2026-08-17 08:39:15] Compressing: D:\RaynzPitStop\build\..\backend\dist\RaynzPitStop\_internal\pytz\zoneinfo\America\Panama
[2026-08-17 08:39:15] Compressing: D:\RaynzPitStop\build\..\backend\dist\RaynzPitStop\_internal\pytz\zoneinfo\America\Pangnirtung
[2026-08-17 08:39:15] Compressing: D:\RaynzPitStop\build\..\backend\dist\RaynzPitStop\_internal\pytz\zoneinfo\America\Paramaribo
[2026-08-17 08:39:15] Compressing: D:\RaynzPitStop\build\..\backend\dist\RaynzPitStop\_internal\pytz\zoneinfo\America\Phoenix
[2026-08-17 08:39:15] Compressing: D:\RaynzPitStop\build\..\backend\dist\RaynzPitStop\_internal\pytz\zoneinfo\America\Port-au-Prince
[2026-08-17 08:39:15] Compressing: D:\RaynzPitStop\build\..\backend\dist\RaynzPitStop\_internal\pytz\zoneinfo\America\Porto_Acre
[2026-08-17 08:39:15] Compressing: D:\RaynzPitStop\build\..\backend\dist\RaynzPitStop\_internal\pytz\zoneinfo\America\Porto_Velho
[2026-08-17 08:39:15] Compressing: D:\RaynzPitStop\build\..\backend\dist\RaynzPitStop\_internal\pytz\zoneinfo\America\Port_of_Spain
[2026-08-17 08:39:15] Compressing: D:\RaynzPitStop\build\..\backend\dist\RaynzPitStop\_internal\pytz\zoneinfo\America\Puerto_Rico
[2026-08-17 08:39:15] Compressing: D:\RaynzPitStop\build\..\backend\dist\RaynzPitStop\_internal\pytz\zoneinfo\America\Punta_Arenas
[2026-08-17 08:39:15] Compressing: D:\RaynzPitStop\build\..\backend\dist\RaynzPitStop\_internal\pytz\zoneinfo\America\Rainy_River
[2026-08-17 08:39:15] Compressing: D:\RaynzPitStop\build\..\backend\dist\RaynzPitStop\_internal\pytz\zoneinfo\America\Rankin_Inlet
[2026-08-17 08:39:15] Compressing: D:\RaynzPitStop\build\..\backend\dist\RaynzPitStop\_internal\pytz\zoneinfo\America\Recife
[2026-08-17 08:39:15] Compressing: D:\RaynzPitStop\build\..\backend\dist\RaynzPitStop\_internal\pytz\zoneinfo\America\Regina
[2026-08-17 08:39:15] Compressing: D:\RaynzPitStop\build\..\backend\dist\RaynzPitStop\_internal\pytz\zoneinfo\America\Resolute
[2026-08-17 08:39:15] Compressing: D:\RaynzPitStop\build\..\backend\dist\RaynzPitStop\_internal\pytz\zoneinfo\America\Rio_Branco
[2026-08-17 08:39:15] Compressing: D:\RaynzPitStop\build\..\backend\dist\RaynzPitStop\_internal\pytz\zoneinfo\America\Rosario
[2026-08-17 08:39:15] Compressing: D:\RaynzPitStop\build\..\backend\dist\RaynzPitStop\_internal\pytz\zoneinfo\America\Santarem
[2026-08-17 08:39:15] Compressing: D:\RaynzPitStop\build\..\backend\dist\RaynzPitStop\_internal\pytz\zoneinfo\America\Santa_Isabel
[2026-08-17 08:39:15] Compressing: D:\RaynzPitStop\build\..\backend\dist\RaynzPitStop\_internal\pytz\zoneinfo\America\Santiago
[2026-08-17 08:39:15] Compressing: D:\RaynzPitStop\build\..\backend\dist\RaynzPitStop\_internal\pytz\zoneinfo\America\Santo_Domingo
[2026-08-17 08:39:15] Compressing: D:\RaynzPitStop\build\..\backend\dist\RaynzPitStop\_internal\pytz\zoneinfo\America\Sao_Paulo
[2026-08-17 08:39:15] Compressing: D:\RaynzPitStop\build\..\backend\dist\RaynzPitStop\_internal\pytz\zoneinfo\America\Scoresbysund
[2026-08-17 08:39:15] Compressing: D:\RaynzPitStop\build\..\backend\dist\RaynzPitStop\_internal\pytz\zoneinfo\America\Shiprock
[2026-08-17 08:39:15] Compressing: D:\RaynzPitStop\build\..\backend\dist\RaynzPitStop\_internal\pytz\zoneinfo\America\Sitka
[2026-08-17 08:39:15] Compressing: D:\RaynzPitStop\build\..\backend\dist\RaynzPitStop\_internal\pytz\zoneinfo\America\St_Barthelemy
[2026-08-17 08:39:15] Compressing: D:\RaynzPitStop\build\..\backend\dist\RaynzPitStop\_internal\pytz\zoneinfo\America\St_Johns
[2026-08-17 08:39:15] Compressing: D:\RaynzPitStop\build\..\backend\dist\RaynzPitStop\_internal\pytz\zoneinfo\America\St_Kitts
[2026-08-17 08:39:15] Compressing: D:\RaynzPitStop\build\..\backend\dist\RaynzPitStop\_internal\pytz\zoneinfo\America\St_Lucia
[2026-08-17 08:39:15] Compressing: D:\RaynzPitStop\build\..\backend\dist\RaynzPitStop\_internal\pytz\zoneinfo\America\St_Thomas
[2026-08-17 08:39:15] Compressing: D:\RaynzPitStop\build\..\backend\dist\RaynzPitStop\_internal\pytz\zoneinfo\America\St_Vincent
[2026-08-17 08:39:15] Compressing: D:\RaynzPitStop\build\..\backend\dist\RaynzPitStop\_internal\pytz\zoneinfo\America\Swift_Current
[2026-08-17 08:39:15] Compressing: D:\RaynzPitStop\build\..\backend\dist\RaynzPitStop\_internal\pytz\zoneinfo\America\Tegucigalpa
[2026-08-17 08:39:15] Compressing: D:\RaynzPitStop\build\..\backend\dist\RaynzPitStop\_internal\pytz\zoneinfo\America\Thule
[2026-08-17 08:39:15] Compressing: D:\RaynzPitStop\build\..\backend\dist\RaynzPitStop\_internal\pytz\zoneinfo\America\Thunder_Bay
[2026-08-17 08:39:15] Compressing: D:\RaynzPitStop\build\..\backend\dist\RaynzPitStop\_internal\pytz\zoneinfo\America\Tijuana
[2026-08-17 08:39:15] Compressing: D:\RaynzPitStop\build\..\backend\dist\RaynzPitStop\_internal\pytz\zoneinfo\America\Toronto
[2026-08-17 08:39:15] Compressing: D:\RaynzPitStop\build\..\backend\dist\RaynzPitStop\_internal\pytz\zoneinfo\America\Tortola
[2026-08-17 08:39:15] Compressing: D:\RaynzPitStop\build\..\backend\dist\RaynzPitStop\_internal\pytz\zoneinfo\America\Vancouver
[2026-08-17 08:39:15] Compressing: D:\RaynzPitStop\build\..\backend\dist\RaynzPitStop\_internal\pytz\zoneinfo\America\Virgin
[2026-08-17 08:39:15] Compressing: D:\RaynzPitStop\build\..\backend\dist\RaynzPitStop\_internal\pytz\zoneinfo\America\Whitehorse
[2026-08-17 08:39:15] Compressing: D:\RaynzPitStop\build\..\backend\dist\RaynzPitStop\_internal\pytz\zoneinfo\America\Winnipeg
[2026-08-17 08:39:15] Compressing: D:\RaynzPitStop\build\..\backend\dist\RaynzPitStop\_internal\pytz\zoneinfo\America\Yakutat
[2026-08-17 08:39:15] Compressing: D:\RaynzPitStop\build\..\backend\dist\RaynzPitStop\_internal\pytz\zoneinfo\America\Yellowknife
[2026-08-17 08:39:15] Compressing: D:\RaynzPitStop\build\..\backend\dist\RaynzPitStop\_internal\pytz\zoneinfo\America\Argentina\Buenos_Aires
[2026-08-17 08:39:15] Compressing: D:\RaynzPitStop\build\..\backend\dist\RaynzPitStop\_internal\pytz\zoneinfo\America\Argentina\Catamarca
[2026-08-17 08:39:15] Compressing: D:\RaynzPitStop\build\..\backend\dist\RaynzPitStop\_internal\pytz\zoneinfo\America\Argentina\ComodRivadavia
[2026-08-17 08:39:15] Compressing: D:\RaynzPitStop\build\..\backend\dist\RaynzPitStop\_internal\pytz\zoneinfo\America\Argentina\Cordoba
[2026-08-17 08:39:15] Compressing: D:\RaynzPitStop\build\..\backend\dist\RaynzPitStop\_internal\pytz\zoneinfo\America\Argentina\Jujuy
[2026-08-17 08:39:15] Compressing: D:\RaynzPitStop\build\..\backend\dist\RaynzPitStop\_internal\pytz\zoneinfo\America\Argentina\La_Rioja
[2026-08-17 08:39:15] Compressing: D:\RaynzPitStop\build\..\backend\dist\RaynzPitStop\_internal\pytz\zoneinfo\America\Argentina\Mendoza
[2026-08-17 08:39:15] Compressing: D:\RaynzPitStop\build\..\backend\dist\RaynzPitStop\_internal\pytz\zoneinfo\America\Argentina\Rio_Gallegos
[2026-08-17 08:39:15] Compressing: D:\RaynzPitStop\build\..\backend\dist\RaynzPitStop\_internal\pytz\zoneinfo\America\Argentina\Salta
[2026-08-17 08:39:15] Compressing: D:\RaynzPitStop\build\..\backend\dist\RaynzPitStop\_internal\pytz\zoneinfo\America\Argentina\San_Juan
[2026-08-17 08:39:15] Compressing: D:\RaynzPitStop\build\..\backend\dist\RaynzPitStop\_internal\pytz\zoneinfo\America\Argentina\San_Luis
[2026-08-17 08:39:15] Compressing: D:\RaynzPitStop\build\..\backend\dist\RaynzPitStop\_internal\pytz\zoneinfo\America\Argentina\Tucuman
[2026-08-17 08:39:15] Compressing: D:\RaynzPitStop\build\..\backend\dist\RaynzPitStop\_internal\pytz\zoneinfo\America\Argentina\Ushuaia
[2026-08-17 08:39:15] Compressing: D:\RaynzPitStop\build\..\backend\dist\RaynzPitStop\_internal\pytz\zoneinfo\America\Indiana\Indianapolis
[2026-08-17 08:39:15] Compressing: D:\RaynzPitStop\build\..\backend\dist\RaynzPitStop\_internal\pytz\zoneinfo\America\Indiana\Knox
[2026-08-17 08:39:15] Compressing: D:\RaynzPitStop\build\..\backend\dist\RaynzPitStop\_internal\pytz\zoneinfo\America\Indiana\Marengo
[2026-08-17 08:39:15] Compressing: D:\RaynzPitStop\build\..\backend\dist\RaynzPitStop\_internal\pytz\zoneinfo\America\Indiana\Petersburg
[2026-08-17 08:39:15] Compressing: D:\RaynzPitStop\build\..\backend\dist\RaynzPitStop\_internal\pytz\zoneinfo\America\Indiana\Tell_City
[2026-08-17 08:39:15] Compressing: D:\RaynzPitStop\build\..\backend\dist\RaynzPitStop\_internal\pytz\zoneinfo\America\Indiana\Vevay
[2026-08-17 08:39:15] Compressing: D:\RaynzPitStop\build\..\backend\dist\RaynzPitStop\_internal\pytz\zoneinfo\America\Indiana\Vincennes
[2026-08-17 08:39:15] Compressing: D:\RaynzPitStop\build\..\backend\dist\RaynzPitStop\_internal\pytz\zoneinfo\America\Indiana\Winamac
[2026-08-17 08:39:15] Compressing: D:\RaynzPitStop\build\..\backend\dist\RaynzPitStop\_internal\pytz\zoneinfo\America\Kentucky\Louisville
[2026-08-17 08:39:15] Compressing: D:\RaynzPitStop\build\..\backend\dist\RaynzPitStop\_internal\pytz\zoneinfo\America\Kentucky\Monticello
[2026-08-17 08:39:15] Compressing: D:\RaynzPitStop\build\..\backend\dist\RaynzPitStop\_internal\pytz\zoneinfo\America\North_Dakota\Beulah
[2026-08-17 08:39:15] Compressing: D:\RaynzPitStop\build\..\backend\dist\RaynzPitStop\_internal\pytz\zoneinfo\America\North_Dakota\Center
[2026-08-17 08:39:15] Compressing: D:\RaynzPitStop\build\..\backend\dist\RaynzPitStop\_internal\pytz\zoneinfo\America\North_Dakota\New_Salem
[2026-08-17 08:39:15] Compressing: D:\RaynzPitStop\build\..\backend\dist\RaynzPitStop\_internal\pytz\zoneinfo\Antarctica\Casey
[2026-08-17 08:39:15] Compressing: D:\RaynzPitStop\build\..\backend\dist\RaynzPitStop\_internal\pytz\zoneinfo\Antarctica\Davis
[2026-08-17 08:39:15] Compressing: D:\RaynzPitStop\build\..\backend\dist\RaynzPitStop\_internal\pytz\zoneinfo\Antarctica\DumontDUrville
[2026-08-17 08:39:15] Compressing: D:\RaynzPitStop\build\..\backend\dist\RaynzPitStop\_internal\pytz\zoneinfo\Antarctica\Macquarie
[2026-08-17 08:39:15] Compressing: D:\RaynzPitStop\build\..\backend\dist\RaynzPitStop\_internal\pytz\zoneinfo\Antarctica\Mawson
[2026-08-17 08:39:15] Compressing: D:\RaynzPitStop\build\..\backend\dist\RaynzPitStop\_internal\pytz\zoneinfo\Antarctica\McMurdo
[2026-08-17 08:39:15] Compressing: D:\RaynzPitStop\build\..\backend\dist\RaynzPitStop\_internal\pytz\zoneinfo\Antarctica\Palmer
[2026-08-17 08:39:15] Compressing: D:\RaynzPitStop\build\..\backend\dist\RaynzPitStop\_internal\pytz\zoneinfo\Antarctica\Rothera
[2026-08-17 08:39:15] Compressing: D:\RaynzPitStop\build\..\backend\dist\RaynzPitStop\_internal\pytz\zoneinfo\Antarctica\South_Pole
[2026-08-17 08:39:15] Compressing: D:\RaynzPitStop\build\..\backend\dist\RaynzPitStop\_internal\pytz\zoneinfo\Antarctica\Syowa
[2026-08-17 08:39:15] Compressing: D:\RaynzPitStop\build\..\backend\dist\RaynzPitStop\_internal\pytz\zoneinfo\Antarctica\Troll
[2026-08-17 08:39:15] Compressing: D:\RaynzPitStop\build\..\backend\dist\RaynzPitStop\_internal\pytz\zoneinfo\Antarctica\Vostok
[2026-08-17 08:39:15] Compressing: D:\RaynzPitStop\build\..\backend\dist\RaynzPitStop\_internal\pytz\zoneinfo\Arctic\Longyearbyen
[2026-08-17 08:39:15] Compressing: D:\RaynzPitStop\build\..\backend\dist\RaynzPitStop\_internal\pytz\zoneinfo\Asia\Aden
[2026-08-17 08:39:15] Compressing: D:\RaynzPitStop\build\..\backend\dist\RaynzPitStop\_internal\pytz\zoneinfo\Asia\Almaty
[2026-08-17 08:39:15] Compressing: D:\RaynzPitStop\build\..\backend\dist\RaynzPitStop\_internal\pytz\zoneinfo\Asia\Amman
[2026-08-17 08:39:15] Compressing: D:\RaynzPitStop\build\..\backend\dist\RaynzPitStop\_internal\pytz\zoneinfo\Asia\Anadyr
[2026-08-17 08:39:15] Compressing: D:\RaynzPitStop\build\..\backend\dist\RaynzPitStop\_internal\pytz\zoneinfo\Asia\Aqtau
[2026-08-17 08:39:15] Compressing: D:\RaynzPitStop\build\..\backend\dist\RaynzPitStop\_internal\pytz\zoneinfo\Asia\Aqtobe
[2026-08-17 08:39:15] Compressing: D:\RaynzPitStop\build\..\backend\dist\RaynzPitStop\_internal\pytz\zoneinfo\Asia\Ashgabat
[2026-08-17 08:39:15] Compressing: D:\RaynzPitStop\build\..\backend\dist\RaynzPitStop\_internal\pytz\zoneinfo\Asia\Ashkhabad
[2026-08-17 08:39:15] Compressing: D:\RaynzPitStop\build\..\backend\dist\RaynzPitStop\_internal\pytz\zoneinfo\Asia\Atyrau
[2026-08-17 08:39:15] Compressing: D:\RaynzPitStop\build\..\backend\dist\RaynzPitStop\_internal\pytz\zoneinfo\Asia\Baghdad
[2026-08-17 08:39:15] Compressing: D:\RaynzPitStop\build\..\backend\dist\RaynzPitStop\_internal\pytz\zoneinfo\Asia\Bahrain
[2026-08-17 08:39:15] Compressing: D:\RaynzPitStop\build\..\backend\dist\RaynzPitStop\_internal\pytz\zoneinfo\Asia\Baku
[2026-08-17 08:39:15] Compressing: D:\RaynzPitStop\build\..\backend\dist\RaynzPitStop\_internal\pytz\zoneinfo\Asia\Bangkok
[2026-08-17 08:39:15] Compressing: D:\RaynzPitStop\build\..\backend\dist\RaynzPitStop\_internal\pytz\zoneinfo\Asia\Barnaul
[2026-08-17 08:39:15] Compressing: D:\RaynzPitStop\build\..\backend\dist\RaynzPitStop\_internal\pytz\zoneinfo\Asia\Beirut
[2026-08-17 08:39:15] Compressing: D:\RaynzPitStop\build\..\backend\dist\RaynzPitStop\_internal\pytz\zoneinfo\Asia\Bishkek
[2026-08-17 08:39:15] Compressing: D:\RaynzPitStop\build\..\backend\dist\RaynzPitStop\_internal\pytz\zoneinfo\Asia\Brunei
[2026-08-17 08:39:15] Compressing: D:\RaynzPitStop\build\..\backend\dist\RaynzPitStop\_internal\pytz\zoneinfo\Asia\Calcutta
[2026-08-17 08:39:15] Compressing: D:\RaynzPitStop\build\..\backend\dist\RaynzPitStop\_internal\pytz\zoneinfo\Asia\Chita
[2026-08-17 08:39:15] Compressing: D:\RaynzPitStop\build\..\backend\dist\RaynzPitStop\_internal\pytz\zoneinfo\Asia\Choibalsan
[2026-08-17 08:39:15] Compressing: D:\RaynzPitStop\build\..\backend\dist\RaynzPitStop\_internal\pytz\zoneinfo\Asia\Chongqing
[2026-08-17 08:39:15] Compressing: D:\RaynzPitStop\build\..\backend\dist\RaynzPitStop\_internal\pytz\zoneinfo\Asia\Chungking
[2026-08-17 08:39:15] Compressing: D:\RaynzPitStop\build\..\backend\dist\RaynzPitStop\_internal\pytz\zoneinfo\Asia\Colombo
[2026-08-17 08:39:15] Compressing: D:\RaynzPitStop\build\..\backend\dist\RaynzPitStop\_internal\pytz\zoneinfo\Asia\Dacca
[2026-08-17 08:39:15] Compressing: D:\RaynzPitStop\build\..\backend\dist\RaynzPitStop\_internal\pytz\zoneinfo\Asia\Damascus
[2026-08-17 08:39:15] Compressing: D:\RaynzPitStop\build\..\backend\dist\RaynzPitStop\_internal\pytz\zoneinfo\Asia\Dhaka
[2026-08-17 08:39:15] Compressing: D:\RaynzPitStop\build\..\backend\dist\RaynzPitStop\_internal\pytz\zoneinfo\Asia\Dili
[2026-08-17 08:39:15] Compressing: D:\RaynzPitStop\build\..\backend\dist\RaynzPitStop\_internal\pytz\zoneinfo\Asia\Dubai
[2026-08-17 08:39:15] Compressing: D:\RaynzPitStop\build\..\backend\dist\RaynzPitStop\_internal\pytz\zoneinfo\Asia\Dushanbe
[2026-08-17 08:39:15] Compressing: D:\RaynzPitStop\build\..\backend\dist\RaynzPitStop\_internal\pytz\zoneinfo\Asia\Famagusta
[2026-08-17 08:39:15] Compressing: D:\RaynzPitStop\build\..\backend\dist\RaynzPitStop\_internal\pytz\zoneinfo\Asia\Gaza
[2026-08-17 08:39:15] Compressing: D:\RaynzPitStop\build\..\backend\dist\RaynzPitStop\_internal\pytz\zoneinfo\Asia\Harbin
[2026-08-17 08:39:15] Compressing: D:\RaynzPitStop\build\..\backend\dist\RaynzPitStop\_internal\pytz\zoneinfo\Asia\Hebron
[2026-08-17 08:39:15] Compressing: D:\RaynzPitStop\build\..\backend\dist\RaynzPitStop\_internal\pytz\zoneinfo\Asia\Hong_Kong
[2026-08-17 08:39:15] Compressing: D:\RaynzPitStop\build\..\backend\dist\RaynzPitStop\_internal\pytz\zoneinfo\Asia\Hovd
[2026-08-17 08:39:15] Compressing: D:\RaynzPitStop\build\..\backend\dist\RaynzPitStop\_internal\pytz\zoneinfo\Asia\Ho_Chi_Minh
[2026-08-17 08:39:15] Compressing: D:\RaynzPitStop\build\..\backend\dist\RaynzPitStop\_internal\pytz\zoneinfo\Asia\Irkutsk
[2026-08-17 08:39:15] Compressing: D:\RaynzPitStop\build\..\backend\dist\RaynzPitStop\_internal\pytz\zoneinfo\Asia\Istanbul
[2026-08-17 08:39:15] Compressing: D:\RaynzPitStop\build\..\backend\dist\RaynzPitStop\_internal\pytz\zoneinfo\Asia\Jakarta
[2026-08-17 08:39:15] Compressing: D:\RaynzPitStop\build\..\backend\dist\RaynzPitStop\_internal\pytz\zoneinfo\Asia\Jayapura
[2026-08-17 08:39:15] Compressing: D:\RaynzPitStop\build\..\backend\dist\RaynzPitStop\_internal\pytz\zoneinfo\Asia\Jerusalem
[2026-08-17 08:39:15] Compressing: D:\RaynzPitStop\build\..\backend\dist\RaynzPitStop\_internal\pytz\zoneinfo\Asia\Kabul
[2026-08-17 08:39:15] Compressing: D:\RaynzPitStop\build\..\backend\dist\RaynzPitStop\_internal\pytz\zoneinfo\Asia\Kamchatka
[2026-08-17 08:39:15] Compressing: D:\RaynzPitStop\build\..\backend\dist\RaynzPitStop\_internal\pytz\zoneinfo\Asia\Karachi
[2026-08-17 08:39:15] Compressing: D:\RaynzPitStop\build\..\backend\dist\RaynzPitStop\_internal\pytz\zoneinfo\Asia\Kashgar
[2026-08-17 08:39:15] Compressing: D:\RaynzPitStop\build\..\backend\dist\RaynzPitStop\_internal\pytz\zoneinfo\Asia\Kathmandu
[2026-08-17 08:39:15] Compressing: D:\RaynzPitStop\build\..\backend\dist\RaynzPitStop\_internal\pytz\zoneinfo\Asia\Katmandu
[2026-08-17 08:39:15] Compressing: D:\RaynzPitStop\build\..\backend\dist\RaynzPitStop\_internal\pytz\zoneinfo\Asia\Khandyga
[2026-08-17 08:39:15] Compressing: D:\RaynzPitStop\build\..\backend\dist\RaynzPitStop\_internal\pytz\zoneinfo\Asia\Kolkata
[2026-08-17 08:39:15] Compressing: D:\RaynzPitStop\build\..\backend\dist\RaynzPitStop\_internal\pytz\zoneinfo\Asia\Krasnoyarsk
[2026-08-17 08:39:15] Compressing: D:\RaynzPitStop\build\..\backend\dist\RaynzPitStop\_internal\pytz\zoneinfo\Asia\Kuala_Lumpur
[2026-08-17 08:39:15] Compressing: D:\RaynzPitStop\build\..\backend\dist\RaynzPitStop\_internal\pytz\zoneinfo\Asia\Kuching
[2026-08-17 08:39:15] Compressing: D:\RaynzPitStop\build\..\backend\dist\RaynzPitStop\_internal\pytz\zoneinfo\Asia\Kuwait
[2026-08-17 08:39:15] Compressing: D:\RaynzPitStop\build\..\backend\dist\RaynzPitStop\_internal\pytz\zoneinfo\Asia\Macao
[2026-08-17 08:39:15] Compressing: D:\RaynzPitStop\build\..\backend\dist\RaynzPitStop\_internal\pytz\zoneinfo\Asia\Macau
[2026-08-17 08:39:15] Compressing: D:\RaynzPitStop\build\..\backend\dist\RaynzPitStop\_internal\pytz\zoneinfo\Asia\Magadan
[2026-08-17 08:39:15] Compressing: D:\RaynzPitStop\build\..\backend\dist\RaynzPitStop\_internal\pytz\zoneinfo\Asia\Makassar
[2026-08-17 08:39:15] Compressing: D:\RaynzPitStop\build\..\backend\dist\RaynzPitStop\_internal\pytz\zoneinfo\Asia\Manila
[2026-08-17 08:39:15] Compressing: D:\RaynzPitStop\build\..\backend\dist\RaynzPitStop\_internal\pytz\zoneinfo\Asia\Muscat
[2026-08-17 08:39:15] Compressing: D:\RaynzPitStop\build\..\backend\dist\RaynzPitStop\_internal\pytz\zoneinfo\Asia\Nicosia
[2026-08-17 08:39:15] Compressing: D:\RaynzPitStop\build\..\backend\dist\RaynzPitStop\_internal\pytz\zoneinfo\Asia\Novokuznetsk
[2026-08-17 08:39:15] Compressing: D:\RaynzPitStop\build\..\backend\dist\RaynzPitStop\_internal\pytz\zoneinfo\Asia\Novosibirsk
[2026-08-17 08:39:15] Compressing: D:\RaynzPitStop\build\..\backend\dist\RaynzPitStop\_internal\pytz\zoneinfo\Asia\Omsk
[2026-08-17 08:39:15] Compressing: D:\RaynzPitStop\build\..\backend\dist\RaynzPitStop\_internal\pytz\zoneinfo\Asia\Oral
[2026-08-17 08:39:15] Compressing: D:\RaynzPitStop\build\..\backend\dist\RaynzPitStop\_internal\pytz\zoneinfo\Asia\Phnom_Penh
[2026-08-17 08:39:15] Compressing: D:\RaynzPitStop\build\..\backend\dist\RaynzPitStop\_internal\pytz\zoneinfo\Asia\Pontianak
[2026-08-17 08:39:15] Compressing: D:\RaynzPitStop\build\..\backend\dist\RaynzPitStop\_internal\pytz\zoneinfo\Asia\Pyongyang
[2026-08-17 08:39:15] Compressing: D:\RaynzPitStop\build\..\backend\dist\RaynzPitStop\_internal\pytz\zoneinfo\Asia\Qatar
[2026-08-17 08:39:15] Compressing: D:\RaynzPitStop\build\..\backend\dist\RaynzPitStop\_internal\pytz\zoneinfo\Asia\Qostanay
[2026-08-17 08:39:15] Compressing: D:\RaynzPitStop\build\..\backend\dist\RaynzPitStop\_internal\pytz\zoneinfo\Asia\Qyzylorda
[2026-08-17 08:39:15] Compressing: D:\RaynzPitStop\build\..\backend\dist\RaynzPitStop\_internal\pytz\zoneinfo\Asia\Rangoon
[2026-08-17 08:39:15] Compressing: D:\RaynzPitStop\build\..\backend\dist\RaynzPitStop\_internal\pytz\zoneinfo\Asia\Riyadh
[2026-08-17 08:39:15] Compressing: D:\RaynzPitStop\build\..\backend\dist\RaynzPitStop\_internal\pytz\zoneinfo\Asia\Saigon
[2026-08-17 08:39:15] Compressing: D:\RaynzPitStop\build\..\backend\dist\RaynzPitStop\_internal\pytz\zoneinfo\Asia\Sakhalin
[2026-08-17 08:39:15] Compressing: D:\RaynzPitStop\build\..\backend\dist\RaynzPitStop\_internal\pytz\zoneinfo\Asia\Samarkand
[2026-08-17 08:39:15] Compressing: D:\RaynzPitStop\build\..\backend\dist\RaynzPitStop\_internal\pytz\zoneinfo\Asia\Seoul
[2026-08-17 08:39:15] Compressing: D:\RaynzPitStop\build\..\backend\dist\RaynzPitStop\_internal\pytz\zoneinfo\Asia\Shanghai
[2026-08-17 08:39:15] Compressing: D:\RaynzPitStop\build\..\backend\dist\RaynzPitStop\_internal\pytz\zoneinfo\Asia\Singapore
[2026-08-17 08:39:15] Compressing: D:\RaynzPitStop\build\..\backend\dist\RaynzPitStop\_internal\pytz\zoneinfo\Asia\Srednekolymsk
[2026-08-17 08:39:15] Compressing: D:\RaynzPitStop\build\..\backend\dist\RaynzPitStop\_internal\pytz\zoneinfo\Asia\Taipei
[2026-08-17 08:39:15] Compressing: D:\RaynzPitStop\build\..\backend\dist\RaynzPitStop\_internal\pytz\zoneinfo\Asia\Tashkent
[2026-08-17 08:39:15] Compressing: D:\RaynzPitStop\build\..\backend\dist\RaynzPitStop\_internal\pytz\zoneinfo\Asia\Tbilisi
[2026-08-17 08:39:15] Compressing: D:\RaynzPitStop\build\..\backend\dist\RaynzPitStop\_internal\pytz\zoneinfo\Asia\Tehran
[2026-08-17 08:39:15] Compressing: D:\RaynzPitStop\build\..\backend\dist\RaynzPitStop\_internal\pytz\zoneinfo\Asia\Tel_Aviv
[2026-08-17 08:39:15] Compressing: D:\RaynzPitStop\build\..\backend\dist\RaynzPitStop\_internal\pytz\zoneinfo\Asia\Thimbu
[2026-08-17 08:39:15] Compressing: D:\RaynzPitStop\build\..\backend\dist\RaynzPitStop\_internal\pytz\zoneinfo\Asia\Thimphu
[2026-08-17 08:39:15] Compressing: D:\RaynzPitStop\build\..\backend\dist\RaynzPitStop\_internal\pytz\zoneinfo\Asia\Tokyo
[2026-08-17 08:39:15] Compressing: D:\RaynzPitStop\build\..\backend\dist\RaynzPitStop\_internal\pytz\zoneinfo\Asia\Tomsk
[2026-08-17 08:39:15] Compressing: D:\RaynzPitStop\build\..\backend\dist\RaynzPitStop\_internal\pytz\zoneinfo\Asia\Ujung_Pandang
[2026-08-17 08:39:15] Compressing: D:\RaynzPitStop\build\..\backend\dist\RaynzPitStop\_internal\pytz\zoneinfo\Asia\Ulaanbaatar
[2026-08-17 08:39:15] Compressing: D:\RaynzPitStop\build\..\backend\dist\RaynzPitStop\_internal\pytz\zoneinfo\Asia\Ulan_Bator
[2026-08-17 08:39:15] Compressing: D:\RaynzPitStop\build\..\backend\dist\RaynzPitStop\_internal\pytz\zoneinfo\Asia\Urumqi
[2026-08-17 08:39:15] Compressing: D:\RaynzPitStop\build\..\backend\dist\RaynzPitStop\_internal\pytz\zoneinfo\Asia\Ust-Nera
[2026-08-17 08:39:15] Compressing: D:\RaynzPitStop\build\..\backend\dist\RaynzPitStop\_internal\pytz\zoneinfo\Asia\Vientiane
[2026-08-17 08:39:15] Compressing: D:\RaynzPitStop\build\..\backend\dist\RaynzPitStop\_internal\pytz\zoneinfo\Asia\Vladivostok
[2026-08-17 08:39:15] Compressing: D:\RaynzPitStop\build\..\backend\dist\RaynzPitStop\_internal\pytz\zoneinfo\Asia\Yakutsk
[2026-08-17 08:39:15] Compressing: D:\RaynzPitStop\build\..\backend\dist\RaynzPitStop\_internal\pytz\zoneinfo\Asia\Yangon
[2026-08-17 08:39:15] Compressing: D:\RaynzPitStop\build\..\backend\dist\RaynzPitStop\_internal\pytz\zoneinfo\Asia\Yekaterinburg
[2026-08-17 08:39:15] Compressing: D:\RaynzPitStop\build\..\backend\dist\RaynzPitStop\_internal\pytz\zoneinfo\Asia\Yerevan
[2026-08-17 08:39:15] Compressing: D:\RaynzPitStop\build\..\backend\dist\RaynzPitStop\_internal\pytz\zoneinfo\Atlantic\Azores
[2026-08-17 08:39:15] Compressing: D:\RaynzPitStop\build\..\backend\dist\RaynzPitStop\_internal\pytz\zoneinfo\Atlantic\Bermuda
[2026-08-17 08:39:15] Compressing: D:\RaynzPitStop\build\..\backend\dist\RaynzPitStop\_internal\pytz\zoneinfo\Atlantic\Canary
[2026-08-17 08:39:15] Compressing: D:\RaynzPitStop\build\..\backend\dist\RaynzPitStop\_internal\pytz\zoneinfo\Atlantic\Cape_Verde
[2026-08-17 08:39:15] Compressing: D:\RaynzPitStop\build\..\backend\dist\RaynzPitStop\_internal\pytz\zoneinfo\Atlantic\Faeroe
[2026-08-17 08:39:15] Compressing: D:\RaynzPitStop\build\..\backend\dist\RaynzPitStop\_internal\pytz\zoneinfo\Atlantic\Faroe
[2026-08-17 08:39:15] Compressing: D:\RaynzPitStop\build\..\backend\dist\RaynzPitStop\_internal\pytz\zoneinfo\Atlantic\Jan_Mayen
[2026-08-17 08:39:15] Compressing: D:\RaynzPitStop\build\..\backend\dist\RaynzPitStop\_internal\pytz\zoneinfo\Atlantic\Madeira
[2026-08-17 08:39:15] Compressing: D:\RaynzPitStop\build\..\backend\dist\RaynzPitStop\_internal\pytz\zoneinfo\Atlantic\Reykjavik
[2026-08-17 08:39:15] Compressing: D:\RaynzPitStop\build\..\backend\dist\RaynzPitStop\_internal\pytz\zoneinfo\Atlantic\South_Georgia
[2026-08-17 08:39:15] Compressing: D:\RaynzPitStop\build\..\backend\dist\RaynzPitStop\_internal\pytz\zoneinfo\Atlantic\Stanley
[2026-08-17 08:39:15] Compressing: D:\RaynzPitStop\build\..\backend\dist\RaynzPitStop\_internal\pytz\zoneinfo\Atlantic\St_Helena
[2026-08-17 08:39:15] Compressing: D:\RaynzPitStop\build\..\backend\dist\RaynzPitStop\_internal\pytz\zoneinfo\Australia\ACT
[2026-08-17 08:39:15] Compressing: D:\RaynzPitStop\build\..\backend\dist\RaynzPitStop\_internal\pytz\zoneinfo\Australia\Adelaide
[2026-08-17 08:39:15] Compressing: D:\RaynzPitStop\build\..\backend\dist\RaynzPitStop\_internal\pytz\zoneinfo\Australia\Brisbane
[2026-08-17 08:39:15] Compressing: D:\RaynzPitStop\build\..\backend\dist\RaynzPitStop\_internal\pytz\zoneinfo\Australia\Broken_Hill
[2026-08-17 08:39:15] Compressing: D:\RaynzPitStop\build\..\backend\dist\RaynzPitStop\_internal\pytz\zoneinfo\Australia\Canberra
[2026-08-17 08:39:15] Compressing: D:\RaynzPitStop\build\..\backend\dist\RaynzPitStop\_internal\pytz\zoneinfo\Australia\Currie
[2026-08-17 08:39:15] Compressing: D:\RaynzPitStop\build\..\backend\dist\RaynzPitStop\_internal\pytz\zoneinfo\Australia\Darwin
[2026-08-17 08:39:15] Compressing: D:\RaynzPitStop\build\..\backend\dist\RaynzPitStop\_internal\pytz\zoneinfo\Australia\Eucla
[2026-08-17 08:39:15] Compressing: D:\RaynzPitStop\build\..\backend\dist\RaynzPitStop\_internal\pytz\zoneinfo\Australia\Hobart
[2026-08-17 08:39:15] Compressing: D:\RaynzPitStop\build\..\backend\dist\RaynzPitStop\_internal\pytz\zoneinfo\Australia\LHI
[2026-08-17 08:39:15] Compressing: D:\RaynzPitStop\build\..\backend\dist\RaynzPitStop\_internal\pytz\zoneinfo\Australia\Lindeman
[2026-08-17 08:39:15] Compressing: D:\RaynzPitStop\build\..\backend\dist\RaynzPitStop\_internal\pytz\zoneinfo\Australia\Lord_Howe
[2026-08-17 08:39:15] Compressing: D:\RaynzPitStop\build\..\backend\dist\RaynzPitStop\_internal\pytz\zoneinfo\Australia\Melbourne
[2026-08-17 08:39:15] Compressing: D:\RaynzPitStop\build\..\backend\dist\RaynzPitStop\_internal\pytz\zoneinfo\Australia\North
[2026-08-17 08:39:15] Compressing: D:\RaynzPitStop\build\..\backend\dist\RaynzPitStop\_internal\pytz\zoneinfo\Australia\NSW
[2026-08-17 08:39:15] Compressing: D:\RaynzPitStop\build\..\backend\dist\RaynzPitStop\_internal\pytz\zoneinfo\Australia\Perth
[2026-08-17 08:39:15] Compressing: D:\RaynzPitStop\build\..\backend\dist\RaynzPitStop\_internal\pytz\zoneinfo\Australia\Queensland
[2026-08-17 08:39:15] Compressing: D:\RaynzPitStop\build\..\backend\dist\RaynzPitStop\_internal\pytz\zoneinfo\Australia\South
[2026-08-17 08:39:15] Compressing: D:\RaynzPitStop\build\..\backend\dist\RaynzPitStop\_internal\pytz\zoneinfo\Australia\Sydney
[2026-08-17 08:39:15] Compressing: D:\RaynzPitStop\build\..\backend\dist\RaynzPitStop\_internal\pytz\zoneinfo\Australia\Tasmania
[2026-08-17 08:39:15] Compressing: D:\RaynzPitStop\build\..\backend\dist\RaynzPitStop\_internal\pytz\zoneinfo\Australia\Victoria
[2026-08-17 08:39:15] Compressing: D:\RaynzPitStop\build\..\backend\dist\RaynzPitStop\_internal\pytz\zoneinfo\Australia\West
[2026-08-17 08:39:15] Compressing: D:\RaynzPitStop\build\..\backend\dist\RaynzPitStop\_internal\pytz\zoneinfo\Australia\Yancowinna
[2026-08-17 08:39:15] Compressing: D:\RaynzPitStop\build\..\backend\dist\RaynzPitStop\_internal\pytz\zoneinfo\Brazil\Acre
[2026-08-17 08:39:15] Compressing: D:\RaynzPitStop\build\..\backend\dist\RaynzPitStop\_internal\pytz\zoneinfo\Brazil\DeNoronha
[2026-08-17 08:39:15] Compressing: D:\RaynzPitStop\build\..\backend\dist\RaynzPitStop\_internal\pytz\zoneinfo\Brazil\East
[2026-08-17 08:39:15] Compressing: D:\RaynzPitStop\build\..\backend\dist\RaynzPitStop\_internal\pytz\zoneinfo\Brazil\West
[2026-08-17 08:39:15] Compressing: D:\RaynzPitStop\build\..\backend\dist\RaynzPitStop\_internal\pytz\zoneinfo\Canada\Atlantic
[2026-08-17 08:39:15] Compressing: D:\RaynzPitStop\build\..\backend\dist\RaynzPitStop\_internal\pytz\zoneinfo\Canada\Central
[2026-08-17 08:39:15] Compressing: D:\RaynzPitStop\build\..\backend\dist\RaynzPitStop\_internal\pytz\zoneinfo\Canada\Eastern
[2026-08-17 08:39:15] Compressing: D:\RaynzPitStop\build\..\backend\dist\RaynzPitStop\_internal\pytz\zoneinfo\Canada\Mountain
[2026-08-17 08:39:15] Compressing: D:\RaynzPitStop\build\..\backend\dist\RaynzPitStop\_internal\pytz\zoneinfo\Canada\Newfoundland
[2026-08-17 08:39:15] Compressing: D:\RaynzPitStop\build\..\backend\dist\RaynzPitStop\_internal\pytz\zoneinfo\Canada\Pacific
[2026-08-17 08:39:15] Compressing: D:\RaynzPitStop\build\..\backend\dist\RaynzPitStop\_internal\pytz\zoneinfo\Canada\Saskatchewan
[2026-08-17 08:39:15] Compressing: D:\RaynzPitStop\build\..\backend\dist\RaynzPitStop\_internal\pytz\zoneinfo\Canada\Yukon
[2026-08-17 08:39:15] Compressing: D:\RaynzPitStop\build\..\backend\dist\RaynzPitStop\_internal\pytz\zoneinfo\Chile\Continental
[2026-08-17 08:39:15] Compressing: D:\RaynzPitStop\build\..\backend\dist\RaynzPitStop\_internal\pytz\zoneinfo\Chile\EasterIsland
[2026-08-17 08:39:15] Compressing: D:\RaynzPitStop\build\..\backend\dist\RaynzPitStop\_internal\pytz\zoneinfo\Etc\GMT
[2026-08-17 08:39:15] Compressing: D:\RaynzPitStop\build\..\backend\dist\RaynzPitStop\_internal\pytz\zoneinfo\Etc\GMT+0
[2026-08-17 08:39:15] Compressing: D:\RaynzPitStop\build\..\backend\dist\RaynzPitStop\_internal\pytz\zoneinfo\Etc\GMT+1
[2026-08-17 08:39:15] Compressing: D:\RaynzPitStop\build\..\backend\dist\RaynzPitStop\_internal\pytz\zoneinfo\Etc\GMT+10
[2026-08-17 08:39:15] Compressing: D:\RaynzPitStop\build\..\backend\dist\RaynzPitStop\_internal\pytz\zoneinfo\Etc\GMT+11
[2026-08-17 08:39:15] Compressing: D:\RaynzPitStop\build\..\backend\dist\RaynzPitStop\_internal\pytz\zoneinfo\Etc\GMT+12
[2026-08-17 08:39:15] Compressing: D:\RaynzPitStop\build\..\backend\dist\RaynzPitStop\_internal\pytz\zoneinfo\Etc\GMT+2
[2026-08-17 08:39:15] Compressing: D:\RaynzPitStop\build\..\backend\dist\RaynzPitStop\_internal\pytz\zoneinfo\Etc\GMT+3
[2026-08-17 08:39:15] Compressing: D:\RaynzPitStop\build\..\backend\dist\RaynzPitStop\_internal\pytz\zoneinfo\Etc\GMT+4
[2026-08-17 08:39:15] Compressing: D:\RaynzPitStop\build\..\backend\dist\RaynzPitStop\_internal\pytz\zoneinfo\Etc\GMT+5
[2026-08-17 08:39:15] Compressing: D:\RaynzPitStop\build\..\backend\dist\RaynzPitStop\_internal\pytz\zoneinfo\Etc\GMT+6
[2026-08-17 08:39:15] Compressing: D:\RaynzPitStop\build\..\backend\dist\RaynzPitStop\_internal\pytz\zoneinfo\Etc\GMT+7
[2026-08-17 08:39:15] Compressing: D:\RaynzPitStop\build\..\backend\dist\RaynzPitStop\_internal\pytz\zoneinfo\Etc\GMT+8
[2026-08-17 08:39:15] Compressing: D:\RaynzPitStop\build\..\backend\dist\RaynzPitStop\_internal\pytz\zoneinfo\Etc\GMT+9
[2026-08-17 08:39:15] Compressing: D:\RaynzPitStop\build\..\backend\dist\RaynzPitStop\_internal\pytz\zoneinfo\Etc\GMT-0
[2026-08-17 08:39:15] Compressing: D:\RaynzPitStop\build\..\backend\dist\RaynzPitStop\_internal\pytz\zoneinfo\Etc\GMT-1
[2026-08-17 08:39:15] Compressing: D:\RaynzPitStop\build\..\backend\dist\RaynzPitStop\_internal\pytz\zoneinfo\Etc\GMT-10
[2026-08-17 08:39:15] Compressing: D:\RaynzPitStop\build\..\backend\dist\RaynzPitStop\_internal\pytz\zoneinfo\Etc\GMT-11
[2026-08-17 08:39:15] Compressing: D:\RaynzPitStop\build\..\backend\dist\RaynzPitStop\_internal\pytz\zoneinfo\Etc\GMT-12
[2026-08-17 08:39:15] Compressing: D:\RaynzPitStop\build\..\backend\dist\RaynzPitStop\_internal\pytz\zoneinfo\Etc\GMT-13
[2026-08-17 08:39:15] Compressing: D:\RaynzPitStop\build\..\backend\dist\RaynzPitStop\_internal\pytz\zoneinfo\Etc\GMT-14
[2026-08-17 08:39:15] Compressing: D:\RaynzPitStop\build\..\backend\dist\RaynzPitStop\_internal\pytz\zoneinfo\Etc\GMT-2
[2026-08-17 08:39:15] Compressing: D:\RaynzPitStop\build\..\backend\dist\RaynzPitStop\_internal\pytz\zoneinfo\Etc\GMT-3
[2026-08-17 08:39:15] Compressing: D:\RaynzPitStop\build\..\backend\dist\RaynzPitStop\_internal\pytz\zoneinfo\Etc\GMT-4
[2026-08-17 08:39:15] Compressing: D:\RaynzPitStop\build\..\backend\dist\RaynzPitStop\_internal\pytz\zoneinfo\Etc\GMT-5
[2026-08-17 08:39:15] Compressing: D:\RaynzPitStop\build\..\backend\dist\RaynzPitStop\_internal\pytz\zoneinfo\Etc\GMT-6
[2026-08-17 08:39:15] Compressing: D:\RaynzPitStop\build\..\backend\dist\RaynzPitStop\_internal\pytz\zoneinfo\Etc\GMT-7
[2026-08-17 08:39:15] Compressing: D:\RaynzPitStop\build\..\backend\dist\RaynzPitStop\_internal\pytz\zoneinfo\Etc\GMT-8
[2026-08-17 08:39:15] Compressing: D:\RaynzPitStop\build\..\backend\dist\RaynzPitStop\_internal\pytz\zoneinfo\Etc\GMT-9
[2026-08-17 08:39:15] Compressing: D:\RaynzPitStop\build\..\backend\dist\RaynzPitStop\_internal\pytz\zoneinfo\Etc\GMT0
[2026-08-17 08:39:15] Compressing: D:\RaynzPitStop\build\..\backend\dist\RaynzPitStop\_internal\pytz\zoneinfo\Etc\Greenwich
[2026-08-17 08:39:15] Compressing: D:\RaynzPitStop\build\..\backend\dist\RaynzPitStop\_internal\pytz\zoneinfo\Etc\UCT
[2026-08-17 08:39:15] Compressing: D:\RaynzPitStop\build\..\backend\dist\RaynzPitStop\_internal\pytz\zoneinfo\Etc\Universal
[2026-08-17 08:39:15] Compressing: D:\RaynzPitStop\build\..\backend\dist\RaynzPitStop\_internal\pytz\zoneinfo\Etc\UTC
[2026-08-17 08:39:15] Compressing: D:\RaynzPitStop\build\..\backend\dist\RaynzPitStop\_internal\pytz\zoneinfo\Etc\Zulu
[2026-08-17 08:39:15] Compressing: D:\RaynzPitStop\build\..\backend\dist\RaynzPitStop\_internal\pytz\zoneinfo\Europe\Amsterdam
[2026-08-17 08:39:15] Compressing: D:\RaynzPitStop\build\..\backend\dist\RaynzPitStop\_internal\pytz\zoneinfo\Europe\Andorra
[2026-08-17 08:39:15] Compressing: D:\RaynzPitStop\build\..\backend\dist\RaynzPitStop\_internal\pytz\zoneinfo\Europe\Astrakhan
[2026-08-17 08:39:15] Compressing: D:\RaynzPitStop\build\..\backend\dist\RaynzPitStop\_internal\pytz\zoneinfo\Europe\Athens
[2026-08-17 08:39:15] Compressing: D:\RaynzPitStop\build\..\backend\dist\RaynzPitStop\_internal\pytz\zoneinfo\Europe\Belfast
[2026-08-17 08:39:15] Compressing: D:\RaynzPitStop\build\..\backend\dist\RaynzPitStop\_internal\pytz\zoneinfo\Europe\Belgrade
[2026-08-17 08:39:15] Compressing: D:\RaynzPitStop\build\..\backend\dist\RaynzPitStop\_internal\pytz\zoneinfo\Europe\Berlin
[2026-08-17 08:39:15] Compressing: D:\RaynzPitStop\build\..\backend\dist\RaynzPitStop\_internal\pytz\zoneinfo\Europe\Bratislava
[2026-08-17 08:39:15] Compressing: D:\RaynzPitStop\build\..\backend\dist\RaynzPitStop\_internal\pytz\zoneinfo\Europe\Brussels
[2026-08-17 08:39:15] Compressing: D:\RaynzPitStop\build\..\backend\dist\RaynzPitStop\_internal\pytz\zoneinfo\Europe\Bucharest
[2026-08-17 08:39:15] Compressing: D:\RaynzPitStop\build\..\backend\dist\RaynzPitStop\_internal\pytz\zoneinfo\Europe\Budapest
[2026-08-17 08:39:15] Compressing: D:\RaynzPitStop\build\..\backend\dist\RaynzPitStop\_internal\pytz\zoneinfo\Europe\Busingen
[2026-08-17 08:39:15] Compressing: D:\RaynzPitStop\build\..\backend\dist\RaynzPitStop\_internal\pytz\zoneinfo\Europe\Chisinau
[2026-08-17 08:39:15] Compressing: D:\RaynzPitStop\build\..\backend\dist\RaynzPitStop\_internal\pytz\zoneinfo\Europe\Copenhagen
[2026-08-17 08:39:15] Compressing: D:\RaynzPitStop\build\..\backend\dist\RaynzPitStop\_internal\pytz\zoneinfo\Europe\Dublin
[2026-08-17 08:39:15] Compressing: D:\RaynzPitStop\build\..\backend\dist\RaynzPitStop\_internal\pytz\zoneinfo\Europe\Gibraltar
[2026-08-17 08:39:15] Compressing: D:\RaynzPitStop\build\..\backend\dist\RaynzPitStop\_internal\pytz\zoneinfo\Europe\Guernsey
[2026-08-17 08:39:15] Compressing: D:\RaynzPitStop\build\..\backend\dist\RaynzPitStop\_internal\pytz\zoneinfo\Europe\Helsinki
[2026-08-17 08:39:15] Compressing: D:\RaynzPitStop\build\..\backend\dist\RaynzPitStop\_internal\pytz\zoneinfo\Europe\Isle_of_Man
[2026-08-17 08:39:15] Compressing: D:\RaynzPitStop\build\..\backend\dist\RaynzPitStop\_internal\pytz\zoneinfo\Europe\Istanbul
[2026-08-17 08:39:15] Compressing: D:\RaynzPitStop\build\..\backend\dist\RaynzPitStop\_internal\pytz\zoneinfo\Europe\Jersey
[2026-08-17 08:39:15] Compressing: D:\RaynzPitStop\build\..\backend\dist\RaynzPitStop\_internal\pytz\zoneinfo\Europe\Kaliningrad
[2026-08-17 08:39:15] Compressing: D:\RaynzPitStop\build\..\backend\dist\RaynzPitStop\_internal\pytz\zoneinfo\Europe\Kiev
[2026-08-17 08:39:15] Compressing: D:\RaynzPitStop\build\..\backend\dist\RaynzPitStop\_internal\pytz\zoneinfo\Europe\Kirov
[2026-08-17 08:39:15] Compressing: D:\RaynzPitStop\build\..\backend\dist\RaynzPitStop\_internal\pytz\zoneinfo\Europe\Kyiv
[2026-08-17 08:39:15] Compressing: D:\RaynzPitStop\build\..\backend\dist\RaynzPitStop\_internal\pytz\zoneinfo\Europe\Lisbon
[2026-08-17 08:39:15] Compressing: D:\RaynzPitStop\build\..\backend\dist\RaynzPitStop\_internal\pytz\zoneinfo\Europe\Ljubljana
[2026-08-17 08:39:15] Compressing: D:\RaynzPitStop\build\..\backend\dist\RaynzPitStop\_internal\pytz\zoneinfo\Europe\London
[2026-08-17 08:39:15] Compressing: D:\RaynzPitStop\build\..\backend\dist\RaynzPitStop\_internal\pytz\zoneinfo\Europe\Luxembourg
[2026-08-17 08:39:15] Compressing: D:\RaynzPitStop\build\..\backend\dist\RaynzPitStop\_internal\pytz\zoneinfo\Europe\Madrid
[2026-08-17 08:39:15] Compressing: D:\RaynzPitStop\build\..\backend\dist\RaynzPitStop\_internal\pytz\zoneinfo\Europe\Malta
[2026-08-17 08:39:15] Compressing: D:\RaynzPitStop\build\..\backend\dist\RaynzPitStop\_internal\pytz\zoneinfo\Europe\Mariehamn
[2026-08-17 08:39:15] Compressing: D:\RaynzPitStop\build\..\backend\dist\RaynzPitStop\_internal\pytz\zoneinfo\Europe\Minsk
[2026-08-17 08:39:15] Compressing: D:\RaynzPitStop\build\..\backend\dist\RaynzPitStop\_internal\pytz\zoneinfo\Europe\Monaco
[2026-08-17 08:39:15] Compressing: D:\RaynzPitStop\build\..\backend\dist\RaynzPitStop\_internal\pytz\zoneinfo\Europe\Moscow
[2026-08-17 08:39:15] Compressing: D:\RaynzPitStop\build\..\backend\dist\RaynzPitStop\_internal\pytz\zoneinfo\Europe\Nicosia
[2026-08-17 08:39:15] Compressing: D:\RaynzPitStop\build\..\backend\dist\RaynzPitStop\_internal\pytz\zoneinfo\Europe\Oslo
[2026-08-17 08:39:15] Compressing: D:\RaynzPitStop\build\..\backend\dist\RaynzPitStop\_internal\pytz\zoneinfo\Europe\Paris
[2026-08-17 08:39:15] Compressing: D:\RaynzPitStop\build\..\backend\dist\RaynzPitStop\_internal\pytz\zoneinfo\Europe\Podgorica
[2026-08-17 08:39:15] Compressing: D:\RaynzPitStop\build\..\backend\dist\RaynzPitStop\_internal\pytz\zoneinfo\Europe\Prague
[2026-08-17 08:39:15] Compressing: D:\RaynzPitStop\build\..\backend\dist\RaynzPitStop\_internal\pytz\zoneinfo\Europe\Riga
[2026-08-17 08:39:15] Compressing: D:\RaynzPitStop\build\..\backend\dist\RaynzPitStop\_internal\pytz\zoneinfo\Europe\Rome
[2026-08-17 08:39:15] Compressing: D:\RaynzPitStop\build\..\backend\dist\RaynzPitStop\_internal\pytz\zoneinfo\Europe\Samara
[2026-08-17 08:39:15] Compressing: D:\RaynzPitStop\build\..\backend\dist\RaynzPitStop\_internal\pytz\zoneinfo\Europe\San_Marino
[2026-08-17 08:39:15] Compressing: D:\RaynzPitStop\build\..\backend\dist\RaynzPitStop\_internal\pytz\zoneinfo\Europe\Sarajevo
[2026-08-17 08:39:15] Compressing: D:\RaynzPitStop\build\..\backend\dist\RaynzPitStop\_internal\pytz\zoneinfo\Europe\Saratov
[2026-08-17 08:39:15] Compressing: D:\RaynzPitStop\build\..\backend\dist\RaynzPitStop\_internal\pytz\zoneinfo\Europe\Simferopol
[2026-08-17 08:39:15] Compressing: D:\RaynzPitStop\build\..\backend\dist\RaynzPitStop\_internal\pytz\zoneinfo\Europe\Skopje
[2026-08-17 08:39:15] Compressing: D:\RaynzPitStop\build\..\backend\dist\RaynzPitStop\_internal\pytz\zoneinfo\Europe\Sofia
[2026-08-17 08:39:15] Compressing: D:\RaynzPitStop\build\..\backend\dist\RaynzPitStop\_internal\pytz\zoneinfo\Europe\Stockholm
[2026-08-17 08:39:15] Compressing: D:\RaynzPitStop\build\..\backend\dist\RaynzPitStop\_internal\pytz\zoneinfo\Europe\Tallinn
[2026-08-17 08:39:15] Compressing: D:\RaynzPitStop\build\..\backend\dist\RaynzPitStop\_internal\pytz\zoneinfo\Europe\Tirane
[2026-08-17 08:39:15] Compressing: D:\RaynzPitStop\build\..\backend\dist\RaynzPitStop\_internal\pytz\zoneinfo\Europe\Tiraspol
[2026-08-17 08:39:15] Compressing: D:\RaynzPitStop\build\..\backend\dist\RaynzPitStop\_internal\pytz\zoneinfo\Europe\Ulyanovsk
[2026-08-17 08:39:15] Compressing: D:\RaynzPitStop\build\..\backend\dist\RaynzPitStop\_internal\pytz\zoneinfo\Europe\Uzhgorod
[2026-08-17 08:39:15] Compressing: D:\RaynzPitStop\build\..\backend\dist\RaynzPitStop\_internal\pytz\zoneinfo\Europe\Vaduz
[2026-08-17 08:39:15] Compressing: D:\RaynzPitStop\build\..\backend\dist\RaynzPitStop\_internal\pytz\zoneinfo\Europe\Vatican
[2026-08-17 08:39:15] Compressing: D:\RaynzPitStop\build\..\backend\dist\RaynzPitStop\_internal\pytz\zoneinfo\Europe\Vienna
[2026-08-17 08:39:15] Compressing: D:\RaynzPitStop\build\..\backend\dist\RaynzPitStop\_internal\pytz\zoneinfo\Europe\Vilnius
[2026-08-17 08:39:15] Compressing: D:\RaynzPitStop\build\..\backend\dist\RaynzPitStop\_internal\pytz\zoneinfo\Europe\Volgograd
[2026-08-17 08:39:15] Compressing: D:\RaynzPitStop\build\..\backend\dist\RaynzPitStop\_internal\pytz\zoneinfo\Europe\Warsaw
[2026-08-17 08:39:15] Compressing: D:\RaynzPitStop\build\..\backend\dist\RaynzPitStop\_internal\pytz\zoneinfo\Europe\Zagreb
[2026-08-17 08:39:15] Compressing: D:\RaynzPitStop\build\..\backend\dist\RaynzPitStop\_internal\pytz\zoneinfo\Europe\Zaporozhye
[2026-08-17 08:39:15] Compressing: D:\RaynzPitStop\build\..\backend\dist\RaynzPitStop\_internal\pytz\zoneinfo\Europe\Zurich
[2026-08-17 08:39:15] Compressing: D:\RaynzPitStop\build\..\backend\dist\RaynzPitStop\_internal\pytz\zoneinfo\Indian\Antananarivo
[2026-08-17 08:39:15] Compressing: D:\RaynzPitStop\build\..\backend\dist\RaynzPitStop\_internal\pytz\zoneinfo\Indian\Chagos
[2026-08-17 08:39:15] Compressing: D:\RaynzPitStop\build\..\backend\dist\RaynzPitStop\_internal\pytz\zoneinfo\Indian\Christmas
[2026-08-17 08:39:15] Compressing: D:\RaynzPitStop\build\..\backend\dist\RaynzPitStop\_internal\pytz\zoneinfo\Indian\Cocos
[2026-08-17 08:39:15] Compressing: D:\RaynzPitStop\build\..\backend\dist\RaynzPitStop\_internal\pytz\zoneinfo\Indian\Comoro
[2026-08-17 08:39:15] Compressing: D:\RaynzPitStop\build\..\backend\dist\RaynzPitStop\_internal\pytz\zoneinfo\Indian\Kerguelen
[2026-08-17 08:39:15] Compressing: D:\RaynzPitStop\build\..\backend\dist\RaynzPitStop\_internal\pytz\zoneinfo\Indian\Mahe
[2026-08-17 08:39:15] Compressing: D:\RaynzPitStop\build\..\backend\dist\RaynzPitStop\_internal\pytz\zoneinfo\Indian\Maldives
[2026-08-17 08:39:15] Compressing: D:\RaynzPitStop\build\..\backend\dist\RaynzPitStop\_internal\pytz\zoneinfo\Indian\Mauritius
[2026-08-17 08:39:15] Compressing: D:\RaynzPitStop\build\..\backend\dist\RaynzPitStop\_internal\pytz\zoneinfo\Indian\Mayotte
[2026-08-17 08:39:15] Compressing: D:\RaynzPitStop\build\..\backend\dist\RaynzPitStop\_internal\pytz\zoneinfo\Indian\Reunion
[2026-08-17 08:39:15] Compressing: D:\RaynzPitStop\build\..\backend\dist\RaynzPitStop\_internal\pytz\zoneinfo\Mexico\BajaNorte
[2026-08-17 08:39:15] Compressing: D:\RaynzPitStop\build\..\backend\dist\RaynzPitStop\_internal\pytz\zoneinfo\Mexico\BajaSur
[2026-08-17 08:39:15] Compressing: D:\RaynzPitStop\build\..\backend\dist\RaynzPitStop\_internal\pytz\zoneinfo\Mexico\General
[2026-08-17 08:39:15] Compressing: D:\RaynzPitStop\build\..\backend\dist\RaynzPitStop\_internal\pytz\zoneinfo\Pacific\Apia
[2026-08-17 08:39:15] Compressing: D:\RaynzPitStop\build\..\backend\dist\RaynzPitStop\_internal\pytz\zoneinfo\Pacific\Auckland
[2026-08-17 08:39:15] Compressing: D:\RaynzPitStop\build\..\backend\dist\RaynzPitStop\_internal\pytz\zoneinfo\Pacific\Bougainville
[2026-08-17 08:39:15] Compressing: D:\RaynzPitStop\build\..\backend\dist\RaynzPitStop\_internal\pytz\zoneinfo\Pacific\Chatham
[2026-08-17 08:39:15] Compressing: D:\RaynzPitStop\build\..\backend\dist\RaynzPitStop\_internal\pytz\zoneinfo\Pacific\Chuuk
[2026-08-17 08:39:15] Compressing: D:\RaynzPitStop\build\..\backend\dist\RaynzPitStop\_internal\pytz\zoneinfo\Pacific\Easter
[2026-08-17 08:39:15] Compressing: D:\RaynzPitStop\build\..\backend\dist\RaynzPitStop\_internal\pytz\zoneinfo\Pacific\Efate
[2026-08-17 08:39:15] Compressing: D:\RaynzPitStop\build\..\backend\dist\RaynzPitStop\_internal\pytz\zoneinfo\Pacific\Enderbury
[2026-08-17 08:39:15] Compressing: D:\RaynzPitStop\build\..\backend\dist\RaynzPitStop\_internal\pytz\zoneinfo\Pacific\Fakaofo
[2026-08-17 08:39:15] Compressing: D:\RaynzPitStop\build\..\backend\dist\RaynzPitStop\_internal\pytz\zoneinfo\Pacific\Fiji
[2026-08-17 08:39:15] Compressing: D:\RaynzPitStop\build\..\backend\dist\RaynzPitStop\_internal\pytz\zoneinfo\Pacific\Funafuti
[2026-08-17 08:39:15] Compressing: D:\RaynzPitStop\build\..\backend\dist\RaynzPitStop\_internal\pytz\zoneinfo\Pacific\Galapagos
[2026-08-17 08:39:15] Compressing: D:\RaynzPitStop\build\..\backend\dist\RaynzPitStop\_internal\pytz\zoneinfo\Pacific\Gambier
[2026-08-17 08:39:15] Compressing: D:\RaynzPitStop\build\..\backend\dist\RaynzPitStop\_internal\pytz\zoneinfo\Pacific\Guadalcanal
[2026-08-17 08:39:15] Compressing: D:\RaynzPitStop\build\..\backend\dist\RaynzPitStop\_internal\pytz\zoneinfo\Pacific\Guam
[2026-08-17 08:39:15] Compressing: D:\RaynzPitStop\build\..\backend\dist\RaynzPitStop\_internal\pytz\zoneinfo\Pacific\Honolulu
[2026-08-17 08:39:15] Compressing: D:\RaynzPitStop\build\..\backend\dist\RaynzPitStop\_internal\pytz\zoneinfo\Pacific\Johnston
[2026-08-17 08:39:15] Compressing: D:\RaynzPitStop\build\..\backend\dist\RaynzPitStop\_internal\pytz\zoneinfo\Pacific\Kanton
[2026-08-17 08:39:15] Compressing: D:\RaynzPitStop\build\..\backend\dist\RaynzPitStop\_internal\pytz\zoneinfo\Pacific\Kiritimati
[2026-08-17 08:39:15] Compressing: D:\RaynzPitStop\build\..\backend\dist\RaynzPitStop\_internal\pytz\zoneinfo\Pacific\Kosrae
[2026-08-17 08:39:15] Compressing: D:\RaynzPitStop\build\..\backend\dist\RaynzPitStop\_internal\pytz\zoneinfo\Pacific\Kwajalein
[2026-08-17 08:39:15] Compressing: D:\RaynzPitStop\build\..\backend\dist\RaynzPitStop\_internal\pytz\zoneinfo\Pacific\Majuro
[2026-08-17 08:39:15] Compressing: D:\RaynzPitStop\build\..\backend\dist\RaynzPitStop\_internal\pytz\zoneinfo\Pacific\Marquesas
[2026-08-17 08:39:15] Compressing: D:\RaynzPitStop\build\..\backend\dist\RaynzPitStop\_internal\pytz\zoneinfo\Pacific\Midway
[2026-08-17 08:39:15] Compressing: D:\RaynzPitStop\build\..\backend\dist\RaynzPitStop\_internal\pytz\zoneinfo\Pacific\Nauru
[2026-08-17 08:39:15] Compressing: D:\RaynzPitStop\build\..\backend\dist\RaynzPitStop\_internal\pytz\zoneinfo\Pacific\Niue
[2026-08-17 08:39:15] Compressing: D:\RaynzPitStop\build\..\backend\dist\RaynzPitStop\_internal\pytz\zoneinfo\Pacific\Norfolk
[2026-08-17 08:39:15] Compressing: D:\RaynzPitStop\build\..\backend\dist\RaynzPitStop\_internal\pytz\zoneinfo\Pacific\Noumea
[2026-08-17 08:39:15] Compressing: D:\RaynzPitStop\build\..\backend\dist\RaynzPitStop\_internal\pytz\zoneinfo\Pacific\Pago_Pago
[2026-08-17 08:39:15] Compressing: D:\RaynzPitStop\build\..\backend\dist\RaynzPitStop\_internal\pytz\zoneinfo\Pacific\Palau
[2026-08-17 08:39:15] Compressing: D:\RaynzPitStop\build\..\backend\dist\RaynzPitStop\_internal\pytz\zoneinfo\Pacific\Pitcairn
[2026-08-17 08:39:15] Compressing: D:\RaynzPitStop\build\..\backend\dist\RaynzPitStop\_internal\pytz\zoneinfo\Pacific\Pohnpei
[2026-08-17 08:39:15] Compressing: D:\RaynzPitStop\build\..\backend\dist\RaynzPitStop\_internal\pytz\zoneinfo\Pacific\Ponape
[2026-08-17 08:39:15] Compressing: D:\RaynzPitStop\build\..\backend\dist\RaynzPitStop\_internal\pytz\zoneinfo\Pacific\Port_Moresby
[2026-08-17 08:39:15] Compressing: D:\RaynzPitStop\build\..\backend\dist\RaynzPitStop\_internal\pytz\zoneinfo\Pacific\Rarotonga
[2026-08-17 08:39:15] Compressing: D:\RaynzPitStop\build\..\backend\dist\RaynzPitStop\_internal\pytz\zoneinfo\Pacific\Saipan
[2026-08-17 08:39:15] Compressing: D:\RaynzPitStop\build\..\backend\dist\RaynzPitStop\_internal\pytz\zoneinfo\Pacific\Samoa
[2026-08-17 08:39:15] Compressing: D:\RaynzPitStop\build\..\backend\dist\RaynzPitStop\_internal\pytz\zoneinfo\Pacific\Tahiti
[2026-08-17 08:39:15] Compressing: D:\RaynzPitStop\build\..\backend\dist\RaynzPitStop\_internal\pytz\zoneinfo\Pacific\Tarawa
[2026-08-17 08:39:15] Compressing: D:\RaynzPitStop\build\..\backend\dist\RaynzPitStop\_internal\pytz\zoneinfo\Pacific\Tongatapu
[2026-08-17 08:39:15] Compressing: D:\RaynzPitStop\build\..\backend\dist\RaynzPitStop\_internal\pytz\zoneinfo\Pacific\Truk
[2026-08-17 08:39:15] Compressing: D:\RaynzPitStop\build\..\backend\dist\RaynzPitStop\_internal\pytz\zoneinfo\Pacific\Wake
[2026-08-17 08:39:15] Compressing: D:\RaynzPitStop\build\..\backend\dist\RaynzPitStop\_internal\pytz\zoneinfo\Pacific\Wallis
[2026-08-17 08:39:15] Compressing: D:\RaynzPitStop\build\..\backend\dist\RaynzPitStop\_internal\pytz\zoneinfo\Pacific\Yap
[2026-08-17 08:39:15] Compressing: D:\RaynzPitStop\build\..\backend\dist\RaynzPitStop\_internal\pytz\zoneinfo\US\Alaska
[2026-08-17 08:39:15] Compressing: D:\RaynzPitStop\build\..\backend\dist\RaynzPitStop\_internal\pytz\zoneinfo\US\Aleutian
[2026-08-17 08:39:15] Compressing: D:\RaynzPitStop\build\..\backend\dist\RaynzPitStop\_internal\pytz\zoneinfo\US\Arizona
[2026-08-17 08:39:15] Compressing: D:\RaynzPitStop\build\..\backend\dist\RaynzPitStop\_internal\pytz\zoneinfo\US\Central
[2026-08-17 08:39:15] Compressing: D:\RaynzPitStop\build\..\backend\dist\RaynzPitStop\_internal\pytz\zoneinfo\US\East-Indiana
[2026-08-17 08:39:15] Compressing: D:\RaynzPitStop\build\..\backend\dist\RaynzPitStop\_internal\pytz\zoneinfo\US\Eastern
[2026-08-17 08:39:15] Compressing: D:\RaynzPitStop\build\..\backend\dist\RaynzPitStop\_internal\pytz\zoneinfo\US\Hawaii
[2026-08-17 08:39:15] Compressing: D:\RaynzPitStop\build\..\backend\dist\RaynzPitStop\_internal\pytz\zoneinfo\US\Indiana-Starke
[2026-08-17 08:39:15] Compressing: D:\RaynzPitStop\build\..\backend\dist\RaynzPitStop\_internal\pytz\zoneinfo\US\Michigan
[2026-08-17 08:39:15] Compressing: D:\RaynzPitStop\build\..\backend\dist\RaynzPitStop\_internal\pytz\zoneinfo\US\Mountain
[2026-08-17 08:39:15] Compressing: D:\RaynzPitStop\build\..\backend\dist\RaynzPitStop\_internal\pytz\zoneinfo\US\Pacific
[2026-08-17 08:39:15] Compressing: D:\RaynzPitStop\build\..\backend\dist\RaynzPitStop\_internal\pytz\zoneinfo\US\Samoa
[2026-08-17 08:39:15] Compressing: D:\RaynzPitStop\build\..\backend\dist\RaynzPitStop\_internal\scheduler\metadata_sync_scheduler.py
[2026-08-17 08:39:15] Compressing: D:\RaynzPitStop\build\..\backend\dist\RaynzPitStop\_internal\scheduler\run_scheduler.py
[2026-08-17 08:39:15] Compressing: D:\RaynzPitStop\build\..\backend\dist\RaynzPitStop\_internal\scheduler\upload_scheduler.py
[2026-08-17 08:39:15] Compressing: D:\RaynzPitStop\build\..\backend\dist\RaynzPitStop\_internal\scheduler\__pycache__\metadata_sync_scheduler.cpython-314.pyc
[2026-08-17 08:39:15] Compressing: D:\RaynzPitStop\build\..\backend\dist\RaynzPitStop\_internal\scheduler\__pycache__\upload_scheduler.cpython-314.pyc
[2026-08-17 08:39:15] Compressing: D:\RaynzPitStop\build\..\backend\dist\RaynzPitStop\_internal\services\campaign_asset_service.py
[2026-08-17 08:39:15] Compressing: D:\RaynzPitStop\build\..\backend\dist\RaynzPitStop\_internal\services\campaign_execution_service.py
[2026-08-17 08:39:15] Compressing: D:\RaynzPitStop\build\..\backend\dist\RaynzPitStop\_internal\services\campaign_queue_builder.py
[2026-08-17 08:39:15] Compressing: D:\RaynzPitStop\build\..\backend\dist\RaynzPitStop\_internal\services\campaign_review_service.py
[2026-08-17 08:39:15] Compressing: D:\RaynzPitStop\build\..\backend\dist\RaynzPitStop\_internal\services\campaign_scan_service.py
[2026-08-17 08:39:15] Compressing: D:\RaynzPitStop\build\..\backend\dist\RaynzPitStop\_internal\services\channel_service.py
[2026-08-17 08:39:15] Compressing: D:\RaynzPitStop\build\..\backend\dist\RaynzPitStop\_internal\services\dashboard_service.py
[2026-08-17 08:39:15] Compressing: D:\RaynzPitStop\build\..\backend\dist\RaynzPitStop\_internal\services\events.py
[2026-08-17 08:39:15] Compressing: D:\RaynzPitStop\build\..\backend\dist\RaynzPitStop\_internal\services\event_logger.py
[2026-08-17 08:39:15] Compressing: D:\RaynzPitStop\build\..\backend\dist\RaynzPitStop\_internal\services\execution_dispatcher.py
[2026-08-17 08:39:15] Compressing: D:\RaynzPitStop\build\..\backend\dist\RaynzPitStop\_internal\services\experiment_workflow.py
[2026-08-17 08:39:15] Compressing: D:\RaynzPitStop\build\..\backend\dist\RaynzPitStop\_internal\services\history_service.py
[2026-08-17 08:39:15] Compressing: D:\RaynzPitStop\build\..\backend\dist\RaynzPitStop\_internal\services\humanize_service.py
[2026-08-17 08:39:15] Compressing: D:\RaynzPitStop\build\..\backend\dist\RaynzPitStop\_internal\services\leaderboard_generator.py
[2026-08-17 08:39:15] Compressing: D:\RaynzPitStop\build\..\backend\dist\RaynzPitStop\_internal\services\profile_service.py
[2026-08-17 08:39:15] Compressing: D:\RaynzPitStop\build\..\backend\dist\RaynzPitStop\_internal\services\prompt_compiler.py
[2026-08-17 08:39:15] Compressing: D:\RaynzPitStop\build\..\backend\dist\RaynzPitStop\_internal\services\prompt_linter.py
[2026-08-17 08:39:15] Compressing: D:\RaynzPitStop\build\..\backend\dist\RaynzPitStop\_internal\services\prompt_manager.py
[2026-08-17 08:39:15] Compressing: D:\RaynzPitStop\build\..\backend\dist\RaynzPitStop\_internal\services\prompt_tester.py
[2026-08-17 08:39:15] Compressing: D:\RaynzPitStop\build\..\backend\dist\RaynzPitStop\_internal\services\settings_service.py
[2026-08-17 08:39:15] Compressing: D:\RaynzPitStop\build\..\backend\dist\RaynzPitStop\_internal\services\upload_service.py
[2026-08-17 08:39:15] Compressing: D:\RaynzPitStop\build\..\backend\dist\RaynzPitStop\_internal\services\watch_folder.zip
[2026-08-17 08:39:15] Compressing: D:\RaynzPitStop\build\..\backend\dist\RaynzPitStop\_internal\services\watch_folder_service.py
[2026-08-17 08:39:15] Compressing: D:\RaynzPitStop\build\..\backend\dist\RaynzPitStop\_internal\services\workspace_manager.py
[2026-08-17 08:39:15] Compressing: D:\RaynzPitStop\build\..\backend\dist\RaynzPitStop\_internal\services\__init__.py
[2026-08-17 08:39:15] Compressing: D:\RaynzPitStop\build\..\backend\dist\RaynzPitStop\_internal\services\ai\automation.py
[2026-08-17 08:39:15] Compressing: D:\RaynzPitStop\build\..\backend\dist\RaynzPitStop\_internal\services\ai\context_builder.py
[2026-08-17 08:39:15] Compressing: D:\RaynzPitStop\build\..\backend\dist\RaynzPitStop\_internal\services\ai\__init__.py
[2026-08-17 08:39:15] Compressing: D:\RaynzPitStop\build\..\backend\dist\RaynzPitStop\_internal\services\ai\__pycache__\automation.cpython-314.pyc
[2026-08-17 08:39:15] Compressing: D:\RaynzPitStop\build\..\backend\dist\RaynzPitStop\_internal\services\ai\__pycache__\context_builder.cpython-314.pyc
[2026-08-17 08:39:15] Compressing: D:\RaynzPitStop\build\..\backend\dist\RaynzPitStop\_internal\services\ai\__pycache__\__init__.cpython-314.pyc
[2026-08-17 08:39:15] Compressing: D:\RaynzPitStop\build\..\backend\dist\RaynzPitStop\_internal\services\ai\__pycache__\__init__.py
[2026-08-17 08:39:15] Compressing: D:\RaynzPitStop\build\..\backend\dist\RaynzPitStop\_internal\services\ai_engine\manager.py
[2026-08-17 08:39:15] Compressing: D:\RaynzPitStop\build\..\backend\dist\RaynzPitStop\_internal\services\ai_engine\model_cache.py
[2026-08-17 08:39:15] Compressing: D:\RaynzPitStop\build\..\backend\dist\RaynzPitStop\_internal\services\ai_engine\provider_registry.py
[2026-08-17 08:39:15] Compressing: D:\RaynzPitStop\build\..\backend\dist\RaynzPitStop\_internal\services\ai_engine\__init__.py
[2026-08-17 08:39:15] Compressing: D:\RaynzPitStop\build\..\backend\dist\RaynzPitStop\_internal\services\ai_engine\providers\atomesus.py
[2026-08-17 08:39:15] Compressing: D:\RaynzPitStop\build\..\backend\dist\RaynzPitStop\_internal\services\ai_engine\providers\base.py
[2026-08-17 08:39:15] Compressing: D:\RaynzPitStop\build\..\backend\dist\RaynzPitStop\_internal\services\ai_engine\providers\gemini.py
[2026-08-17 08:39:15] Compressing: D:\RaynzPitStop\build\..\backend\dist\RaynzPitStop\_internal\services\ai_engine\providers\openai.py
[2026-08-17 08:39:15] Compressing: D:\RaynzPitStop\build\..\backend\dist\RaynzPitStop\_internal\services\ai_engine\providers\openai_compatible.py
[2026-08-17 08:39:15] Compressing: D:\RaynzPitStop\build\..\backend\dist\RaynzPitStop\_internal\services\ai_engine\providers\opencode.py
[2026-08-17 08:39:15] Compressing: D:\RaynzPitStop\build\..\backend\dist\RaynzPitStop\_internal\services\ai_engine\providers\__init__.py
[2026-08-17 08:39:15] Compressing: D:\RaynzPitStop\build\..\backend\dist\RaynzPitStop\_internal\services\ai_engine\providers\__pycache__\atomesus.cpython-314.pyc
[2026-08-17 08:39:15] Compressing: D:\RaynzPitStop\build\..\backend\dist\RaynzPitStop\_internal\services\ai_engine\providers\__pycache__\base.cpython-314.pyc
[2026-08-17 08:39:15] Compressing: D:\RaynzPitStop\build\..\backend\dist\RaynzPitStop\_internal\services\ai_engine\providers\__pycache__\gemini.cpython-314.pyc
[2026-08-17 08:39:15] Compressing: D:\RaynzPitStop\build\..\backend\dist\RaynzPitStop\_internal\services\ai_engine\providers\__pycache__\openai.cpython-314.pyc
[2026-08-17 08:39:15] Compressing: D:\RaynzPitStop\build\..\backend\dist\RaynzPitStop\_internal\services\ai_engine\providers\__pycache__\openai_compatible.cpython-314.pyc
[2026-08-17 08:39:15] Compressing: D:\RaynzPitStop\build\..\backend\dist\RaynzPitStop\_internal\services\ai_engine\providers\__pycache__\opencode.cpython-314.pyc
[2026-08-17 08:39:15] Compressing: D:\RaynzPitStop\build\..\backend\dist\RaynzPitStop\_internal\services\ai_engine\providers\__pycache__\__init__.cpython-314.pyc
[2026-08-17 08:39:15] Compressing: D:\RaynzPitStop\build\..\backend\dist\RaynzPitStop\_internal\services\ai_engine\providers\__pycache__\__init__.py
[2026-08-17 08:39:15] Compressing: D:\RaynzPitStop\build\..\backend\dist\RaynzPitStop\_internal\services\ai_engine\__pycache__\manager.cpython-314.pyc
[2026-08-17 08:39:15] Compressing: D:\RaynzPitStop\build\..\backend\dist\RaynzPitStop\_internal\services\ai_engine\__pycache__\model_cache.cpython-314.pyc
[2026-08-17 08:39:15] Compressing: D:\RaynzPitStop\build\..\backend\dist\RaynzPitStop\_internal\services\ai_engine\__pycache__\provider_registry.cpython-314.pyc
[2026-08-17 08:39:15] Compressing: D:\RaynzPitStop\build\..\backend\dist\RaynzPitStop\_internal\services\ai_engine\__pycache__\__init__.cpython-314.pyc
[2026-08-17 08:39:15] Compressing: D:\RaynzPitStop\build\..\backend\dist\RaynzPitStop\_internal\services\ai_engine\__pycache__\__init__.py
[2026-08-17 08:39:15] Compressing: D:\RaynzPitStop\build\..\backend\dist\RaynzPitStop\_internal\services\analytics\analytics_event_bus.py
[2026-08-17 08:39:15] Compressing: D:\RaynzPitStop\build\..\backend\dist\RaynzPitStop\_internal\services\analytics\analytics_formatter.py
[2026-08-17 08:39:15] Compressing: D:\RaynzPitStop\build\..\backend\dist\RaynzPitStop\_internal\services\analytics\analytics_mapper.py
[2026-08-17 08:39:15] Compressing: D:\RaynzPitStop\build\..\backend\dist\RaynzPitStop\_internal\services\analytics\analytics_service.py
[2026-08-17 08:39:15] Compressing: D:\RaynzPitStop\build\..\backend\dist\RaynzPitStop\_internal\services\analytics\gateway.py
[2026-08-17 08:39:15] Compressing: D:\RaynzPitStop\build\..\backend\dist\RaynzPitStop\_internal\services\analytics\provider_health_service.py
[2026-08-17 08:39:15] Compressing: D:\RaynzPitStop\build\..\backend\dist\RaynzPitStop\_internal\services\analytics\quota_manager.py
[2026-08-17 08:39:15] Compressing: D:\RaynzPitStop\build\..\backend\dist\RaynzPitStop\_internal\services\analytics\scheduler_service.py
[2026-08-17 08:39:15] Compressing: D:\RaynzPitStop\build\..\backend\dist\RaynzPitStop\_internal\services\analytics\__init__.py
[2026-08-17 08:39:15] Compressing: D:\RaynzPitStop\build\..\backend\dist\RaynzPitStop\_internal\services\analytics\cache\analytics_cache_service.py
[2026-08-17 08:39:15] Compressing: D:\RaynzPitStop\build\..\backend\dist\RaynzPitStop\_internal\services\analytics\cache\__init__.py
[2026-08-17 08:39:15] Compressing: D:\RaynzPitStop\build\..\backend\dist\RaynzPitStop\_internal\services\analytics\cache\__pycache__\analytics_cache_service.cpython-314.pyc
[2026-08-17 08:39:15] Compressing: D:\RaynzPitStop\build\..\backend\dist\RaynzPitStop\_internal\services\analytics\cache\__pycache__\__init__.cpython-314.pyc
[2026-08-17 08:39:15] Compressing: D:\RaynzPitStop\build\..\backend\dist\RaynzPitStop\_internal\services\analytics\cache\__pycache__\__init__.py
[2026-08-17 08:39:15] Compressing: D:\RaynzPitStop\build\..\backend\dist\RaynzPitStop\_internal\services\analytics\diagnosis\interfaces.py
[2026-08-17 08:39:15] Compressing: D:\RaynzPitStop\build\..\backend\dist\RaynzPitStop\_internal\services\analytics\diagnosis\rule_engine.py
[2026-08-17 08:39:15] Compressing: D:\RaynzPitStop\build\..\backend\dist\RaynzPitStop\_internal\services\analytics\diagnosis\__init__.py
[2026-08-17 08:39:15] Compressing: D:\RaynzPitStop\build\..\backend\dist\RaynzPitStop\_internal\services\analytics\plugins\base.py
[2026-08-17 08:39:15] Compressing: D:\RaynzPitStop\build\..\backend\dist\RaynzPitStop\_internal\services\analytics\plugins\facebook_plugin.py
[2026-08-17 08:39:15] Compressing: D:\RaynzPitStop\build\..\backend\dist\RaynzPitStop\_internal\services\analytics\plugins\instagram_plugin.py
[2026-08-17 08:39:15] Compressing: D:\RaynzPitStop\build\..\backend\dist\RaynzPitStop\_internal\services\analytics\plugins\tiktok_plugin.py
[2026-08-17 08:39:15] Compressing: D:\RaynzPitStop\build\..\backend\dist\RaynzPitStop\_internal\services\analytics\plugins\x_plugin.py
[2026-08-17 08:39:15] Compressing: D:\RaynzPitStop\build\..\backend\dist\RaynzPitStop\_internal\services\analytics\plugins\youtube_plugin.py
[2026-08-17 08:39:15] Compressing: D:\RaynzPitStop\build\..\backend\dist\RaynzPitStop\_internal\services\analytics\plugins\__init__.py
[2026-08-17 08:39:15] Compressing: D:\RaynzPitStop\build\..\backend\dist\RaynzPitStop\_internal\services\analytics\plugins\__pycache__\base.cpython-314.pyc
[2026-08-17 08:39:15] Compressing: D:\RaynzPitStop\build\..\backend\dist\RaynzPitStop\_internal\services\analytics\plugins\__pycache__\facebook_plugin.cpython-314.pyc
[2026-08-17 08:39:15] Compressing: D:\RaynzPitStop\build\..\backend\dist\RaynzPitStop\_internal\services\analytics\plugins\__pycache__\instagram_plugin.cpython-314.pyc
[2026-08-17 08:39:15] Compressing: D:\RaynzPitStop\build\..\backend\dist\RaynzPitStop\_internal\services\analytics\plugins\__pycache__\tiktok_plugin.cpython-314.pyc
[2026-08-17 08:39:15] Compressing: D:\RaynzPitStop\build\..\backend\dist\RaynzPitStop\_internal\services\analytics\plugins\__pycache__\x_plugin.cpython-314.pyc
[2026-08-17 08:39:15] Compressing: D:\RaynzPitStop\build\..\backend\dist\RaynzPitStop\_internal\services\analytics\plugins\__pycache__\youtube_plugin.cpython-314.pyc
[2026-08-17 08:39:15] Compressing: D:\RaynzPitStop\build\..\backend\dist\RaynzPitStop\_internal\services\analytics\plugins\__pycache__\__init__.cpython-314.pyc
[2026-08-17 08:39:15] Compressing: D:\RaynzPitStop\build\..\backend\dist\RaynzPitStop\_internal\services\analytics\plugins\__pycache__\__init__.py
[2026-08-17 08:39:15] Compressing: D:\RaynzPitStop\build\..\backend\dist\RaynzPitStop\_internal\services\analytics\__pycache__\analytics_event_bus.cpython-314.pyc
[2026-08-17 08:39:15] Compressing: D:\RaynzPitStop\build\..\backend\dist\RaynzPitStop\_internal\services\analytics\__pycache__\analytics_service.cpython-314.pyc
[2026-08-17 08:39:15] Compressing: D:\RaynzPitStop\build\..\backend\dist\RaynzPitStop\_internal\services\analytics\__pycache__\gateway.cpython-314.pyc
[2026-08-17 08:39:15] Compressing: D:\RaynzPitStop\build\..\backend\dist\RaynzPitStop\_internal\services\analytics\__pycache__\provider_health_service.cpython-314.pyc
[2026-08-17 08:39:15] Compressing: D:\RaynzPitStop\build\..\backend\dist\RaynzPitStop\_internal\services\analytics\__pycache__\quota_manager.cpython-314.pyc
[2026-08-17 08:39:15] Compressing: D:\RaynzPitStop\build\..\backend\dist\RaynzPitStop\_internal\services\analytics\__pycache__\__init__.cpython-314.pyc
[2026-08-17 08:39:15] Compressing: D:\RaynzPitStop\build\..\backend\dist\RaynzPitStop\_internal\services\analytics\__pycache__\__init__.py
[2026-08-17 08:39:15] Compressing: D:\RaynzPitStop\build\..\backend\dist\RaynzPitStop\_internal\services\architecture\architecture_auditor.py
[2026-08-17 08:39:15] Compressing: D:\RaynzPitStop\build\..\backend\dist\RaynzPitStop\_internal\services\architecture\contract_validator.py
[2026-08-17 08:39:15] Compressing: D:\RaynzPitStop\build\..\backend\dist\RaynzPitStop\_internal\services\architecture\dependency_validator.py
[2026-08-17 08:39:15] Compressing: D:\RaynzPitStop\build\..\backend\dist\RaynzPitStop\_internal\services\architecture\mutation_validator.py
[2026-08-17 08:39:15] Compressing: D:\RaynzPitStop\build\..\backend\dist\RaynzPitStop\_internal\services\architecture\purity_validator.py
[2026-08-17 08:39:15] Compressing: D:\RaynzPitStop\build\..\backend\dist\RaynzPitStop\_internal\services\architecture\runtime_contract_validator.py
[2026-08-17 08:39:15] Compressing: D:\RaynzPitStop\build\..\backend\dist\RaynzPitStop\_internal\services\architecture\__init__.py
[2026-08-17 08:39:15] Compressing: D:\RaynzPitStop\build\..\backend\dist\RaynzPitStop\_internal\services\architecture\__pycache__\architecture_auditor.cpython-314.pyc
[2026-08-17 08:39:15] Compressing: D:\RaynzPitStop\build\..\backend\dist\RaynzPitStop\_internal\services\architecture\__pycache__\contract_validator.cpython-314.pyc
[2026-08-17 08:39:15] Compressing: D:\RaynzPitStop\build\..\backend\dist\RaynzPitStop\_internal\services\architecture\__pycache__\dependency_validator.cpython-314.pyc
[2026-08-17 08:39:15] Compressing: D:\RaynzPitStop\build\..\backend\dist\RaynzPitStop\_internal\services\architecture\__pycache__\mutation_validator.cpython-314.pyc
[2026-08-17 08:39:15] Compressing: D:\RaynzPitStop\build\..\backend\dist\RaynzPitStop\_internal\services\architecture\__pycache__\purity_validator.cpython-314.pyc
[2026-08-17 08:39:15] Compressing: D:\RaynzPitStop\build\..\backend\dist\RaynzPitStop\_internal\services\architecture\__pycache__\runtime_contract_validator.cpython-314.pyc
[2026-08-17 08:39:15] Compressing: D:\RaynzPitStop\build\..\backend\dist\RaynzPitStop\_internal\services\architecture\__pycache__\__init__.py
[2026-08-17 08:39:15] Compressing: D:\RaynzPitStop\build\..\backend\dist\RaynzPitStop\_internal\services\credential_engine\diagnostics_manager.py
[2026-08-17 08:39:15] Compressing: D:\RaynzPitStop\build\..\backend\dist\RaynzPitStop\_internal\services\credential_engine\exceptions.py
[2026-08-17 08:39:15] Compressing: D:\RaynzPitStop\build\..\backend\dist\RaynzPitStop\_internal\services\credential_engine\health_manager.py
[2026-08-17 08:39:15] Compressing: D:\RaynzPitStop\build\..\backend\dist\RaynzPitStop\_internal\services\credential_engine\json_validator.py
[2026-08-17 08:39:15] Compressing: D:\RaynzPitStop\build\..\backend\dist\RaynzPitStop\_internal\services\credential_engine\oauth_manager.py
[2026-08-17 08:39:15] Compressing: D:\RaynzPitStop\build\..\backend\dist\RaynzPitStop\_internal\services\credential_engine\project_validator.py
[2026-08-17 08:39:15] Compressing: D:\RaynzPitStop\build\..\backend\dist\RaynzPitStop\_internal\services\credential_engine\reconnect_manager.py
[2026-08-17 08:39:15] Compressing: D:\RaynzPitStop\build\..\backend\dist\RaynzPitStop\_internal\services\credential_engine\storage_manager.py
[2026-08-17 08:39:15] Compressing: D:\RaynzPitStop\build\..\backend\dist\RaynzPitStop\_internal\services\credential_engine\token_manager.py
[2026-08-17 08:39:15] Compressing: D:\RaynzPitStop\build\..\backend\dist\RaynzPitStop\_internal\services\credential_engine\types.py
[2026-08-17 08:39:15] Compressing: D:\RaynzPitStop\build\..\backend\dist\RaynzPitStop\_internal\services\credential_engine\__init__.py
[2026-08-17 08:39:15] Compressing: D:\RaynzPitStop\build\..\backend\dist\RaynzPitStop\_internal\services\credential_engine\__pycache__\diagnostics_manager.cpython-314.pyc
[2026-08-17 08:39:15] Compressing: D:\RaynzPitStop\build\..\backend\dist\RaynzPitStop\_internal\services\credential_engine\__pycache__\exceptions.cpython-314.pyc
[2026-08-17 08:39:15] Compressing: D:\RaynzPitStop\build\..\backend\dist\RaynzPitStop\_internal\services\credential_engine\__pycache__\health_manager.cpython-314.pyc
[2026-08-17 08:39:15] Compressing: D:\RaynzPitStop\build\..\backend\dist\RaynzPitStop\_internal\services\credential_engine\__pycache__\json_validator.cpython-314.pyc
[2026-08-17 08:39:15] Compressing: D:\RaynzPitStop\build\..\backend\dist\RaynzPitStop\_internal\services\credential_engine\__pycache__\oauth_manager.cpython-314.pyc
[2026-08-17 08:39:15] Compressing: D:\RaynzPitStop\build\..\backend\dist\RaynzPitStop\_internal\services\credential_engine\__pycache__\project_validator.cpython-314.pyc
[2026-08-17 08:39:15] Compressing: D:\RaynzPitStop\build\..\backend\dist\RaynzPitStop\_internal\services\credential_engine\__pycache__\reconnect_manager.cpython-314.pyc
[2026-08-17 08:39:15] Compressing: D:\RaynzPitStop\build\..\backend\dist\RaynzPitStop\_internal\services\credential_engine\__pycache__\storage_manager.cpython-314.pyc
[2026-08-17 08:39:15] Compressing: D:\RaynzPitStop\build\..\backend\dist\RaynzPitStop\_internal\services\credential_engine\__pycache__\token_manager.cpython-314.pyc
[2026-08-17 08:39:15] Compressing: D:\RaynzPitStop\build\..\backend\dist\RaynzPitStop\_internal\services\credential_engine\__pycache__\types.cpython-314.pyc
[2026-08-17 08:39:15] Compressing: D:\RaynzPitStop\build\..\backend\dist\RaynzPitStop\_internal\services\credential_engine\__pycache__\__init__.cpython-314.pyc
[2026-08-17 08:39:15] Compressing: D:\RaynzPitStop\build\..\backend\dist\RaynzPitStop\_internal\services\credential_engine\__pycache__\__init__.py
[2026-08-17 08:39:15] Compressing: D:\RaynzPitStop\build\..\backend\dist\RaynzPitStop\_internal\services\dashboard\aggregator.py
[2026-08-17 08:39:15] Compressing: D:\RaynzPitStop\build\..\backend\dist\RaynzPitStop\_internal\services\dashboard\analytics_provider.py
[2026-08-17 08:39:15] Compressing: D:\RaynzPitStop\build\..\backend\dist\RaynzPitStop\_internal\services\dashboard\attention_provider.py
[2026-08-17 08:39:15] Compressing: D:\RaynzPitStop\build\..\backend\dist\RaynzPitStop\_internal\services\dashboard\channel_provider.py
[2026-08-17 08:39:15] Compressing: D:\RaynzPitStop\build\..\backend\dist\RaynzPitStop\_internal\services\dashboard\engine_provider.py
[2026-08-17 08:39:15] Compressing: D:\RaynzPitStop\build\..\backend\dist\RaynzPitStop\_internal\services\dashboard\history_provider.py
[2026-08-17 08:39:15] Compressing: D:\RaynzPitStop\build\..\backend\dist\RaynzPitStop\_internal\services\dashboard\statistics_provider.py
[2026-08-17 08:39:15] Compressing: D:\RaynzPitStop\build\..\backend\dist\RaynzPitStop\_internal\services\dashboard\__init__.py
[2026-08-17 08:39:15] Compressing: D:\RaynzPitStop\build\..\backend\dist\RaynzPitStop\_internal\services\dashboard\__pycache__\aggregator.cpython-314.pyc
[2026-08-17 08:39:15] Compressing: D:\RaynzPitStop\build\..\backend\dist\RaynzPitStop\_internal\services\dashboard\__pycache__\analytics_provider.cpython-314.pyc
[2026-08-17 08:39:15] Compressing: D:\RaynzPitStop\build\..\backend\dist\RaynzPitStop\_internal\services\dashboard\__pycache__\attention_provider.cpython-314.pyc
[2026-08-17 08:39:15] Compressing: D:\RaynzPitStop\build\..\backend\dist\RaynzPitStop\_internal\services\dashboard\__pycache__\channel_provider.cpython-314.pyc
[2026-08-17 08:39:15] Compressing: D:\RaynzPitStop\build\..\backend\dist\RaynzPitStop\_internal\services\dashboard\__pycache__\engine_provider.cpython-314.pyc
[2026-08-17 08:39:15] Compressing: D:\RaynzPitStop\build\..\backend\dist\RaynzPitStop\_internal\services\dashboard\__pycache__\history_provider.cpython-314.pyc
[2026-08-17 08:39:15] Compressing: D:\RaynzPitStop\build\..\backend\dist\RaynzPitStop\_internal\services\dashboard\__pycache__\statistics_provider.cpython-314.pyc
[2026-08-17 08:39:15] Compressing: D:\RaynzPitStop\build\..\backend\dist\RaynzPitStop\_internal\services\dashboard\__pycache__\__init__.cpython-314.pyc
[2026-08-17 08:39:15] Compressing: D:\RaynzPitStop\build\..\backend\dist\RaynzPitStop\_internal\services\dashboard\__pycache__\__init__.py
[2026-08-17 08:39:15] Compressing: D:\RaynzPitStop\build\..\backend\dist\RaynzPitStop\_internal\services\journal\csv_exporter.py
[2026-08-17 08:39:15] Compressing: D:\RaynzPitStop\build\..\backend\dist\RaynzPitStop\_internal\services\journal\journal_service.py
[2026-08-17 08:39:15] Compressing: D:\RaynzPitStop\build\..\backend\dist\RaynzPitStop\_internal\services\journal\query_builder.py
[2026-08-17 08:39:15] Compressing: D:\RaynzPitStop\build\..\backend\dist\RaynzPitStop\_internal\services\journal\__init__.py
[2026-08-17 08:39:15] Compressing: D:\RaynzPitStop\build\..\backend\dist\RaynzPitStop\_internal\services\journal\__pycache__\csv_exporter.cpython-314.pyc
[2026-08-17 08:39:15] Compressing: D:\RaynzPitStop\build\..\backend\dist\RaynzPitStop\_internal\services\journal\__pycache__\journal_service.cpython-314.pyc
[2026-08-17 08:39:15] Compressing: D:\RaynzPitStop\build\..\backend\dist\RaynzPitStop\_internal\services\journal\__pycache__\query_builder.cpython-314.pyc
[2026-08-17 08:39:15] Compressing: D:\RaynzPitStop\build\..\backend\dist\RaynzPitStop\_internal\services\journal\__pycache__\__init__.cpython-314.pyc
[2026-08-17 08:39:15] Compressing: D:\RaynzPitStop\build\..\backend\dist\RaynzPitStop\_internal\services\journal\__pycache__\__init__.py
[2026-08-17 08:39:15] Compressing: D:\RaynzPitStop\build\..\backend\dist\RaynzPitStop\_internal\services\knowledge\context_builder.py
[2026-08-17 08:39:15] Compressing: D:\RaynzPitStop\build\..\backend\dist\RaynzPitStop\_internal\services\knowledge\knowledge_context.py
[2026-08-17 08:39:15] Compressing: D:\RaynzPitStop\build\..\backend\dist\RaynzPitStop\_internal\services\knowledge\knowledge_validator.py
[2026-08-17 08:39:15] Compressing: D:\RaynzPitStop\build\..\backend\dist\RaynzPitStop\_internal\services\knowledge\pipeline.py
[2026-08-17 08:39:15] Compressing: D:\RaynzPitStop\build\..\backend\dist\RaynzPitStop\_internal\services\knowledge\resolvers.py
[2026-08-17 08:39:15] Compressing: D:\RaynzPitStop\build\..\backend\dist\RaynzPitStop\_internal\services\knowledge\__init__.py
[2026-08-17 08:39:15] Compressing: D:\RaynzPitStop\build\..\backend\dist\RaynzPitStop\_internal\services\knowledge\__pycache__\context_builder.cpython-314.pyc
[2026-08-17 08:39:15] Compressing: D:\RaynzPitStop\build\..\backend\dist\RaynzPitStop\_internal\services\knowledge\__pycache__\knowledge_context.cpython-314.pyc
[2026-08-17 08:39:15] Compressing: D:\RaynzPitStop\build\..\backend\dist\RaynzPitStop\_internal\services\knowledge\__pycache__\knowledge_validator.cpython-314.pyc
[2026-08-17 08:39:15] Compressing: D:\RaynzPitStop\build\..\backend\dist\RaynzPitStop\_internal\services\knowledge\__pycache__\pipeline.cpython-314.pyc
[2026-08-17 08:39:15] Compressing: D:\RaynzPitStop\build\..\backend\dist\RaynzPitStop\_internal\services\knowledge\__pycache__\resolvers.cpython-314.pyc
[2026-08-17 08:39:15] Compressing: D:\RaynzPitStop\build\..\backend\dist\RaynzPitStop\_internal\services\knowledge\__pycache__\__init__.py
[2026-08-17 08:39:15] Compressing: D:\RaynzPitStop\build\..\backend\dist\RaynzPitStop\_internal\services\license\hardware_service.py
[2026-08-17 08:39:15] Compressing: D:\RaynzPitStop\build\..\backend\dist\RaynzPitStop\_internal\services\license\license_service.py
[2026-08-17 08:39:15] Compressing: D:\RaynzPitStop\build\..\backend\dist\RaynzPitStop\_internal\services\license\__init__.py
[2026-08-17 08:39:15] Compressing: D:\RaynzPitStop\build\..\backend\dist\RaynzPitStop\_internal\services\license\keys\public.pem
[2026-08-17 08:39:15] Compressing: D:\RaynzPitStop\build\..\backend\dist\RaynzPitStop\_internal\services\license\keys\__init__.py
[2026-08-17 08:39:15] Compressing: D:\RaynzPitStop\build\..\backend\dist\RaynzPitStop\_internal\services\license\__pycache__\hardware_service.cpython-314.pyc
[2026-08-17 08:39:15] Compressing: D:\RaynzPitStop\build\..\backend\dist\RaynzPitStop\_internal\services\license\__pycache__\license_service.cpython-314.pyc
[2026-08-17 08:39:15] Compressing: D:\RaynzPitStop\build\..\backend\dist\RaynzPitStop\_internal\services\license\__pycache__\__init__.cpython-314.pyc
[2026-08-17 08:39:15] Compressing: D:\RaynzPitStop\build\..\backend\dist\RaynzPitStop\_internal\services\license\__pycache__\__init__.py
[2026-08-17 08:39:15] Compressing: D:\RaynzPitStop\build\..\backend\dist\RaynzPitStop\_internal\services\media\metadata_cache.py
[2026-08-17 08:39:15] Compressing: D:\RaynzPitStop\build\..\backend\dist\RaynzPitStop\_internal\services\media\video_metadata_service.py
[2026-08-17 08:39:15] Compressing: D:\RaynzPitStop\build\..\backend\dist\RaynzPitStop\_internal\services\media\__init__.py
[2026-08-17 08:39:15] Compressing: D:\RaynzPitStop\build\..\backend\dist\RaynzPitStop\_internal\services\media\__pycache__\metadata_cache.cpython-314.pyc
[2026-08-17 08:39:15] Compressing: D:\RaynzPitStop\build\..\backend\dist\RaynzPitStop\_internal\services\media\__pycache__\video_metadata_service.cpython-314.pyc
[2026-08-17 08:39:15] Compressing: D:\RaynzPitStop\build\..\backend\dist\RaynzPitStop\_internal\services\media\__pycache__\__init__.cpython-314.pyc
[2026-08-17 08:39:15] Compressing: D:\RaynzPitStop\build\..\backend\dist\RaynzPitStop\_internal\services\media\__pycache__\__init__.py
[2026-08-17 08:39:15] Compressing: D:\RaynzPitStop\build\..\backend\dist\RaynzPitStop\_internal\services\oauth_core\oauth_client.py
[2026-08-17 08:39:15] Compressing: D:\RaynzPitStop\build\..\backend\dist\RaynzPitStop\_internal\services\oauth_core\oauth_exceptions.py
[2026-08-17 08:39:15] Compressing: D:\RaynzPitStop\build\..\backend\dist\RaynzPitStop\_internal\services\oauth_core\oauth_flow.py
[2026-08-17 08:39:15] Compressing: D:\RaynzPitStop\build\..\backend\dist\RaynzPitStop\_internal\services\oauth_core\oauth_health.py
[2026-08-17 08:39:15] Compressing: D:\RaynzPitStop\build\..\backend\dist\RaynzPitStop\_internal\services\oauth_core\oauth_repository.py
[2026-08-17 08:39:15] Compressing: D:\RaynzPitStop\build\..\backend\dist\RaynzPitStop\_internal\services\oauth_core\oauth_types.py
[2026-08-17 08:39:15] Compressing: D:\RaynzPitStop\build\..\backend\dist\RaynzPitStop\_internal\services\oauth_core\oauth_validator.py
[2026-08-17 08:39:15] Compressing: D:\RaynzPitStop\build\..\backend\dist\RaynzPitStop\_internal\services\oauth_core\refresh_service.py
[2026-08-17 08:39:15] Compressing: D:\RaynzPitStop\build\..\backend\dist\RaynzPitStop\_internal\services\oauth_core\token_exchange.py
[2026-08-17 08:39:15] Compressing: D:\RaynzPitStop\build\..\backend\dist\RaynzPitStop\_internal\services\oauth_core\__init__.py
[2026-08-17 08:39:15] Compressing: D:\RaynzPitStop\build\..\backend\dist\RaynzPitStop\_internal\services\oauth_core\__pycache__\oauth_client.cpython-314.pyc
[2026-08-17 08:39:15] Compressing: D:\RaynzPitStop\build\..\backend\dist\RaynzPitStop\_internal\services\oauth_core\__pycache__\oauth_exceptions.cpython-314.pyc
[2026-08-17 08:39:15] Compressing: D:\RaynzPitStop\build\..\backend\dist\RaynzPitStop\_internal\services\oauth_core\__pycache__\oauth_flow.cpython-314.pyc
[2026-08-17 08:39:15] Compressing: D:\RaynzPitStop\build\..\backend\dist\RaynzPitStop\_internal\services\oauth_core\__pycache__\oauth_health.cpython-314.pyc
[2026-08-17 08:39:15] Compressing: D:\RaynzPitStop\build\..\backend\dist\RaynzPitStop\_internal\services\oauth_core\__pycache__\oauth_repository.cpython-314.pyc
[2026-08-17 08:39:15] Compressing: D:\RaynzPitStop\build\..\backend\dist\RaynzPitStop\_internal\services\oauth_core\__pycache__\oauth_types.cpython-314.pyc
[2026-08-17 08:39:15] Compressing: D:\RaynzPitStop\build\..\backend\dist\RaynzPitStop\_internal\services\oauth_core\__pycache__\oauth_validator.cpython-314.pyc
[2026-08-17 08:39:15] Compressing: D:\RaynzPitStop\build\..\backend\dist\RaynzPitStop\_internal\services\oauth_core\__pycache__\refresh_service.cpython-314.pyc
[2026-08-17 08:39:15] Compressing: D:\RaynzPitStop\build\..\backend\dist\RaynzPitStop\_internal\services\oauth_core\__pycache__\token_exchange.cpython-314.pyc
[2026-08-17 08:39:15] Compressing: D:\RaynzPitStop\build\..\backend\dist\RaynzPitStop\_internal\services\oauth_core\__pycache__\__init__.cpython-314.pyc
[2026-08-17 08:39:15] Compressing: D:\RaynzPitStop\build\..\backend\dist\RaynzPitStop\_internal\services\oauth_core\__pycache__\__init__.py
[2026-08-17 08:39:15] Compressing: D:\RaynzPitStop\build\..\backend\dist\RaynzPitStop\_internal\services\operations\__init__.py
[2026-08-17 08:39:15] Compressing: D:\RaynzPitStop\build\..\backend\dist\RaynzPitStop\_internal\services\operations\__pycache__\operations_service.cpython-314.pyc
[2026-08-17 08:39:15] Compressing: D:\RaynzPitStop\build\..\backend\dist\RaynzPitStop\_internal\services\operations\__pycache__\__init__.py
[2026-08-17 08:39:15] Compressing: D:\RaynzPitStop\build\..\backend\dist\RaynzPitStop\_internal\services\seo\base.py
[2026-08-17 08:39:15] Compressing: D:\RaynzPitStop\build\..\backend\dist\RaynzPitStop\_internal\services\seo\manager.py
[2026-08-17 08:39:15] Compressing: D:\RaynzPitStop\build\..\backend\dist\RaynzPitStop\_internal\services\seo\vidiq_provider.py
[2026-08-17 08:39:15] Compressing: D:\RaynzPitStop\build\..\backend\dist\RaynzPitStop\_internal\services\seo\__init__.py
[2026-08-17 08:39:15] Compressing: D:\RaynzPitStop\build\..\backend\dist\RaynzPitStop\_internal\services\seo\__pycache__\base.cpython-314.pyc
[2026-08-17 08:39:15] Compressing: D:\RaynzPitStop\build\..\backend\dist\RaynzPitStop\_internal\services\seo\__pycache__\manager.cpython-314.pyc
[2026-08-17 08:39:15] Compressing: D:\RaynzPitStop\build\..\backend\dist\RaynzPitStop\_internal\services\seo\__pycache__\vidiq_provider.cpython-314.pyc
[2026-08-17 08:39:15] Compressing: D:\RaynzPitStop\build\..\backend\dist\RaynzPitStop\_internal\services\seo\__pycache__\__init__.cpython-314.pyc
[2026-08-17 08:39:15] Compressing: D:\RaynzPitStop\build\..\backend\dist\RaynzPitStop\_internal\services\seo\__pycache__\__init__.py
[2026-08-17 08:39:15] Compressing: D:\RaynzPitStop\build\..\backend\dist\RaynzPitStop\_internal\services\statistics\status_audit_service.py
[2026-08-17 08:39:15] Compressing: D:\RaynzPitStop\build\..\backend\dist\RaynzPitStop\_internal\services\statistics\__init__.py
[2026-08-17 08:39:15] Compressing: D:\RaynzPitStop\build\..\backend\dist\RaynzPitStop\_internal\services\statistics\__pycache__\status_audit_service.cpython-314.pyc
[2026-08-17 08:39:15] Compressing: D:\RaynzPitStop\build\..\backend\dist\RaynzPitStop\_internal\services\statistics\__pycache__\__init__.cpython-314.pyc
[2026-08-17 08:39:15] Compressing: D:\RaynzPitStop\build\..\backend\dist\RaynzPitStop\_internal\services\statistics\__pycache__\__init__.py
[2026-08-17 08:39:15] Compressing: D:\RaynzPitStop\build\..\backend\dist\RaynzPitStop\_internal\services\strategy\strategy_builder.py
[2026-08-17 08:39:15] Compressing: D:\RaynzPitStop\build\..\backend\dist\RaynzPitStop\_internal\services\strategy\strategy_context.py
[2026-08-17 08:39:15] Compressing: D:\RaynzPitStop\build\..\backend\dist\RaynzPitStop\_internal\services\strategy\strategy_validator.py
[2026-08-17 08:39:15] Compressing: D:\RaynzPitStop\build\..\backend\dist\RaynzPitStop\_internal\services\strategy\__init__.py
[2026-08-17 08:39:15] Compressing: D:\RaynzPitStop\build\..\backend\dist\RaynzPitStop\_internal\services\strategy\engines\goal_engine.py
[2026-08-17 08:39:15] Compressing: D:\RaynzPitStop\build\..\backend\dist\RaynzPitStop\_internal\services\strategy\engines\rule_engine.py
[2026-08-17 08:39:15] Compressing: D:\RaynzPitStop\build\..\backend\dist\RaynzPitStop\_internal\services\strategy\engines\__init__.py
[2026-08-17 08:39:15] Compressing: D:\RaynzPitStop\build\..\backend\dist\RaynzPitStop\_internal\services\strategy\engines\__pycache__\goal_engine.cpython-314.pyc
[2026-08-17 08:39:15] Compressing: D:\RaynzPitStop\build\..\backend\dist\RaynzPitStop\_internal\services\strategy\engines\__pycache__\rule_engine.cpython-314.pyc
[2026-08-17 08:39:15] Compressing: D:\RaynzPitStop\build\..\backend\dist\RaynzPitStop\_internal\services\strategy\engines\__pycache__\__init__.py
[2026-08-17 08:39:15] Compressing: D:\RaynzPitStop\build\..\backend\dist\RaynzPitStop\_internal\services\strategy\__pycache__\strategy_builder.cpython-314.pyc
[2026-08-17 08:39:15] Compressing: D:\RaynzPitStop\build\..\backend\dist\RaynzPitStop\_internal\services\strategy\__pycache__\strategy_context.cpython-314.pyc
[2026-08-17 08:39:15] Compressing: D:\RaynzPitStop\build\..\backend\dist\RaynzPitStop\_internal\services\strategy\__pycache__\strategy_validator.cpython-314.pyc
[2026-08-17 08:39:15] Compressing: D:\RaynzPitStop\build\..\backend\dist\RaynzPitStop\_internal\services\strategy\__pycache__\__init__.py
[2026-08-17 08:39:15] Compressing: D:\RaynzPitStop\build\..\backend\dist\RaynzPitStop\_internal\services\system\diagnostic_service.py
[2026-08-17 08:39:15] Compressing: D:\RaynzPitStop\build\..\backend\dist\RaynzPitStop\_internal\services\system\folder_picker.py
[2026-08-17 08:39:15] Compressing: D:\RaynzPitStop\build\..\backend\dist\RaynzPitStop\_internal\services\system\notification_service.py
[2026-08-17 08:39:15] Compressing: D:\RaynzPitStop\build\..\backend\dist\RaynzPitStop\_internal\services\system\path_service.py
[2026-08-17 08:39:15] Compressing: D:\RaynzPitStop\build\..\backend\dist\RaynzPitStop\_internal\services\system\tray_service.py
[2026-08-17 08:39:15] Compressing: D:\RaynzPitStop\build\..\backend\dist\RaynzPitStop\_internal\services\system\__init__.py
[2026-08-17 08:39:15] Compressing: D:\RaynzPitStop\build\..\backend\dist\RaynzPitStop\_internal\services\system\__pycache__\diagnostic_service.cpython-314.pyc
[2026-08-17 08:39:15] Compressing: D:\RaynzPitStop\build\..\backend\dist\RaynzPitStop\_internal\services\system\__pycache__\folder_picker.cpython-314.pyc
[2026-08-17 08:39:15] Compressing: D:\RaynzPitStop\build\..\backend\dist\RaynzPitStop\_internal\services\system\__pycache__\notification_service.cpython-314.pyc
[2026-08-17 08:39:15] Compressing: D:\RaynzPitStop\build\..\backend\dist\RaynzPitStop\_internal\services\system\__pycache__\path_service.cpython-314.pyc
[2026-08-17 08:39:15] Compressing: D:\RaynzPitStop\build\..\backend\dist\RaynzPitStop\_internal\services\system\__pycache__\tray_service.cpython-314.pyc
[2026-08-17 08:39:15] Compressing: D:\RaynzPitStop\build\..\backend\dist\RaynzPitStop\_internal\services\system\__pycache__\__init__.cpython-314.pyc
[2026-08-17 08:39:15] Compressing: D:\RaynzPitStop\build\..\backend\dist\RaynzPitStop\_internal\services\system\__pycache__\__init__.py
[2026-08-17 08:39:15] Compressing: D:\RaynzPitStop\build\..\backend\dist\RaynzPitStop\_internal\services\upload_engine\engine.py
[2026-08-17 08:39:15] Compressing: D:\RaynzPitStop\build\..\backend\dist\RaynzPitStop\_internal\services\upload_engine\upload_exceptions.py
[2026-08-17 08:39:15] Compressing: D:\RaynzPitStop\build\..\backend\dist\RaynzPitStop\_internal\services\upload_engine\upload_manager.py
[2026-08-17 08:39:15] Compressing: D:\RaynzPitStop\build\..\backend\dist\RaynzPitStop\_internal\services\upload_engine\upload_progress.py
[2026-08-17 08:39:15] Compressing: D:\RaynzPitStop\build\..\backend\dist\RaynzPitStop\_internal\services\upload_engine\upload_repository.py
[2026-08-17 08:39:15] Compressing: D:\RaynzPitStop\build\..\backend\dist\RaynzPitStop\_internal\services\upload_engine\upload_result.py
[2026-08-17 08:39:15] Compressing: D:\RaynzPitStop\build\..\backend\dist\RaynzPitStop\_internal\services\upload_engine\upload_session.py
[2026-08-17 08:39:15] Compressing: D:\RaynzPitStop\build\..\backend\dist\RaynzPitStop\_internal\services\upload_engine\upload_state_machine.py
[2026-08-17 08:39:15] Compressing: D:\RaynzPitStop\build\..\backend\dist\RaynzPitStop\_internal\services\upload_engine\upload_types.py
[2026-08-17 08:39:15] Compressing: D:\RaynzPitStop\build\..\backend\dist\RaynzPitStop\_internal\services\upload_engine\upload_validator.py
[2026-08-17 08:39:15] Compressing: D:\RaynzPitStop\build\..\backend\dist\RaynzPitStop\_internal\services\upload_engine\__init__.py
[2026-08-17 08:39:15] Compressing: D:\RaynzPitStop\build\..\backend\dist\RaynzPitStop\_internal\services\upload_engine\browser\browser_launcher.py
[2026-08-17 08:39:15] Compressing: D:\RaynzPitStop\build\..\backend\dist\RaynzPitStop\_internal\services\upload_engine\browser\profile_manager.py
[2026-08-17 08:39:15] Compressing: D:\RaynzPitStop\build\..\backend\dist\RaynzPitStop\_internal\services\upload_engine\browser\session_validator.py
[2026-08-17 08:39:15] Compressing: D:\RaynzPitStop\build\..\backend\dist\RaynzPitStop\_internal\services\upload_engine\browser\__init__.py
[2026-08-17 08:39:15] Compressing: D:\RaynzPitStop\build\..\backend\dist\RaynzPitStop\_internal\services\upload_engine\browser\navigator\base_step.py
[2026-08-17 08:39:15] Compressing: D:\RaynzPitStop\build\..\backend\dist\RaynzPitStop\_internal\services\upload_engine\browser\navigator\evidence_collector.py
[2026-08-17 08:39:15] Compressing: D:\RaynzPitStop\build\..\backend\dist\RaynzPitStop\_internal\services\upload_engine\browser\navigator\locator_resolver.py
[2026-08-17 08:39:15] Compressing: D:\RaynzPitStop\build\..\backend\dist\RaynzPitStop\_internal\services\upload_engine\browser\navigator\retry_policy.py
[2026-08-17 08:39:15] Compressing: D:\RaynzPitStop\build\..\backend\dist\RaynzPitStop\_internal\services\upload_engine\browser\navigator\step_result.py
[2026-08-17 08:39:15] Compressing: D:\RaynzPitStop\build\..\backend\dist\RaynzPitStop\_internal\services\upload_engine\browser\navigator\workflow_engine.py
[2026-08-17 08:39:15] Compressing: D:\RaynzPitStop\build\..\backend\dist\RaynzPitStop\_internal\services\upload_engine\browser\navigator\__init__.py
[2026-08-17 08:39:15] Compressing: D:\RaynzPitStop\build\..\backend\dist\RaynzPitStop\_internal\services\upload_engine\browser\navigator\steps\audience.py
[2026-08-17 08:39:15] Compressing: D:\RaynzPitStop\build\..\backend\dist\RaynzPitStop\_internal\services\upload_engine\browser\navigator\steps\done.py
[2026-08-17 08:39:15] Compressing: D:\RaynzPitStop\build\..\backend\dist\RaynzPitStop\_internal\services\upload_engine\browser\navigator\steps\draft_detection.py
[2026-08-17 08:39:15] Compressing: D:\RaynzPitStop\build\..\backend\dist\RaynzPitStop\_internal\services\upload_engine\browser\navigator\steps\extract_video.py
[2026-08-17 08:39:15] Compressing: D:\RaynzPitStop\build\..\backend\dist\RaynzPitStop\_internal\services\upload_engine\browser\navigator\steps\metadata.py
[2026-08-17 08:39:15] Compressing: D:\RaynzPitStop\build\..\backend\dist\RaynzPitStop\_internal\services\upload_engine\browser\navigator\steps\open_studio.py
[2026-08-17 08:39:15] Compressing: D:\RaynzPitStop\build\..\backend\dist\RaynzPitStop\_internal\services\upload_engine\browser\navigator\steps\playlist.py
[2026-08-17 08:39:15] Compressing: D:\RaynzPitStop\build\..\backend\dist\RaynzPitStop\_internal\services\upload_engine\browser\navigator\steps\processing.py
[2026-08-17 08:39:15] Compressing: D:\RaynzPitStop\build\..\backend\dist\RaynzPitStop\_internal\services\upload_engine\browser\navigator\steps\schedule.py
[2026-08-17 08:39:15] Compressing: D:\RaynzPitStop\build\..\backend\dist\RaynzPitStop\_internal\services\upload_engine\browser\navigator\steps\thumbnail.py
[2026-08-17 08:39:15] Compressing: D:\RaynzPitStop\build\..\backend\dist\RaynzPitStop\_internal\services\upload_engine\browser\navigator\steps\upload_video.py
[2026-08-17 08:39:15] Compressing: D:\RaynzPitStop\build\..\backend\dist\RaynzPitStop\_internal\services\upload_engine\browser\navigator\steps\visibility.py
[2026-08-17 08:39:15] Compressing: D:\RaynzPitStop\build\..\backend\dist\RaynzPitStop\_internal\services\upload_engine\browser\navigator\steps\__init__.py
[2026-08-17 08:39:15] Compressing: D:\RaynzPitStop\build\..\backend\dist\RaynzPitStop\_internal\services\upload_engine\browser\navigator\steps\__pycache__\audience.cpython-314.pyc
[2026-08-17 08:39:15] Compressing: D:\RaynzPitStop\build\..\backend\dist\RaynzPitStop\_internal\services\upload_engine\browser\navigator\steps\__pycache__\done.cpython-314.pyc
[2026-08-17 08:39:15] Compressing: D:\RaynzPitStop\build\..\backend\dist\RaynzPitStop\_internal\services\upload_engine\browser\navigator\steps\__pycache__\draft_detection.cpython-314.pyc
[2026-08-17 08:39:15] Compressing: D:\RaynzPitStop\build\..\backend\dist\RaynzPitStop\_internal\services\upload_engine\browser\navigator\steps\__pycache__\extract_video.cpython-314.pyc
[2026-08-17 08:39:15] Compressing: D:\RaynzPitStop\build\..\backend\dist\RaynzPitStop\_internal\services\upload_engine\browser\navigator\steps\__pycache__\metadata.cpython-314.pyc
[2026-08-17 08:39:15] Compressing: D:\RaynzPitStop\build\..\backend\dist\RaynzPitStop\_internal\services\upload_engine\browser\navigator\steps\__pycache__\open_studio.cpython-314.pyc
[2026-08-17 08:39:15] Compressing: D:\RaynzPitStop\build\..\backend\dist\RaynzPitStop\_internal\services\upload_engine\browser\navigator\steps\__pycache__\playlist.cpython-314.pyc
[2026-08-17 08:39:15] Compressing: D:\RaynzPitStop\build\..\backend\dist\RaynzPitStop\_internal\services\upload_engine\browser\navigator\steps\__pycache__\processing.cpython-314.pyc
[2026-08-17 08:39:15] Compressing: D:\RaynzPitStop\build\..\backend\dist\RaynzPitStop\_internal\services\upload_engine\browser\navigator\steps\__pycache__\schedule.cpython-314.pyc
[2026-08-17 08:39:15] Compressing: D:\RaynzPitStop\build\..\backend\dist\RaynzPitStop\_internal\services\upload_engine\browser\navigator\steps\__pycache__\thumbnail.cpython-314.pyc
[2026-08-17 08:39:15] Compressing: D:\RaynzPitStop\build\..\backend\dist\RaynzPitStop\_internal\services\upload_engine\browser\navigator\steps\__pycache__\upload_video.cpython-314.pyc
[2026-08-17 08:39:15] Compressing: D:\RaynzPitStop\build\..\backend\dist\RaynzPitStop\_internal\services\upload_engine\browser\navigator\steps\__pycache__\visibility.cpython-314.pyc
[2026-08-17 08:39:15] Compressing: D:\RaynzPitStop\build\..\backend\dist\RaynzPitStop\_internal\services\upload_engine\browser\navigator\steps\__pycache__\__init__.cpython-314.pyc
[2026-08-17 08:39:15] Compressing: D:\RaynzPitStop\build\..\backend\dist\RaynzPitStop\_internal\services\upload_engine\browser\navigator\steps\__pycache__\__init__.py
[2026-08-17 08:39:15] Compressing: D:\RaynzPitStop\build\..\backend\dist\RaynzPitStop\_internal\services\upload_engine\browser\navigator\__pycache__\base_step.cpython-314.pyc
[2026-08-17 08:39:15] Compressing: D:\RaynzPitStop\build\..\backend\dist\RaynzPitStop\_internal\services\upload_engine\browser\navigator\__pycache__\evidence_collector.cpython-314.pyc
[2026-08-17 08:39:15] Compressing: D:\RaynzPitStop\build\..\backend\dist\RaynzPitStop\_internal\services\upload_engine\browser\navigator\__pycache__\locator_resolver.cpython-314.pyc
[2026-08-17 08:39:15] Compressing: D:\RaynzPitStop\build\..\backend\dist\RaynzPitStop\_internal\services\upload_engine\browser\navigator\__pycache__\retry_policy.cpython-314.pyc
[2026-08-17 08:39:15] Compressing: D:\RaynzPitStop\build\..\backend\dist\RaynzPitStop\_internal\services\upload_engine\browser\navigator\__pycache__\step_result.cpython-314.pyc
[2026-08-17 08:39:15] Compressing: D:\RaynzPitStop\build\..\backend\dist\RaynzPitStop\_internal\services\upload_engine\browser\navigator\__pycache__\workflow_engine.cpython-314.pyc
[2026-08-17 08:39:15] Compressing: D:\RaynzPitStop\build\..\backend\dist\RaynzPitStop\_internal\services\upload_engine\browser\navigator\__pycache__\__init__.cpython-314.pyc
[2026-08-17 08:39:15] Compressing: D:\RaynzPitStop\build\..\backend\dist\RaynzPitStop\_internal\services\upload_engine\browser\navigator\__pycache__\__init__.py
[2026-08-17 08:39:15] Compressing: D:\RaynzPitStop\build\..\backend\dist\RaynzPitStop\_internal\services\upload_engine\browser\__pycache__\browser_launcher.cpython-314.pyc
[2026-08-17 08:39:15] Compressing: D:\RaynzPitStop\build\..\backend\dist\RaynzPitStop\_internal\services\upload_engine\browser\__pycache__\profile_manager.cpython-314.pyc
[2026-08-17 08:39:15] Compressing: D:\RaynzPitStop\build\..\backend\dist\RaynzPitStop\_internal\services\upload_engine\browser\__pycache__\session_validator.cpython-314.pyc
[2026-08-17 08:39:15] Compressing: D:\RaynzPitStop\build\..\backend\dist\RaynzPitStop\_internal\services\upload_engine\browser\__pycache__\studio_navigator.cpython-314.pyc
[2026-08-17 08:39:15] Compressing: D:\RaynzPitStop\build\..\backend\dist\RaynzPitStop\_internal\services\upload_engine\browser\__pycache__\__init__.cpython-314.pyc
[2026-08-17 08:39:15] Compressing: D:\RaynzPitStop\build\..\backend\dist\RaynzPitStop\_internal\services\upload_engine\browser\__pycache__\__init__.py
[2026-08-17 08:39:15] Compressing: D:\RaynzPitStop\build\..\backend\dist\RaynzPitStop\_internal\services\upload_engine\providers\api_provider.py
[2026-08-17 08:39:15] Compressing: D:\RaynzPitStop\build\..\backend\dist\RaynzPitStop\_internal\services\upload_engine\providers\base_provider.py
[2026-08-17 08:39:15] Compressing: D:\RaynzPitStop\build\..\backend\dist\RaynzPitStop\_internal\services\upload_engine\providers\oauth_provider.py
[2026-08-17 08:39:15] Compressing: D:\RaynzPitStop\build\..\backend\dist\RaynzPitStop\_internal\services\upload_engine\providers\playwright_provider.py
[2026-08-17 08:39:15] Compressing: D:\RaynzPitStop\build\..\backend\dist\RaynzPitStop\_internal\services\upload_engine\providers\provider_registry.py
[2026-08-17 08:39:15] Compressing: D:\RaynzPitStop\build\..\backend\dist\RaynzPitStop\_internal\services\upload_engine\providers\upload_context.py
[2026-08-17 08:39:15] Compressing: D:\RaynzPitStop\build\..\backend\dist\RaynzPitStop\_internal\services\upload_engine\providers\upload_result.py
[2026-08-17 08:39:15] Compressing: D:\RaynzPitStop\build\..\backend\dist\RaynzPitStop\_internal\services\upload_engine\providers\__init__.py
[2026-08-17 08:39:15] Compressing: D:\RaynzPitStop\build\..\backend\dist\RaynzPitStop\_internal\services\upload_engine\providers\__pycache__\api_provider.cpython-314.pyc
[2026-08-17 08:39:15] Compressing: D:\RaynzPitStop\build\..\backend\dist\RaynzPitStop\_internal\services\upload_engine\providers\__pycache__\base_provider.cpython-314.pyc
[2026-08-17 08:39:15] Compressing: D:\RaynzPitStop\build\..\backend\dist\RaynzPitStop\_internal\services\upload_engine\providers\__pycache__\oauth_provider.cpython-314.pyc
[2026-08-17 08:39:15] Compressing: D:\RaynzPitStop\build\..\backend\dist\RaynzPitStop\_internal\services\upload_engine\providers\__pycache__\playwright_provider.cpython-314.pyc
[2026-08-17 08:39:15] Compressing: D:\RaynzPitStop\build\..\backend\dist\RaynzPitStop\_internal\services\upload_engine\providers\__pycache__\provider_registry.cpython-314.pyc
[2026-08-17 08:39:15] Compressing: D:\RaynzPitStop\build\..\backend\dist\RaynzPitStop\_internal\services\upload_engine\providers\__pycache__\upload_context.cpython-314.pyc
[2026-08-17 08:39:15] Compressing: D:\RaynzPitStop\build\..\backend\dist\RaynzPitStop\_internal\services\upload_engine\providers\__pycache__\upload_result.cpython-314.pyc
[2026-08-17 08:39:15] Compressing: D:\RaynzPitStop\build\..\backend\dist\RaynzPitStop\_internal\services\upload_engine\providers\__pycache__\__init__.cpython-314.pyc
[2026-08-17 08:39:15] Compressing: D:\RaynzPitStop\build\..\backend\dist\RaynzPitStop\_internal\services\upload_engine\providers\__pycache__\__init__.py
[2026-08-17 08:39:15] Compressing: D:\RaynzPitStop\build\..\backend\dist\RaynzPitStop\_internal\services\upload_engine\__pycache__\engine.cpython-314.pyc
[2026-08-17 08:39:15] Compressing: D:\RaynzPitStop\build\..\backend\dist\RaynzPitStop\_internal\services\upload_engine\__pycache__\upload_exceptions.cpython-314.pyc
[2026-08-17 08:39:15] Compressing: D:\RaynzPitStop\build\..\backend\dist\RaynzPitStop\_internal\services\upload_engine\__pycache__\upload_manager.cpython-314.pyc
[2026-08-17 08:39:15] Compressing: D:\RaynzPitStop\build\..\backend\dist\RaynzPitStop\_internal\services\upload_engine\__pycache__\upload_progress.cpython-314.pyc
[2026-08-17 08:39:15] Compressing: D:\RaynzPitStop\build\..\backend\dist\RaynzPitStop\_internal\services\upload_engine\__pycache__\upload_repository.cpython-314.pyc
[2026-08-17 08:39:15] Compressing: D:\RaynzPitStop\build\..\backend\dist\RaynzPitStop\_internal\services\upload_engine\__pycache__\upload_result.cpython-314.pyc
[2026-08-17 08:39:15] Compressing: D:\RaynzPitStop\build\..\backend\dist\RaynzPitStop\_internal\services\upload_engine\__pycache__\upload_session.cpython-314.pyc
[2026-08-17 08:39:15] Compressing: D:\RaynzPitStop\build\..\backend\dist\RaynzPitStop\_internal\services\upload_engine\__pycache__\upload_state_machine.cpython-314.pyc
[2026-08-17 08:39:15] Compressing: D:\RaynzPitStop\build\..\backend\dist\RaynzPitStop\_internal\services\upload_engine\__pycache__\upload_types.cpython-314.pyc
[2026-08-17 08:39:15] Compressing: D:\RaynzPitStop\build\..\backend\dist\RaynzPitStop\_internal\services\upload_engine\__pycache__\upload_validator.cpython-314.pyc
[2026-08-17 08:39:15] Compressing: D:\RaynzPitStop\build\..\backend\dist\RaynzPitStop\_internal\services\upload_engine\__pycache__\__init__.cpython-314.pyc
[2026-08-17 08:39:15] Compressing: D:\RaynzPitStop\build\..\backend\dist\RaynzPitStop\_internal\services\upload_engine\__pycache__\__init__.py
[2026-08-17 08:39:15] Compressing: D:\RaynzPitStop\build\..\backend\dist\RaynzPitStop\_internal\services\watch_folder\duplicate_checker.py
[2026-08-17 08:39:15] Compressing: D:\RaynzPitStop\build\..\backend\dist\RaynzPitStop\_internal\services\watch_folder\engine.py
[2026-08-17 08:39:15] Compressing: D:\RaynzPitStop\build\..\backend\dist\RaynzPitStop\_internal\services\watch_folder\health_service.py
[2026-08-17 08:39:15] Compressing: D:\RaynzPitStop\build\..\backend\dist\RaynzPitStop\_internal\services\watch_folder\importer.py
[2026-08-17 08:39:15] Compressing: D:\RaynzPitStop\build\..\backend\dist\RaynzPitStop\_internal\services\watch_folder\scanner.py
[2026-08-17 08:39:15] Compressing: D:\RaynzPitStop\build\..\backend\dist\RaynzPitStop\_internal\services\watch_folder\validator.py
[2026-08-17 08:39:15] Compressing: D:\RaynzPitStop\build\..\backend\dist\RaynzPitStop\_internal\services\watch_folder\__init__.py
[2026-08-17 08:39:15] Compressing: D:\RaynzPitStop\build\..\backend\dist\RaynzPitStop\_internal\services\watch_folder\__pycache__\duplicate_checker.cpython-314.pyc
[2026-08-17 08:39:15] Compressing: D:\RaynzPitStop\build\..\backend\dist\RaynzPitStop\_internal\services\watch_folder\__pycache__\engine.cpython-314.pyc
[2026-08-17 08:39:15] Compressing: D:\RaynzPitStop\build\..\backend\dist\RaynzPitStop\_internal\services\watch_folder\__pycache__\health_service.cpython-314.pyc
[2026-08-17 08:39:15] Compressing: D:\RaynzPitStop\build\..\backend\dist\RaynzPitStop\_internal\services\watch_folder\__pycache__\importer.cpython-314.pyc
[2026-08-17 08:39:15] Compressing: D:\RaynzPitStop\build\..\backend\dist\RaynzPitStop\_internal\services\watch_folder\__pycache__\scanner.cpython-314.pyc
[2026-08-17 08:39:15] Compressing: D:\RaynzPitStop\build\..\backend\dist\RaynzPitStop\_internal\services\watch_folder\__pycache__\validator.cpython-314.pyc
[2026-08-17 08:39:15] Compressing: D:\RaynzPitStop\build\..\backend\dist\RaynzPitStop\_internal\services\watch_folder\__pycache__\__init__.cpython-314.pyc
[2026-08-17 08:39:15] Compressing: D:\RaynzPitStop\build\..\backend\dist\RaynzPitStop\_internal\services\watch_folder\__pycache__\__init__.py
[2026-08-17 08:39:15] Compressing: D:\RaynzPitStop\build\..\backend\dist\RaynzPitStop\_internal\services\__pycache__\campaign_asset_service.cpython-314.pyc
[2026-08-17 08:39:15] Compressing: D:\RaynzPitStop\build\..\backend\dist\RaynzPitStop\_internal\services\__pycache__\campaign_execution_service.cpython-314.pyc
[2026-08-17 08:39:15] Compressing: D:\RaynzPitStop\build\..\backend\dist\RaynzPitStop\_internal\services\__pycache__\campaign_queue_builder.cpython-314.pyc
[2026-08-17 08:39:15] Compressing: D:\RaynzPitStop\build\..\backend\dist\RaynzPitStop\_internal\services\__pycache__\campaign_review_service.cpython-314.pyc
[2026-08-17 08:39:15] Compressing: D:\RaynzPitStop\build\..\backend\dist\RaynzPitStop\_internal\services\__pycache__\campaign_scan_service.cpython-314.pyc
[2026-08-17 08:39:15] Compressing: D:\RaynzPitStop\build\..\backend\dist\RaynzPitStop\_internal\services\__pycache__\channel_service.cpython-314.pyc
[2026-08-17 08:39:15] Compressing: D:\RaynzPitStop\build\..\backend\dist\RaynzPitStop\_internal\services\__pycache__\dashboard_service.cpython-314.pyc
[2026-08-17 08:39:15] Compressing: D:\RaynzPitStop\build\..\backend\dist\RaynzPitStop\_internal\services\__pycache__\events.cpython-314.pyc
[2026-08-17 08:39:15] Compressing: D:\RaynzPitStop\build\..\backend\dist\RaynzPitStop\_internal\services\__pycache__\event_logger.cpython-314.pyc
[2026-08-17 08:39:15] Compressing: D:\RaynzPitStop\build\..\backend\dist\RaynzPitStop\_internal\services\__pycache__\execution_dispatcher.cpython-314.pyc
[2026-08-17 08:39:15] Compressing: D:\RaynzPitStop\build\..\backend\dist\RaynzPitStop\_internal\services\__pycache__\experiment_workflow.cpython-314.pyc
[2026-08-17 08:39:15] Compressing: D:\RaynzPitStop\build\..\backend\dist\RaynzPitStop\_internal\services\__pycache__\history_service.cpython-314.pyc
[2026-08-17 08:39:15] Compressing: D:\RaynzPitStop\build\..\backend\dist\RaynzPitStop\_internal\services\__pycache__\leaderboard_generator.cpython-314.pyc
[2026-08-17 08:39:15] Compressing: D:\RaynzPitStop\build\..\backend\dist\RaynzPitStop\_internal\services\__pycache__\profile_service.cpython-314.pyc
[2026-08-17 08:39:15] Compressing: D:\RaynzPitStop\build\..\backend\dist\RaynzPitStop\_internal\services\__pycache__\prompt_compiler.cpython-314.pyc
[2026-08-17 08:39:15] Compressing: D:\RaynzPitStop\build\..\backend\dist\RaynzPitStop\_internal\services\__pycache__\prompt_linter.cpython-314.pyc
[2026-08-17 08:39:15] Compressing: D:\RaynzPitStop\build\..\backend\dist\RaynzPitStop\_internal\services\__pycache__\prompt_manager.cpython-314.pyc
[2026-08-17 08:39:15] Compressing: D:\RaynzPitStop\build\..\backend\dist\RaynzPitStop\_internal\services\__pycache__\prompt_tester.cpython-314.pyc
[2026-08-17 08:39:15] Compressing: D:\RaynzPitStop\build\..\backend\dist\RaynzPitStop\_internal\services\__pycache__\settings_service.cpython-314.pyc
[2026-08-17 08:39:15] Compressing: D:\RaynzPitStop\build\..\backend\dist\RaynzPitStop\_internal\services\__pycache__\upload_service.cpython-314.pyc
[2026-08-17 08:39:15] Compressing: D:\RaynzPitStop\build\..\backend\dist\RaynzPitStop\_internal\services\__pycache__\watch_folder_service.cpython-314.pyc
[2026-08-17 08:39:15] Compressing: D:\RaynzPitStop\build\..\backend\dist\RaynzPitStop\_internal\services\__pycache__\workspace_manager.cpython-314.pyc
[2026-08-17 08:39:15] Compressing: D:\RaynzPitStop\build\..\backend\dist\RaynzPitStop\_internal\services\__pycache__\__init__.cpython-314.pyc
[2026-08-17 08:39:15] Compressing: D:\RaynzPitStop\build\..\backend\dist\RaynzPitStop\_internal\services\__pycache__\__init__.py
[2026-08-17 08:39:15] Compressing: D:\RaynzPitStop\build\..\backend\dist\RaynzPitStop\_internal\setuptools\_vendor\importlib_metadata-8.7.1.dist-info\INSTALLER
[2026-08-17 08:39:15] Compressing: D:\RaynzPitStop\build\..\backend\dist\RaynzPitStop\_internal\setuptools\_vendor\importlib_metadata-8.7.1.dist-info\METADATA
[2026-08-17 08:39:15] Compressing: D:\RaynzPitStop\build\..\backend\dist\RaynzPitStop\_internal\setuptools\_vendor\importlib_metadata-8.7.1.dist-info\RECORD
[2026-08-17 08:39:15] Compressing: D:\RaynzPitStop\build\..\backend\dist\RaynzPitStop\_internal\setuptools\_vendor\importlib_metadata-8.7.1.dist-info\REQUESTED
[2026-08-17 08:39:15] Compressing: D:\RaynzPitStop\build\..\backend\dist\RaynzPitStop\_internal\setuptools\_vendor\importlib_metadata-8.7.1.dist-info\top_level.txt
[2026-08-17 08:39:15] Compressing: D:\RaynzPitStop\build\..\backend\dist\RaynzPitStop\_internal\setuptools\_vendor\importlib_metadata-8.7.1.dist-info\WHEEL
[2026-08-17 08:39:15] Compressing: D:\RaynzPitStop\build\..\backend\dist\RaynzPitStop\_internal\setuptools\_vendor\importlib_metadata-8.7.1.dist-info\licenses\LICENSE
[2026-08-17 08:39:15] Compressing: D:\RaynzPitStop\build\..\backend\dist\RaynzPitStop\_internal\setuptools\_vendor\jaraco\text\Lorem ipsum.txt
[2026-08-17 08:39:15] Compressing: D:\RaynzPitStop\build\..\backend\dist\RaynzPitStop\_internal\sqlalchemy\cyextension\collections.cp314-win_amd64.pyd
[2026-08-17 08:39:15] Compressing: D:\RaynzPitStop\build\..\backend\dist\RaynzPitStop\_internal\sqlalchemy\cyextension\immutabledict.cp314-win_amd64.pyd
[2026-08-17 08:39:15] Compressing: D:\RaynzPitStop\build\..\backend\dist\RaynzPitStop\_internal\sqlalchemy\cyextension\processors.cp314-win_amd64.pyd
[2026-08-17 08:39:15] Compressing: D:\RaynzPitStop\build\..\backend\dist\RaynzPitStop\_internal\sqlalchemy\cyextension\resultproxy.cp314-win_amd64.pyd
[2026-08-17 08:39:15] Compressing: D:\RaynzPitStop\build\..\backend\dist\RaynzPitStop\_internal\sqlalchemy\cyextension\util.cp314-win_amd64.pyd
[2026-08-17 08:39:15] Compressing: D:\RaynzPitStop\build\..\backend\dist\RaynzPitStop\_internal\starlette\applications.py
[2026-08-17 08:39:15] Compressing: D:\RaynzPitStop\build\..\backend\dist\RaynzPitStop\_internal\starlette\authentication.py
[2026-08-17 08:39:15] Compressing: D:\RaynzPitStop\build\..\backend\dist\RaynzPitStop\_internal\starlette\background.py
[2026-08-17 08:39:15] Compressing: D:\RaynzPitStop\build\..\backend\dist\RaynzPitStop\_internal\starlette\concurrency.py
[2026-08-17 08:39:15] Compressing: D:\RaynzPitStop\build\..\backend\dist\RaynzPitStop\_internal\starlette\config.py
[2026-08-17 08:39:15] Compressing: D:\RaynzPitStop\build\..\backend\dist\RaynzPitStop\_internal\starlette\convertors.py
[2026-08-17 08:39:15] Compressing: D:\RaynzPitStop\build\..\backend\dist\RaynzPitStop\_internal\starlette\datastructures.py
[2026-08-17 08:39:15] Compressing: D:\RaynzPitStop\build\..\backend\dist\RaynzPitStop\_internal\starlette\endpoints.py
[2026-08-17 08:39:15] Compressing: D:\RaynzPitStop\build\..\backend\dist\RaynzPitStop\_internal\starlette\exceptions.py
[2026-08-17 08:39:15] Compressing: D:\RaynzPitStop\build\..\backend\dist\RaynzPitStop\_internal\starlette\formparsers.py
[2026-08-17 08:39:15] Compressing: D:\RaynzPitStop\build\..\backend\dist\RaynzPitStop\_internal\starlette\py.typed
[2026-08-17 08:39:15] Compressing: D:\RaynzPitStop\build\..\backend\dist\RaynzPitStop\_internal\starlette\requests.py
[2026-08-17 08:39:15] Compressing: D:\RaynzPitStop\build\..\backend\dist\RaynzPitStop\_internal\starlette\responses.py
[2026-08-17 08:39:15] Compressing: D:\RaynzPitStop\build\..\backend\dist\RaynzPitStop\_internal\starlette\routing.py
[2026-08-17 08:39:15] Compressing: D:\RaynzPitStop\build\..\backend\dist\RaynzPitStop\_internal\starlette\schemas.py
[2026-08-17 08:39:15] Compressing: D:\RaynzPitStop\build\..\backend\dist\RaynzPitStop\_internal\starlette\staticfiles.py
[2026-08-17 08:39:15] Compressing: D:\RaynzPitStop\build\..\backend\dist\RaynzPitStop\_internal\starlette\status.py
[2026-08-17 08:39:15] Compressing: D:\RaynzPitStop\build\..\backend\dist\RaynzPitStop\_internal\starlette\templating.py
[2026-08-17 08:39:15] Compressing: D:\RaynzPitStop\build\..\backend\dist\RaynzPitStop\_internal\starlette\testclient.py
[2026-08-17 08:39:15] Compressing: D:\RaynzPitStop\build\..\backend\dist\RaynzPitStop\_internal\starlette\types.py
[2026-08-17 08:39:15] Compressing: D:\RaynzPitStop\build\..\backend\dist\RaynzPitStop\_internal\starlette\websockets.py
[2026-08-17 08:39:15] Compressing: D:\RaynzPitStop\build\..\backend\dist\RaynzPitStop\_internal\starlette\_exception_handler.py
[2026-08-17 08:39:15] Compressing: D:\RaynzPitStop\build\..\backend\dist\RaynzPitStop\_internal\starlette\_utils.py
[2026-08-17 08:39:15] Compressing: D:\RaynzPitStop\build\..\backend\dist\RaynzPitStop\_internal\starlette\__init__.py
[2026-08-17 08:39:15] Compressing: D:\RaynzPitStop\build\..\backend\dist\RaynzPitStop\_internal\starlette\middleware\authentication.py
[2026-08-17 08:39:15] Compressing: D:\RaynzPitStop\build\..\backend\dist\RaynzPitStop\_internal\starlette\middleware\base.py
[2026-08-17 08:39:15] Compressing: D:\RaynzPitStop\build\..\backend\dist\RaynzPitStop\_internal\starlette\middleware\cors.py
[2026-08-17 08:39:15] Compressing: D:\RaynzPitStop\build\..\backend\dist\RaynzPitStop\_internal\starlette\middleware\errors.py
[2026-08-17 08:39:15] Compressing: D:\RaynzPitStop\build\..\backend\dist\RaynzPitStop\_internal\starlette\middleware\exceptions.py
[2026-08-17 08:39:15] Compressing: D:\RaynzPitStop\build\..\backend\dist\RaynzPitStop\_internal\starlette\middleware\gzip.py
[2026-08-17 08:39:15] Compressing: D:\RaynzPitStop\build\..\backend\dist\RaynzPitStop\_internal\starlette\middleware\httpsredirect.py
[2026-08-17 08:39:15] Compressing: D:\RaynzPitStop\build\..\backend\dist\RaynzPitStop\_internal\starlette\middleware\sessions.py
[2026-08-17 08:39:15] Compressing: D:\RaynzPitStop\build\..\backend\dist\RaynzPitStop\_internal\starlette\middleware\trustedhost.py
[2026-08-17 08:39:15] Compressing: D:\RaynzPitStop\build\..\backend\dist\RaynzPitStop\_internal\starlette\middleware\wsgi.py
[2026-08-17 08:39:15] Compressing: D:\RaynzPitStop\build\..\backend\dist\RaynzPitStop\_internal\starlette\middleware\__init__.py
[2026-08-17 08:39:15] Compressing: D:\RaynzPitStop\build\..\backend\dist\RaynzPitStop\_internal\starlette-1.1.0.dist-info\INSTALLER
[2026-08-17 08:39:15] Compressing: D:\RaynzPitStop\build\..\backend\dist\RaynzPitStop\_internal\starlette-1.1.0.dist-info\METADATA
[2026-08-17 08:39:15] Compressing: D:\RaynzPitStop\build\..\backend\dist\RaynzPitStop\_internal\starlette-1.1.0.dist-info\RECORD
[2026-08-17 08:39:15] Compressing: D:\RaynzPitStop\build\..\backend\dist\RaynzPitStop\_internal\starlette-1.1.0.dist-info\WHEEL
[2026-08-17 08:39:15] Compressing: D:\RaynzPitStop\build\..\backend\dist\RaynzPitStop\_internal\starlette-1.1.0.dist-info\licenses\LICENSE.md
[2026-08-17 08:39:15] Compressing: D:\RaynzPitStop\build\..\backend\dist\RaynzPitStop\_internal\tcl8\8.4\platform-1.0.19.tm
[2026-08-17 08:39:15] Compressing: D:\RaynzPitStop\build\..\backend\dist\RaynzPitStop\_internal\tcl8\8.4\platform\shell-1.1.4.tm
[2026-08-17 08:39:15] Compressing: D:\RaynzPitStop\build\..\backend\dist\RaynzPitStop\_internal\tcl8\8.5\msgcat-1.6.1.tm
[2026-08-17 08:39:15] Compressing: D:\RaynzPitStop\build\..\backend\dist\RaynzPitStop\_internal\tcl8\8.5\tcltest-2.5.8.tm
[2026-08-17 08:39:15] Compressing: D:\RaynzPitStop\build\..\backend\dist\RaynzPitStop\_internal\tcl8\8.6\http-2.9.8.tm
[2026-08-17 08:39:15] Compressing: D:\RaynzPitStop\build\..\backend\dist\RaynzPitStop\_internal\uvicorn\config.py
[2026-08-17 08:39:15] Compressing: D:\RaynzPitStop\build\..\backend\dist\RaynzPitStop\_internal\uvicorn\importer.py
[2026-08-17 08:39:15] Compressing: D:\RaynzPitStop\build\..\backend\dist\RaynzPitStop\_internal\uvicorn\logging.py
[2026-08-17 08:39:15] Compressing: D:\RaynzPitStop\build\..\backend\dist\RaynzPitStop\_internal\uvicorn\main.py
[2026-08-17 08:39:15] Compressing: D:\RaynzPitStop\build\..\backend\dist\RaynzPitStop\_internal\uvicorn\py.typed
[2026-08-17 08:39:15] Compressing: D:\RaynzPitStop\build\..\backend\dist\RaynzPitStop\_internal\uvicorn\server.py
[2026-08-17 08:39:15] Compressing: D:\RaynzPitStop\build\..\backend\dist\RaynzPitStop\_internal\uvicorn\workers.py
[2026-08-17 08:39:15] Compressing: D:\RaynzPitStop\build\..\backend\dist\RaynzPitStop\_internal\uvicorn\_compat.py
[2026-08-17 08:39:15] Compressing: D:\RaynzPitStop\build\..\backend\dist\RaynzPitStop\_internal\uvicorn\_subprocess.py
[2026-08-17 08:39:15] Compressing: D:\RaynzPitStop\build\..\backend\dist\RaynzPitStop\_internal\uvicorn\_types.py
[2026-08-17 08:39:15] Compressing: D:\RaynzPitStop\build\..\backend\dist\RaynzPitStop\_internal\uvicorn\__init__.py
[2026-08-17 08:39:15] Compressing: D:\RaynzPitStop\build\..\backend\dist\RaynzPitStop\_internal\uvicorn\__main__.py
[2026-08-17 08:39:15] Compressing: D:\RaynzPitStop\build\..\backend\dist\RaynzPitStop\_internal\uvicorn\lifespan\off.py
[2026-08-17 08:39:15] Compressing: D:\RaynzPitStop\build\..\backend\dist\RaynzPitStop\_internal\uvicorn\lifespan\on.py
[2026-08-17 08:39:15] Compressing: D:\RaynzPitStop\build\..\backend\dist\RaynzPitStop\_internal\uvicorn\lifespan\__init__.py
[2026-08-17 08:39:15] Compressing: D:\RaynzPitStop\build\..\backend\dist\RaynzPitStop\_internal\uvicorn\loops\asyncio.py
[2026-08-17 08:39:15] Compressing: D:\RaynzPitStop\build\..\backend\dist\RaynzPitStop\_internal\uvicorn\loops\auto.py
[2026-08-17 08:39:15] Compressing: D:\RaynzPitStop\build\..\backend\dist\RaynzPitStop\_internal\uvicorn\loops\uvloop.py
[2026-08-17 08:39:15] Compressing: D:\RaynzPitStop\build\..\backend\dist\RaynzPitStop\_internal\uvicorn\loops\__init__.py
[2026-08-17 08:39:15] Compressing: D:\RaynzPitStop\build\..\backend\dist\RaynzPitStop\_internal\uvicorn\middleware\asgi2.py
[2026-08-17 08:39:15] Compressing: D:\RaynzPitStop\build\..\backend\dist\RaynzPitStop\_internal\uvicorn\middleware\message_logger.py
[2026-08-17 08:39:15] Compressing: D:\RaynzPitStop\build\..\backend\dist\RaynzPitStop\_internal\uvicorn\middleware\proxy_headers.py
[2026-08-17 08:39:15] Compressing: D:\RaynzPitStop\build\..\backend\dist\RaynzPitStop\_internal\uvicorn\middleware\wsgi.py
[2026-08-17 08:39:15] Compressing: D:\RaynzPitStop\build\..\backend\dist\RaynzPitStop\_internal\uvicorn\middleware\__init__.py
[2026-08-17 08:39:15] Compressing: D:\RaynzPitStop\build\..\backend\dist\RaynzPitStop\_internal\uvicorn\protocols\utils.py
[2026-08-17 08:39:15] Compressing: D:\RaynzPitStop\build\..\backend\dist\RaynzPitStop\_internal\uvicorn\protocols\__init__.py
[2026-08-17 08:39:15] Compressing: D:\RaynzPitStop\build\..\backend\dist\RaynzPitStop\_internal\uvicorn\protocols\http\auto.py
[2026-08-17 08:39:15] Compressing: D:\RaynzPitStop\build\..\backend\dist\RaynzPitStop\_internal\uvicorn\protocols\http\flow_control.py
[2026-08-17 08:39:15] Compressing: D:\RaynzPitStop\build\..\backend\dist\RaynzPitStop\_internal\uvicorn\protocols\http\h11_impl.py
[2026-08-17 08:39:15] Compressing: D:\RaynzPitStop\build\..\backend\dist\RaynzPitStop\_internal\uvicorn\protocols\http\httptools_impl.py
[2026-08-17 08:39:15] Compressing: D:\RaynzPitStop\build\..\backend\dist\RaynzPitStop\_internal\uvicorn\protocols\http\__init__.py
[2026-08-17 08:39:15] Compressing: D:\RaynzPitStop\build\..\backend\dist\RaynzPitStop\_internal\uvicorn\protocols\websockets\auto.py
[2026-08-17 08:39:15] Compressing: D:\RaynzPitStop\build\..\backend\dist\RaynzPitStop\_internal\uvicorn\protocols\websockets\websockets_impl.py
[2026-08-17 08:39:15] Compressing: D:\RaynzPitStop\build\..\backend\dist\RaynzPitStop\_internal\uvicorn\protocols\websockets\websockets_sansio_impl.py
[2026-08-17 08:39:15] Compressing: D:\RaynzPitStop\build\..\backend\dist\RaynzPitStop\_internal\uvicorn\protocols\websockets\wsproto_impl.py
[2026-08-17 08:39:15] Compressing: D:\RaynzPitStop\build\..\backend\dist\RaynzPitStop\_internal\uvicorn\protocols\websockets\__init__.py
[2026-08-17 08:39:15] Compressing: D:\RaynzPitStop\build\..\backend\dist\RaynzPitStop\_internal\uvicorn\supervisors\basereload.py
[2026-08-17 08:39:15] Compressing: D:\RaynzPitStop\build\..\backend\dist\RaynzPitStop\_internal\uvicorn\supervisors\multiprocess.py
[2026-08-17 08:39:15] Compressing: D:\RaynzPitStop\build\..\backend\dist\RaynzPitStop\_internal\uvicorn\supervisors\statreload.py
[2026-08-17 08:39:15] Compressing: D:\RaynzPitStop\build\..\backend\dist\RaynzPitStop\_internal\uvicorn\supervisors\watchfilesreload.py
[2026-08-17 08:39:15] Compressing: D:\RaynzPitStop\build\..\backend\dist\RaynzPitStop\_internal\uvicorn\supervisors\__init__.py
[2026-08-17 08:39:15] Compressing: D:\RaynzPitStop\build\..\backend\dist\RaynzPitStop\_internal\uvicorn-0.48.0.dist-info\entry_points.txt
[2026-08-17 08:39:15] Compressing: D:\RaynzPitStop\build\..\backend\dist\RaynzPitStop\_internal\uvicorn-0.48.0.dist-info\INSTALLER
[2026-08-17 08:39:15] Compressing: D:\RaynzPitStop\build\..\backend\dist\RaynzPitStop\_internal\uvicorn-0.48.0.dist-info\METADATA
[2026-08-17 08:39:15] Compressing: D:\RaynzPitStop\build\..\backend\dist\RaynzPitStop\_internal\uvicorn-0.48.0.dist-info\RECORD
[2026-08-17 08:39:15] Compressing: D:\RaynzPitStop\build\..\backend\dist\RaynzPitStop\_internal\uvicorn-0.48.0.dist-info\REQUESTED
[2026-08-17 08:39:15] Compressing: D:\RaynzPitStop\build\..\backend\dist\RaynzPitStop\_internal\uvicorn-0.48.0.dist-info\WHEEL
[2026-08-17 08:39:15] Compressing: D:\RaynzPitStop\build\..\backend\dist\RaynzPitStop\_internal\uvicorn-0.48.0.dist-info\licenses\LICENSE.md
[2026-08-17 08:39:15] Compressing: D:\RaynzPitStop\build\..\backend\dist\RaynzPitStop\_internal\websockets-15.0.1.dist-info\entry_points.txt
[2026-08-17 08:39:15] Compressing: D:\RaynzPitStop\build\..\backend\dist\RaynzPitStop\_internal\websockets-15.0.1.dist-info\INSTALLER
[2026-08-17 08:39:15] Compressing: D:\RaynzPitStop\build\..\backend\dist\RaynzPitStop\_internal\websockets-15.0.1.dist-info\LICENSE
[2026-08-17 08:39:15] Compressing: D:\RaynzPitStop\build\..\backend\dist\RaynzPitStop\_internal\websockets-15.0.1.dist-info\METADATA
[2026-08-17 08:39:15] Compressing: D:\RaynzPitStop\build\..\backend\dist\RaynzPitStop\_internal\websockets-15.0.1.dist-info\RECORD
[2026-08-17 08:39:15] Compressing: D:\RaynzPitStop\build\..\backend\dist\RaynzPitStop\_internal\websockets-15.0.1.dist-info\top_level.txt
[2026-08-17 08:39:15] Compressing: D:\RaynzPitStop\build\..\backend\dist\RaynzPitStop\_internal\websockets-15.0.1.dist-info\WHEEL
[2026-08-17 08:39:15] Compressing: D:\RaynzPitStop\build\..\backend\dist\RaynzPitStop\_internal\webview\js\api.js
[2026-08-17 08:39:15] Compressing: D:\RaynzPitStop\build\..\backend\dist\RaynzPitStop\_internal\webview\js\customize.js
[2026-08-17 08:39:15] Compressing: D:\RaynzPitStop\build\..\backend\dist\RaynzPitStop\_internal\webview\js\finish.js
[2026-08-17 08:39:15] Compressing: D:\RaynzPitStop\build\..\backend\dist\RaynzPitStop\_internal\webview\js\state.js
[2026-08-17 08:39:15] Compressing: D:\RaynzPitStop\build\..\backend\dist\RaynzPitStop\_internal\webview\js\lib\dom_json.js
[2026-08-17 08:39:15] Compressing: D:\RaynzPitStop\build\..\backend\dist\RaynzPitStop\_internal\webview\js\lib\polyfill.js
[2026-08-17 08:39:15] Compressing: D:\RaynzPitStop\build\..\backend\dist\RaynzPitStop\_internal\webview\lib\Microsoft.Web.WebView2.Core.dll
[2026-08-17 08:39:15] Compressing: D:\RaynzPitStop\build\..\backend\dist\RaynzPitStop\_internal\webview\lib\Microsoft.Web.WebView2.WinForms.dll
[2026-08-17 08:39:15] Compressing: D:\RaynzPitStop\build\..\backend\dist\RaynzPitStop\_internal\webview\lib\pywebview-android.jar
[2026-08-17 08:39:15] Compressing: D:\RaynzPitStop\build\..\backend\dist\RaynzPitStop\_internal\webview\lib\WebBrowserInterop.x64.dll
[2026-08-17 08:39:15] Compressing: D:\RaynzPitStop\build\..\backend\dist\RaynzPitStop\_internal\webview\lib\WebBrowserInterop.x86.dll
[2026-08-17 08:39:15] Compressing: D:\RaynzPitStop\build\..\backend\dist\RaynzPitStop\_internal\webview\lib\runtimes\win-arm64\native\WebView2Loader.dll
[2026-08-17 08:39:15] Compressing: D:\RaynzPitStop\build\..\backend\dist\RaynzPitStop\_internal\webview\lib\runtimes\win-x64\native\WebView2Loader.dll
[2026-08-17 08:39:15] Compressing: D:\RaynzPitStop\build\..\backend\dist\RaynzPitStop\_internal\webview\lib\runtimes\win-x86\native\WebView2Loader.dll
[2026-08-17 08:39:15] Compressing: D:\RaynzPitStop\build\..\backend\dist\RaynzPitStop\_internal\yaml\_yaml.cp314-win_amd64.pyd
[2026-08-17 08:39:15] Compressing: D:\RaynzPitStop\build\..\backend\dist\RaynzPitStop\_internal\_tcl_data\auto.tcl
[2026-08-17 08:39:15] Compressing: D:\RaynzPitStop\build\..\backend\dist\RaynzPitStop\_internal\_tcl_data\clock.tcl
[2026-08-17 08:39:15] Compressing: D:\RaynzPitStop\build\..\backend\dist\RaynzPitStop\_internal\_tcl_data\history.tcl
[2026-08-17 08:39:15] Compressing: D:\RaynzPitStop\build\..\backend\dist\RaynzPitStop\_internal\_tcl_data\init.tcl
[2026-08-17 08:39:15] Compressing: D:\RaynzPitStop\build\..\backend\dist\RaynzPitStop\_internal\_tcl_data\package.tcl
[2026-08-17 08:39:15] Compressing: D:\RaynzPitStop\build\..\backend\dist\RaynzPitStop\_internal\_tcl_data\parray.tcl
[2026-08-17 08:39:15] Compressing: D:\RaynzPitStop\build\..\backend\dist\RaynzPitStop\_internal\_tcl_data\safe.tcl
[2026-08-17 08:39:15] Compressing: D:\RaynzPitStop\build\..\backend\dist\RaynzPitStop\_internal\_tcl_data\tclIndex
[2026-08-17 08:39:15] Compressing: D:\RaynzPitStop\build\..\backend\dist\RaynzPitStop\_internal\_tcl_data\tm.tcl
[2026-08-17 08:39:15] Compressing: D:\RaynzPitStop\build\..\backend\dist\RaynzPitStop\_internal\_tcl_data\word.tcl
[2026-08-17 08:39:15] Compressing: D:\RaynzPitStop\build\..\backend\dist\RaynzPitStop\_internal\_tcl_data\encoding\ascii.enc
[2026-08-17 08:39:15] Compressing: D:\RaynzPitStop\build\..\backend\dist\RaynzPitStop\_internal\_tcl_data\encoding\big5.enc
[2026-08-17 08:39:15] Compressing: D:\RaynzPitStop\build\..\backend\dist\RaynzPitStop\_internal\_tcl_data\encoding\cns11643.enc
[2026-08-17 08:39:15] Compressing: D:\RaynzPitStop\build\..\backend\dist\RaynzPitStop\_internal\_tcl_data\encoding\cp1250.enc
[2026-08-17 08:39:15] Compressing: D:\RaynzPitStop\build\..\backend\dist\RaynzPitStop\_internal\_tcl_data\encoding\cp1251.enc
[2026-08-17 08:39:15] Compressing: D:\RaynzPitStop\build\..\backend\dist\RaynzPitStop\_internal\_tcl_data\encoding\cp1252.enc
[2026-08-17 08:39:15] Compressing: D:\RaynzPitStop\build\..\backend\dist\RaynzPitStop\_internal\_tcl_data\encoding\cp1253.enc
[2026-08-17 08:39:15] Compressing: D:\RaynzPitStop\build\..\backend\dist\RaynzPitStop\_internal\_tcl_data\encoding\cp1254.enc
[2026-08-17 08:39:15] Compressing: D:\RaynzPitStop\build\..\backend\dist\RaynzPitStop\_internal\_tcl_data\encoding\cp1255.enc
[2026-08-17 08:39:15] Compressing: D:\RaynzPitStop\build\..\backend\dist\RaynzPitStop\_internal\_tcl_data\encoding\cp1256.enc
[2026-08-17 08:39:15] Compressing: D:\RaynzPitStop\build\..\backend\dist\RaynzPitStop\_internal\_tcl_data\encoding\cp1257.enc
[2026-08-17 08:39:15] Compressing: D:\RaynzPitStop\build\..\backend\dist\RaynzPitStop\_internal\_tcl_data\encoding\cp1258.enc
[2026-08-17 08:39:15] Compressing: D:\RaynzPitStop\build\..\backend\dist\RaynzPitStop\_internal\_tcl_data\encoding\cp437.enc
[2026-08-17 08:39:15] Compressing: D:\RaynzPitStop\build\..\backend\dist\RaynzPitStop\_internal\_tcl_data\encoding\cp737.enc
[2026-08-17 08:39:15] Compressing: D:\RaynzPitStop\build\..\backend\dist\RaynzPitStop\_internal\_tcl_data\encoding\cp775.enc
[2026-08-17 08:39:15] Compressing: D:\RaynzPitStop\build\..\backend\dist\RaynzPitStop\_internal\_tcl_data\encoding\cp850.enc
[2026-08-17 08:39:15] Compressing: D:\RaynzPitStop\build\..\backend\dist\RaynzPitStop\_internal\_tcl_data\encoding\cp852.enc
[2026-08-17 08:39:15] Compressing: D:\RaynzPitStop\build\..\backend\dist\RaynzPitStop\_internal\_tcl_data\encoding\cp855.enc
[2026-08-17 08:39:15] Compressing: D:\RaynzPitStop\build\..\backend\dist\RaynzPitStop\_internal\_tcl_data\encoding\cp857.enc
[2026-08-17 08:39:15] Compressing: D:\RaynzPitStop\build\..\backend\dist\RaynzPitStop\_internal\_tcl_data\encoding\cp860.enc
[2026-08-17 08:39:15] Compressing: D:\RaynzPitStop\build\..\backend\dist\RaynzPitStop\_internal\_tcl_data\encoding\cp861.enc
[2026-08-17 08:39:15] Compressing: D:\RaynzPitStop\build\..\backend\dist\RaynzPitStop\_internal\_tcl_data\encoding\cp862.enc
[2026-08-17 08:39:15] Compressing: D:\RaynzPitStop\build\..\backend\dist\RaynzPitStop\_internal\_tcl_data\encoding\cp863.enc
[2026-08-17 08:39:15] Compressing: D:\RaynzPitStop\build\..\backend\dist\RaynzPitStop\_internal\_tcl_data\encoding\cp864.enc
[2026-08-17 08:39:15] Compressing: D:\RaynzPitStop\build\..\backend\dist\RaynzPitStop\_internal\_tcl_data\encoding\cp865.enc
[2026-08-17 08:39:15] Compressing: D:\RaynzPitStop\build\..\backend\dist\RaynzPitStop\_internal\_tcl_data\encoding\cp866.enc
[2026-08-17 08:39:15] Compressing: D:\RaynzPitStop\build\..\backend\dist\RaynzPitStop\_internal\_tcl_data\encoding\cp869.enc
[2026-08-17 08:39:15] Compressing: D:\RaynzPitStop\build\..\backend\dist\RaynzPitStop\_internal\_tcl_data\encoding\cp874.enc
[2026-08-17 08:39:15] Compressing: D:\RaynzPitStop\build\..\backend\dist\RaynzPitStop\_internal\_tcl_data\encoding\cp932.enc
[2026-08-17 08:39:15] Compressing: D:\RaynzPitStop\build\..\backend\dist\RaynzPitStop\_internal\_tcl_data\encoding\cp936.enc
[2026-08-17 08:39:15] Compressing: D:\RaynzPitStop\build\..\backend\dist\RaynzPitStop\_internal\_tcl_data\encoding\cp949.enc
[2026-08-17 08:39:15] Compressing: D:\RaynzPitStop\build\..\backend\dist\RaynzPitStop\_internal\_tcl_data\encoding\cp950.enc
[2026-08-17 08:39:15] Compressing: D:\RaynzPitStop\build\..\backend\dist\RaynzPitStop\_internal\_tcl_data\encoding\dingbats.enc
[2026-08-17 08:39:15] Compressing: D:\RaynzPitStop\build\..\backend\dist\RaynzPitStop\_internal\_tcl_data\encoding\ebcdic.enc
[2026-08-17 08:39:15] Compressing: D:\RaynzPitStop\build\..\backend\dist\RaynzPitStop\_internal\_tcl_data\encoding\euc-cn.enc
[2026-08-17 08:39:15] Compressing: D:\RaynzPitStop\build\..\backend\dist\RaynzPitStop\_internal\_tcl_data\encoding\euc-jp.enc
[2026-08-17 08:39:15] Compressing: D:\RaynzPitStop\build\..\backend\dist\RaynzPitStop\_internal\_tcl_data\encoding\euc-kr.enc
[2026-08-17 08:39:15] Compressing: D:\RaynzPitStop\build\..\backend\dist\RaynzPitStop\_internal\_tcl_data\encoding\gb12345.enc
[2026-08-17 08:39:15] Compressing: D:\RaynzPitStop\build\..\backend\dist\RaynzPitStop\_internal\_tcl_data\encoding\gb1988.enc
[2026-08-17 08:39:15] Compressing: D:\RaynzPitStop\build\..\backend\dist\RaynzPitStop\_internal\_tcl_data\encoding\gb2312-raw.enc
[2026-08-17 08:39:15] Compressing: D:\RaynzPitStop\build\..\backend\dist\RaynzPitStop\_internal\_tcl_data\encoding\gb2312.enc
[2026-08-17 08:39:15] Compressing: D:\RaynzPitStop\build\..\backend\dist\RaynzPitStop\_internal\_tcl_data\encoding\iso2022-jp.enc
[2026-08-17 08:39:15] Compressing: D:\RaynzPitStop\build\..\backend\dist\RaynzPitStop\_internal\_tcl_data\encoding\iso2022-kr.enc
[2026-08-17 08:39:15] Compressing: D:\RaynzPitStop\build\..\backend\dist\RaynzPitStop\_internal\_tcl_data\encoding\iso2022.enc
[2026-08-17 08:39:15] Compressing: D:\RaynzPitStop\build\..\backend\dist\RaynzPitStop\_internal\_tcl_data\encoding\iso8859-1.enc
[2026-08-17 08:39:15] Compressing: D:\RaynzPitStop\build\..\backend\dist\RaynzPitStop\_internal\_tcl_data\encoding\iso8859-10.enc
[2026-08-17 08:39:15] Compressing: D:\RaynzPitStop\build\..\backend\dist\RaynzPitStop\_internal\_tcl_data\encoding\iso8859-11.enc
[2026-08-17 08:39:15] Compressing: D:\RaynzPitStop\build\..\backend\dist\RaynzPitStop\_internal\_tcl_data\encoding\iso8859-13.enc
[2026-08-17 08:39:15] Compressing: D:\RaynzPitStop\build\..\backend\dist\RaynzPitStop\_internal\_tcl_data\encoding\iso8859-14.enc
[2026-08-17 08:39:15] Compressing: D:\RaynzPitStop\build\..\backend\dist\RaynzPitStop\_internal\_tcl_data\encoding\iso8859-15.enc
[2026-08-17 08:39:15] Compressing: D:\RaynzPitStop\build\..\backend\dist\RaynzPitStop\_internal\_tcl_data\encoding\iso8859-16.enc
[2026-08-17 08:39:15] Compressing: D:\RaynzPitStop\build\..\backend\dist\RaynzPitStop\_internal\_tcl_data\encoding\iso8859-2.enc
[2026-08-17 08:39:15] Compressing: D:\RaynzPitStop\build\..\backend\dist\RaynzPitStop\_internal\_tcl_data\encoding\iso8859-3.enc
[2026-08-17 08:39:15] Compressing: D:\RaynzPitStop\build\..\backend\dist\RaynzPitStop\_internal\_tcl_data\encoding\iso8859-4.enc
[2026-08-17 08:39:15] Compressing: D:\RaynzPitStop\build\..\backend\dist\RaynzPitStop\_internal\_tcl_data\encoding\iso8859-5.enc
[2026-08-17 08:39:15] Compressing: D:\RaynzPitStop\build\..\backend\dist\RaynzPitStop\_internal\_tcl_data\encoding\iso8859-6.enc
[2026-08-17 08:39:15] Compressing: D:\RaynzPitStop\build\..\backend\dist\RaynzPitStop\_internal\_tcl_data\encoding\iso8859-7.enc
[2026-08-17 08:39:15] Compressing: D:\RaynzPitStop\build\..\backend\dist\RaynzPitStop\_internal\_tcl_data\encoding\iso8859-8.enc
[2026-08-17 08:39:15] Compressing: D:\RaynzPitStop\build\..\backend\dist\RaynzPitStop\_internal\_tcl_data\encoding\iso8859-9.enc
[2026-08-17 08:39:15] Compressing: D:\RaynzPitStop\build\..\backend\dist\RaynzPitStop\_internal\_tcl_data\encoding\jis0201.enc
[2026-08-17 08:39:15] Compressing: D:\RaynzPitStop\build\..\backend\dist\RaynzPitStop\_internal\_tcl_data\encoding\jis0208.enc
[2026-08-17 08:39:15] Compressing: D:\RaynzPitStop\build\..\backend\dist\RaynzPitStop\_internal\_tcl_data\encoding\jis0212.enc
[2026-08-17 08:39:15] Compressing: D:\RaynzPitStop\build\..\backend\dist\RaynzPitStop\_internal\_tcl_data\encoding\koi8-r.enc
[2026-08-17 08:39:15] Compressing: D:\RaynzPitStop\build\..\backend\dist\RaynzPitStop\_internal\_tcl_data\encoding\koi8-ru.enc
[2026-08-17 08:39:15] Compressing: D:\RaynzPitStop\build\..\backend\dist\RaynzPitStop\_internal\_tcl_data\encoding\koi8-t.enc
[2026-08-17 08:39:15] Compressing: D:\RaynzPitStop\build\..\backend\dist\RaynzPitStop\_internal\_tcl_data\encoding\koi8-u.enc
[2026-08-17 08:39:15] Compressing: D:\RaynzPitStop\build\..\backend\dist\RaynzPitStop\_internal\_tcl_data\encoding\ksc5601.enc
[2026-08-17 08:39:15] Compressing: D:\RaynzPitStop\build\..\backend\dist\RaynzPitStop\_internal\_tcl_data\encoding\macCentEuro.enc
[2026-08-17 08:39:15] Compressing: D:\RaynzPitStop\build\..\backend\dist\RaynzPitStop\_internal\_tcl_data\encoding\macCroatian.enc
[2026-08-17 08:39:15] Compressing: D:\RaynzPitStop\build\..\backend\dist\RaynzPitStop\_internal\_tcl_data\encoding\macCyrillic.enc
[2026-08-17 08:39:15] Compressing: D:\RaynzPitStop\build\..\backend\dist\RaynzPitStop\_internal\_tcl_data\encoding\macDingbats.enc
[2026-08-17 08:39:15] Compressing: D:\RaynzPitStop\build\..\backend\dist\RaynzPitStop\_internal\_tcl_data\encoding\macGreek.enc
[2026-08-17 08:39:15] Compressing: D:\RaynzPitStop\build\..\backend\dist\RaynzPitStop\_internal\_tcl_data\encoding\macIceland.enc
[2026-08-17 08:39:15] Compressing: D:\RaynzPitStop\build\..\backend\dist\RaynzPitStop\_internal\_tcl_data\encoding\macJapan.enc
[2026-08-17 08:39:15] Compressing: D:\RaynzPitStop\build\..\backend\dist\RaynzPitStop\_internal\_tcl_data\encoding\macRoman.enc
[2026-08-17 08:39:15] Compressing: D:\RaynzPitStop\build\..\backend\dist\RaynzPitStop\_internal\_tcl_data\encoding\macRomania.enc
[2026-08-17 08:39:15] Compressing: D:\RaynzPitStop\build\..\backend\dist\RaynzPitStop\_internal\_tcl_data\encoding\macThai.enc
[2026-08-17 08:39:15] Compressing: D:\RaynzPitStop\build\..\backend\dist\RaynzPitStop\_internal\_tcl_data\encoding\macTurkish.enc
[2026-08-17 08:39:15] Compressing: D:\RaynzPitStop\build\..\backend\dist\RaynzPitStop\_internal\_tcl_data\encoding\macUkraine.enc
[2026-08-17 08:39:15] Compressing: D:\RaynzPitStop\build\..\backend\dist\RaynzPitStop\_internal\_tcl_data\encoding\shiftjis.enc
[2026-08-17 08:39:15] Compressing: D:\RaynzPitStop\build\..\backend\dist\RaynzPitStop\_internal\_tcl_data\encoding\symbol.enc
[2026-08-17 08:39:15] Compressing: D:\RaynzPitStop\build\..\backend\dist\RaynzPitStop\_internal\_tcl_data\encoding\tis-620.enc
[2026-08-17 08:39:15] Compressing: D:\RaynzPitStop\build\..\backend\dist\RaynzPitStop\_internal\_tcl_data\http1.0\http.tcl
[2026-08-17 08:39:15] Compressing: D:\RaynzPitStop\build\..\backend\dist\RaynzPitStop\_internal\_tcl_data\http1.0\pkgIndex.tcl
[2026-08-17 08:39:15] Compressing: D:\RaynzPitStop\build\..\backend\dist\RaynzPitStop\_internal\_tcl_data\msgs\af.msg
[2026-08-17 08:39:15] Compressing: D:\RaynzPitStop\build\..\backend\dist\RaynzPitStop\_internal\_tcl_data\msgs\af_za.msg
[2026-08-17 08:39:15] Compressing: D:\RaynzPitStop\build\..\backend\dist\RaynzPitStop\_internal\_tcl_data\msgs\ar.msg
[2026-08-17 08:39:15] Compressing: D:\RaynzPitStop\build\..\backend\dist\RaynzPitStop\_internal\_tcl_data\msgs\ar_in.msg
[2026-08-17 08:39:15] Compressing: D:\RaynzPitStop\build\..\backend\dist\RaynzPitStop\_internal\_tcl_data\msgs\ar_jo.msg
[2026-08-17 08:39:15] Compressing: D:\RaynzPitStop\build\..\backend\dist\RaynzPitStop\_internal\_tcl_data\msgs\ar_lb.msg
[2026-08-17 08:39:15] Compressing: D:\RaynzPitStop\build\..\backend\dist\RaynzPitStop\_internal\_tcl_data\msgs\ar_sy.msg
[2026-08-17 08:39:15] Compressing: D:\RaynzPitStop\build\..\backend\dist\RaynzPitStop\_internal\_tcl_data\msgs\be.msg
[2026-08-17 08:39:15] Compressing: D:\RaynzPitStop\build\..\backend\dist\RaynzPitStop\_internal\_tcl_data\msgs\bg.msg
[2026-08-17 08:39:15] Compressing: D:\RaynzPitStop\build\..\backend\dist\RaynzPitStop\_internal\_tcl_data\msgs\bn.msg
[2026-08-17 08:39:15] Compressing: D:\RaynzPitStop\build\..\backend\dist\RaynzPitStop\_internal\_tcl_data\msgs\bn_in.msg
[2026-08-17 08:39:15] Compressing: D:\RaynzPitStop\build\..\backend\dist\RaynzPitStop\_internal\_tcl_data\msgs\ca.msg
[2026-08-17 08:39:15] Compressing: D:\RaynzPitStop\build\..\backend\dist\RaynzPitStop\_internal\_tcl_data\msgs\cs.msg
[2026-08-17 08:39:15] Compressing: D:\RaynzPitStop\build\..\backend\dist\RaynzPitStop\_internal\_tcl_data\msgs\da.msg
[2026-08-17 08:39:15] Compressing: D:\RaynzPitStop\build\..\backend\dist\RaynzPitStop\_internal\_tcl_data\msgs\de.msg
[2026-08-17 08:39:15] Compressing: D:\RaynzPitStop\build\..\backend\dist\RaynzPitStop\_internal\_tcl_data\msgs\de_at.msg
[2026-08-17 08:39:15] Compressing: D:\RaynzPitStop\build\..\backend\dist\RaynzPitStop\_internal\_tcl_data\msgs\de_be.msg
[2026-08-17 08:39:15] Compressing: D:\RaynzPitStop\build\..\backend\dist\RaynzPitStop\_internal\_tcl_data\msgs\el.msg
[2026-08-17 08:39:15] Compressing: D:\RaynzPitStop\build\..\backend\dist\RaynzPitStop\_internal\_tcl_data\msgs\en_au.msg
[2026-08-17 08:39:15] Compressing: D:\RaynzPitStop\build\..\backend\dist\RaynzPitStop\_internal\_tcl_data\msgs\en_be.msg
[2026-08-17 08:39:15] Compressing: D:\RaynzPitStop\build\..\backend\dist\RaynzPitStop\_internal\_tcl_data\msgs\en_bw.msg
[2026-08-17 08:39:15] Compressing: D:\RaynzPitStop\build\..\backend\dist\RaynzPitStop\_internal\_tcl_data\msgs\en_ca.msg
[2026-08-17 08:39:15] Compressing: D:\RaynzPitStop\build\..\backend\dist\RaynzPitStop\_internal\_tcl_data\msgs\en_gb.msg
[2026-08-17 08:39:15] Compressing: D:\RaynzPitStop\build\..\backend\dist\RaynzPitStop\_internal\_tcl_data\msgs\en_hk.msg
[2026-08-17 08:39:15] Compressing: D:\RaynzPitStop\build\..\backend\dist\RaynzPitStop\_internal\_tcl_data\msgs\en_ie.msg
[2026-08-17 08:39:15] Compressing: D:\RaynzPitStop\build\..\backend\dist\RaynzPitStop\_internal\_tcl_data\msgs\en_in.msg
[2026-08-17 08:39:15] Compressing: D:\RaynzPitStop\build\..\backend\dist\RaynzPitStop\_internal\_tcl_data\msgs\en_nz.msg
[2026-08-17 08:39:15] Compressing: D:\RaynzPitStop\build\..\backend\dist\RaynzPitStop\_internal\_tcl_data\msgs\en_ph.msg
[2026-08-17 08:39:15] Compressing: D:\RaynzPitStop\build\..\backend\dist\RaynzPitStop\_internal\_tcl_data\msgs\en_sg.msg
[2026-08-17 08:39:15] Compressing: D:\RaynzPitStop\build\..\backend\dist\RaynzPitStop\_internal\_tcl_data\msgs\en_za.msg
[2026-08-17 08:39:15] Compressing: D:\RaynzPitStop\build\..\backend\dist\RaynzPitStop\_internal\_tcl_data\msgs\en_zw.msg
[2026-08-17 08:39:15] Compressing: D:\RaynzPitStop\build\..\backend\dist\RaynzPitStop\_internal\_tcl_data\msgs\eo.msg
[2026-08-17 08:39:15] Compressing: D:\RaynzPitStop\build\..\backend\dist\RaynzPitStop\_internal\_tcl_data\msgs\es.msg
[2026-08-17 08:39:15] Compressing: D:\RaynzPitStop\build\..\backend\dist\RaynzPitStop\_internal\_tcl_data\msgs\es_ar.msg
[2026-08-17 08:39:15] Compressing: D:\RaynzPitStop\build\..\backend\dist\RaynzPitStop\_internal\_tcl_data\msgs\es_bo.msg
[2026-08-17 08:39:15] Compressing: D:\RaynzPitStop\build\..\backend\dist\RaynzPitStop\_internal\_tcl_data\msgs\es_cl.msg
[2026-08-17 08:39:15] Compressing: D:\RaynzPitStop\build\..\backend\dist\RaynzPitStop\_internal\_tcl_data\msgs\es_co.msg
[2026-08-17 08:39:15] Compressing: D:\RaynzPitStop\build\..\backend\dist\RaynzPitStop\_internal\_tcl_data\msgs\es_cr.msg
[2026-08-17 08:39:15] Compressing: D:\RaynzPitStop\build\..\backend\dist\RaynzPitStop\_internal\_tcl_data\msgs\es_do.msg
[2026-08-17 08:39:15] Compressing: D:\RaynzPitStop\build\..\backend\dist\RaynzPitStop\_internal\_tcl_data\msgs\es_ec.msg
[2026-08-17 08:39:15] Compressing: D:\RaynzPitStop\build\..\backend\dist\RaynzPitStop\_internal\_tcl_data\msgs\es_gt.msg
[2026-08-17 08:39:15] Compressing: D:\RaynzPitStop\build\..\backend\dist\RaynzPitStop\_internal\_tcl_data\msgs\es_hn.msg
[2026-08-17 08:39:15] Compressing: D:\RaynzPitStop\build\..\backend\dist\RaynzPitStop\_internal\_tcl_data\msgs\es_mx.msg
[2026-08-17 08:39:15] Compressing: D:\RaynzPitStop\build\..\backend\dist\RaynzPitStop\_internal\_tcl_data\msgs\es_ni.msg
[2026-08-17 08:39:15] Compressing: D:\RaynzPitStop\build\..\backend\dist\RaynzPitStop\_internal\_tcl_data\msgs\es_pa.msg
[2026-08-17 08:39:15] Compressing: D:\RaynzPitStop\build\..\backend\dist\RaynzPitStop\_internal\_tcl_data\msgs\es_pe.msg
[2026-08-17 08:39:15] Compressing: D:\RaynzPitStop\build\..\backend\dist\RaynzPitStop\_internal\_tcl_data\msgs\es_pr.msg
[2026-08-17 08:39:15] Compressing: D:\RaynzPitStop\build\..\backend\dist\RaynzPitStop\_internal\_tcl_data\msgs\es_py.msg
[2026-08-17 08:39:15] Compressing: D:\RaynzPitStop\build\..\backend\dist\RaynzPitStop\_internal\_tcl_data\msgs\es_sv.msg
[2026-08-17 08:39:15] Compressing: D:\RaynzPitStop\build\..\backend\dist\RaynzPitStop\_internal\_tcl_data\msgs\es_uy.msg
[2026-08-17 08:39:15] Compressing: D:\RaynzPitStop\build\..\backend\dist\RaynzPitStop\_internal\_tcl_data\msgs\es_ve.msg
[2026-08-17 08:39:15] Compressing: D:\RaynzPitStop\build\..\backend\dist\RaynzPitStop\_internal\_tcl_data\msgs\et.msg
[2026-08-17 08:39:15] Compressing: D:\RaynzPitStop\build\..\backend\dist\RaynzPitStop\_internal\_tcl_data\msgs\eu.msg
[2026-08-17 08:39:15] Compressing: D:\RaynzPitStop\build\..\backend\dist\RaynzPitStop\_internal\_tcl_data\msgs\eu_es.msg
[2026-08-17 08:39:15] Compressing: D:\RaynzPitStop\build\..\backend\dist\RaynzPitStop\_internal\_tcl_data\msgs\fa.msg
[2026-08-17 08:39:15] Compressing: D:\RaynzPitStop\build\..\backend\dist\RaynzPitStop\_internal\_tcl_data\msgs\fa_in.msg
[2026-08-17 08:39:15] Compressing: D:\RaynzPitStop\build\..\backend\dist\RaynzPitStop\_internal\_tcl_data\msgs\fa_ir.msg
[2026-08-17 08:39:15] Compressing: D:\RaynzPitStop\build\..\backend\dist\RaynzPitStop\_internal\_tcl_data\msgs\fi.msg
[2026-08-17 08:39:15] Compressing: D:\RaynzPitStop\build\..\backend\dist\RaynzPitStop\_internal\_tcl_data\msgs\fo.msg
[2026-08-17 08:39:15] Compressing: D:\RaynzPitStop\build\..\backend\dist\RaynzPitStop\_internal\_tcl_data\msgs\fo_fo.msg
[2026-08-17 08:39:15] Compressing: D:\RaynzPitStop\build\..\backend\dist\RaynzPitStop\_internal\_tcl_data\msgs\fr.msg
[2026-08-17 08:39:15] Compressing: D:\RaynzPitStop\build\..\backend\dist\RaynzPitStop\_internal\_tcl_data\msgs\fr_be.msg
[2026-08-17 08:39:15] Compressing: D:\RaynzPitStop\build\..\backend\dist\RaynzPitStop\_internal\_tcl_data\msgs\fr_ca.msg
[2026-08-17 08:39:15] Compressing: D:\RaynzPitStop\build\..\backend\dist\RaynzPitStop\_internal\_tcl_data\msgs\fr_ch.msg
[2026-08-17 08:39:15] Compressing: D:\RaynzPitStop\build\..\backend\dist\RaynzPitStop\_internal\_tcl_data\msgs\ga.msg
[2026-08-17 08:39:15] Compressing: D:\RaynzPitStop\build\..\backend\dist\RaynzPitStop\_internal\_tcl_data\msgs\ga_ie.msg
[2026-08-17 08:39:15] Compressing: D:\RaynzPitStop\build\..\backend\dist\RaynzPitStop\_internal\_tcl_data\msgs\gl.msg
[2026-08-17 08:39:15] Compressing: D:\RaynzPitStop\build\..\backend\dist\RaynzPitStop\_internal\_tcl_data\msgs\gl_es.msg
[2026-08-17 08:39:15] Compressing: D:\RaynzPitStop\build\..\backend\dist\RaynzPitStop\_internal\_tcl_data\msgs\gv.msg
[2026-08-17 08:39:15] Compressing: D:\RaynzPitStop\build\..\backend\dist\RaynzPitStop\_internal\_tcl_data\msgs\gv_gb.msg
[2026-08-17 08:39:15] Compressing: D:\RaynzPitStop\build\..\backend\dist\RaynzPitStop\_internal\_tcl_data\msgs\he.msg
[2026-08-17 08:39:15] Compressing: D:\RaynzPitStop\build\..\backend\dist\RaynzPitStop\_internal\_tcl_data\msgs\hi.msg
[2026-08-17 08:39:15] Compressing: D:\RaynzPitStop\build\..\backend\dist\RaynzPitStop\_internal\_tcl_data\msgs\hi_in.msg
[2026-08-17 08:39:15] Compressing: D:\RaynzPitStop\build\..\backend\dist\RaynzPitStop\_internal\_tcl_data\msgs\hr.msg
[2026-08-17 08:39:15] Compressing: D:\RaynzPitStop\build\..\backend\dist\RaynzPitStop\_internal\_tcl_data\msgs\hu.msg
[2026-08-17 08:39:15] Compressing: D:\RaynzPitStop\build\..\backend\dist\RaynzPitStop\_internal\_tcl_data\msgs\id.msg
[2026-08-17 08:39:15] Compressing: D:\RaynzPitStop\build\..\backend\dist\RaynzPitStop\_internal\_tcl_data\msgs\id_id.msg
[2026-08-17 08:39:15] Compressing: D:\RaynzPitStop\build\..\backend\dist\RaynzPitStop\_internal\_tcl_data\msgs\is.msg
[2026-08-17 08:39:15] Compressing: D:\RaynzPitStop\build\..\backend\dist\RaynzPitStop\_internal\_tcl_data\msgs\it.msg
[2026-08-17 08:39:15] Compressing: D:\RaynzPitStop\build\..\backend\dist\RaynzPitStop\_internal\_tcl_data\msgs\it_ch.msg
[2026-08-17 08:39:15] Compressing: D:\RaynzPitStop\build\..\backend\dist\RaynzPitStop\_internal\_tcl_data\msgs\ja.msg
[2026-08-17 08:39:15] Compressing: D:\RaynzPitStop\build\..\backend\dist\RaynzPitStop\_internal\_tcl_data\msgs\kl.msg
[2026-08-17 08:39:15] Compressing: D:\RaynzPitStop\build\..\backend\dist\RaynzPitStop\_internal\_tcl_data\msgs\kl_gl.msg
[2026-08-17 08:39:15] Compressing: D:\RaynzPitStop\build\..\backend\dist\RaynzPitStop\_internal\_tcl_data\msgs\ko.msg
[2026-08-17 08:39:15] Compressing: D:\RaynzPitStop\build\..\backend\dist\RaynzPitStop\_internal\_tcl_data\msgs\kok.msg
[2026-08-17 08:39:15] Compressing: D:\RaynzPitStop\build\..\backend\dist\RaynzPitStop\_internal\_tcl_data\msgs\kok_in.msg
[2026-08-17 08:39:15] Compressing: D:\RaynzPitStop\build\..\backend\dist\RaynzPitStop\_internal\_tcl_data\msgs\ko_kr.msg
[2026-08-17 08:39:15] Compressing: D:\RaynzPitStop\build\..\backend\dist\RaynzPitStop\_internal\_tcl_data\msgs\kw.msg
[2026-08-17 08:39:15] Compressing: D:\RaynzPitStop\build\..\backend\dist\RaynzPitStop\_internal\_tcl_data\msgs\kw_gb.msg
[2026-08-17 08:39:15] Compressing: D:\RaynzPitStop\build\..\backend\dist\RaynzPitStop\_internal\_tcl_data\msgs\lt.msg
[2026-08-17 08:39:15] Compressing: D:\RaynzPitStop\build\..\backend\dist\RaynzPitStop\_internal\_tcl_data\msgs\lv.msg
[2026-08-17 08:39:15] Compressing: D:\RaynzPitStop\build\..\backend\dist\RaynzPitStop\_internal\_tcl_data\msgs\mk.msg
[2026-08-17 08:39:15] Compressing: D:\RaynzPitStop\build\..\backend\dist\RaynzPitStop\_internal\_tcl_data\msgs\mr.msg
[2026-08-17 08:39:15] Compressing: D:\RaynzPitStop\build\..\backend\dist\RaynzPitStop\_internal\_tcl_data\msgs\mr_in.msg
[2026-08-17 08:39:15] Compressing: D:\RaynzPitStop\build\..\backend\dist\RaynzPitStop\_internal\_tcl_data\msgs\ms.msg
[2026-08-17 08:39:15] Compressing: D:\RaynzPitStop\build\..\backend\dist\RaynzPitStop\_internal\_tcl_data\msgs\ms_my.msg
[2026-08-17 08:39:15] Compressing: D:\RaynzPitStop\build\..\backend\dist\RaynzPitStop\_internal\_tcl_data\msgs\mt.msg
[2026-08-17 08:39:15] Compressing: D:\RaynzPitStop\build\..\backend\dist\RaynzPitStop\_internal\_tcl_data\msgs\nb.msg
[2026-08-17 08:39:15] Compressing: D:\RaynzPitStop\build\..\backend\dist\RaynzPitStop\_internal\_tcl_data\msgs\nl.msg
[2026-08-17 08:39:15] Compressing: D:\RaynzPitStop\build\..\backend\dist\RaynzPitStop\_internal\_tcl_data\msgs\nl_be.msg
[2026-08-17 08:39:15] Compressing: D:\RaynzPitStop\build\..\backend\dist\RaynzPitStop\_internal\_tcl_data\msgs\nn.msg
[2026-08-17 08:39:15] Compressing: D:\RaynzPitStop\build\..\backend\dist\RaynzPitStop\_internal\_tcl_data\msgs\pl.msg
[2026-08-17 08:39:15] Compressing: D:\RaynzPitStop\build\..\backend\dist\RaynzPitStop\_internal\_tcl_data\msgs\pt.msg
[2026-08-17 08:39:15] Compressing: D:\RaynzPitStop\build\..\backend\dist\RaynzPitStop\_internal\_tcl_data\msgs\pt_br.msg
[2026-08-17 08:39:15] Compressing: D:\RaynzPitStop\build\..\backend\dist\RaynzPitStop\_internal\_tcl_data\msgs\ro.msg
[2026-08-17 08:39:15] Compressing: D:\RaynzPitStop\build\..\backend\dist\RaynzPitStop\_internal\_tcl_data\msgs\ru.msg
[2026-08-17 08:39:15] Compressing: D:\RaynzPitStop\build\..\backend\dist\RaynzPitStop\_internal\_tcl_data\msgs\ru_ua.msg
[2026-08-17 08:39:15] Compressing: D:\RaynzPitStop\build\..\backend\dist\RaynzPitStop\_internal\_tcl_data\msgs\sh.msg
[2026-08-17 08:39:15] Compressing: D:\RaynzPitStop\build\..\backend\dist\RaynzPitStop\_internal\_tcl_data\msgs\sk.msg
[2026-08-17 08:39:15] Compressing: D:\RaynzPitStop\build\..\backend\dist\RaynzPitStop\_internal\_tcl_data\msgs\sl.msg
[2026-08-17 08:39:15] Compressing: D:\RaynzPitStop\build\..\backend\dist\RaynzPitStop\_internal\_tcl_data\msgs\sq.msg
[2026-08-17 08:39:15] Compressing: D:\RaynzPitStop\build\..\backend\dist\RaynzPitStop\_internal\_tcl_data\msgs\sr.msg
[2026-08-17 08:39:15] Compressing: D:\RaynzPitStop\build\..\backend\dist\RaynzPitStop\_internal\_tcl_data\msgs\sv.msg
[2026-08-17 08:39:15] Compressing: D:\RaynzPitStop\build\..\backend\dist\RaynzPitStop\_internal\_tcl_data\msgs\sw.msg
[2026-08-17 08:39:15] Compressing: D:\RaynzPitStop\build\..\backend\dist\RaynzPitStop\_internal\_tcl_data\msgs\ta.msg
[2026-08-17 08:39:15] Compressing: D:\RaynzPitStop\build\..\backend\dist\RaynzPitStop\_internal\_tcl_data\msgs\ta_in.msg
[2026-08-17 08:39:15] Compressing: D:\RaynzPitStop\build\..\backend\dist\RaynzPitStop\_internal\_tcl_data\msgs\te.msg
[2026-08-17 08:39:15] Compressing: D:\RaynzPitStop\build\..\backend\dist\RaynzPitStop\_internal\_tcl_data\msgs\te_in.msg
[2026-08-17 08:39:15] Compressing: D:\RaynzPitStop\build\..\backend\dist\RaynzPitStop\_internal\_tcl_data\msgs\th.msg
[2026-08-17 08:39:15] Compressing: D:\RaynzPitStop\build\..\backend\dist\RaynzPitStop\_internal\_tcl_data\msgs\tr.msg
[2026-08-17 08:39:15] Compressing: D:\RaynzPitStop\build\..\backend\dist\RaynzPitStop\_internal\_tcl_data\msgs\uk.msg
[2026-08-17 08:39:15] Compressing: D:\RaynzPitStop\build\..\backend\dist\RaynzPitStop\_internal\_tcl_data\msgs\vi.msg
[2026-08-17 08:39:15] Compressing: D:\RaynzPitStop\build\..\backend\dist\RaynzPitStop\_internal\_tcl_data\msgs\zh.msg
[2026-08-17 08:39:15] Compressing: D:\RaynzPitStop\build\..\backend\dist\RaynzPitStop\_internal\_tcl_data\msgs\zh_cn.msg
[2026-08-17 08:39:15] Compressing: D:\RaynzPitStop\build\..\backend\dist\RaynzPitStop\_internal\_tcl_data\msgs\zh_hk.msg
[2026-08-17 08:39:15] Compressing: D:\RaynzPitStop\build\..\backend\dist\RaynzPitStop\_internal\_tcl_data\msgs\zh_sg.msg
[2026-08-17 08:39:15] Compressing: D:\RaynzPitStop\build\..\backend\dist\RaynzPitStop\_internal\_tcl_data\msgs\zh_tw.msg
[2026-08-17 08:39:15] Compressing: D:\RaynzPitStop\build\..\backend\dist\RaynzPitStop\_internal\_tcl_data\opt0.4\optparse.tcl
[2026-08-17 08:39:15] Compressing: D:\RaynzPitStop\build\..\backend\dist\RaynzPitStop\_internal\_tcl_data\opt0.4\pkgIndex.tcl
[2026-08-17 08:39:15] Compressing: D:\RaynzPitStop\build\..\backend\dist\RaynzPitStop\_internal\_tcl_data\tzdata\CET
[2026-08-17 08:39:15] Compressing: D:\RaynzPitStop\build\..\backend\dist\RaynzPitStop\_internal\_tcl_data\tzdata\CST6CDT
[2026-08-17 08:39:15] Compressing: D:\RaynzPitStop\build\..\backend\dist\RaynzPitStop\_internal\_tcl_data\tzdata\Cuba
[2026-08-17 08:39:15] Compressing: D:\RaynzPitStop\build\..\backend\dist\RaynzPitStop\_internal\_tcl_data\tzdata\EET
[2026-08-17 08:39:15] Compressing: D:\RaynzPitStop\build\..\backend\dist\RaynzPitStop\_internal\_tcl_data\tzdata\Egypt
[2026-08-17 08:39:15] Compressing: D:\RaynzPitStop\build\..\backend\dist\RaynzPitStop\_internal\_tcl_data\tzdata\Eire
[2026-08-17 08:39:15] Compressing: D:\RaynzPitStop\build\..\backend\dist\RaynzPitStop\_internal\_tcl_data\tzdata\EST
[2026-08-17 08:39:15] Compressing: D:\RaynzPitStop\build\..\backend\dist\RaynzPitStop\_internal\_tcl_data\tzdata\EST5EDT
[2026-08-17 08:39:15] Compressing: D:\RaynzPitStop\build\..\backend\dist\RaynzPitStop\_internal\_tcl_data\tzdata\GB
[2026-08-17 08:39:15] Compressing: D:\RaynzPitStop\build\..\backend\dist\RaynzPitStop\_internal\_tcl_data\tzdata\GB-Eire
[2026-08-17 08:39:15] Compressing: D:\RaynzPitStop\build\..\backend\dist\RaynzPitStop\_internal\_tcl_data\tzdata\GMT
[2026-08-17 08:39:15] Compressing: D:\RaynzPitStop\build\..\backend\dist\RaynzPitStop\_internal\_tcl_data\tzdata\GMT+0
[2026-08-17 08:39:15] Compressing: D:\RaynzPitStop\build\..\backend\dist\RaynzPitStop\_internal\_tcl_data\tzdata\GMT-0
[2026-08-17 08:39:15] Compressing: D:\RaynzPitStop\build\..\backend\dist\RaynzPitStop\_internal\_tcl_data\tzdata\GMT0
[2026-08-17 08:39:15] Compressing: D:\RaynzPitStop\build\..\backend\dist\RaynzPitStop\_internal\_tcl_data\tzdata\Greenwich
[2026-08-17 08:39:15] Compressing: D:\RaynzPitStop\build\..\backend\dist\RaynzPitStop\_internal\_tcl_data\tzdata\Hongkong
[2026-08-17 08:39:15] Compressing: D:\RaynzPitStop\build\..\backend\dist\RaynzPitStop\_internal\_tcl_data\tzdata\HST
[2026-08-17 08:39:15] Compressing: D:\RaynzPitStop\build\..\backend\dist\RaynzPitStop\_internal\_tcl_data\tzdata\Iceland
[2026-08-17 08:39:15] Compressing: D:\RaynzPitStop\build\..\backend\dist\RaynzPitStop\_internal\_tcl_data\tzdata\Iran
[2026-08-17 08:39:15] Compressing: D:\RaynzPitStop\build\..\backend\dist\RaynzPitStop\_internal\_tcl_data\tzdata\Israel
[2026-08-17 08:39:15] Compressing: D:\RaynzPitStop\build\..\backend\dist\RaynzPitStop\_internal\_tcl_data\tzdata\Jamaica
[2026-08-17 08:39:15] Compressing: D:\RaynzPitStop\build\..\backend\dist\RaynzPitStop\_internal\_tcl_data\tzdata\Japan
[2026-08-17 08:39:15] Compressing: D:\RaynzPitStop\build\..\backend\dist\RaynzPitStop\_internal\_tcl_data\tzdata\Kwajalein
[2026-08-17 08:39:15] Compressing: D:\RaynzPitStop\build\..\backend\dist\RaynzPitStop\_internal\_tcl_data\tzdata\Libya
[2026-08-17 08:39:15] Compressing: D:\RaynzPitStop\build\..\backend\dist\RaynzPitStop\_internal\_tcl_data\tzdata\MET
[2026-08-17 08:39:15] Compressing: D:\RaynzPitStop\build\..\backend\dist\RaynzPitStop\_internal\_tcl_data\tzdata\MST
[2026-08-17 08:39:15] Compressing: D:\RaynzPitStop\build\..\backend\dist\RaynzPitStop\_internal\_tcl_data\tzdata\MST7MDT
[2026-08-17 08:39:15] Compressing: D:\RaynzPitStop\build\..\backend\dist\RaynzPitStop\_internal\_tcl_data\tzdata\Navajo
[2026-08-17 08:39:15] Compressing: D:\RaynzPitStop\build\..\backend\dist\RaynzPitStop\_internal\_tcl_data\tzdata\NZ
[2026-08-17 08:39:15] Compressing: D:\RaynzPitStop\build\..\backend\dist\RaynzPitStop\_internal\_tcl_data\tzdata\NZ-CHAT
[2026-08-17 08:39:15] Compressing: D:\RaynzPitStop\build\..\backend\dist\RaynzPitStop\_internal\_tcl_data\tzdata\Poland
[2026-08-17 08:39:15] Compressing: D:\RaynzPitStop\build\..\backend\dist\RaynzPitStop\_internal\_tcl_data\tzdata\Portugal
[2026-08-17 08:39:15] Compressing: D:\RaynzPitStop\build\..\backend\dist\RaynzPitStop\_internal\_tcl_data\tzdata\PRC
[2026-08-17 08:39:15] Compressing: D:\RaynzPitStop\build\..\backend\dist\RaynzPitStop\_internal\_tcl_data\tzdata\PST8PDT
[2026-08-17 08:39:15] Compressing: D:\RaynzPitStop\build\..\backend\dist\RaynzPitStop\_internal\_tcl_data\tzdata\ROC
[2026-08-17 08:39:15] Compressing: D:\RaynzPitStop\build\..\backend\dist\RaynzPitStop\_internal\_tcl_data\tzdata\ROK
[2026-08-17 08:39:15] Compressing: D:\RaynzPitStop\build\..\backend\dist\RaynzPitStop\_internal\_tcl_data\tzdata\Singapore
[2026-08-17 08:39:15] Compressing: D:\RaynzPitStop\build\..\backend\dist\RaynzPitStop\_internal\_tcl_data\tzdata\Turkey
[2026-08-17 08:39:15] Compressing: D:\RaynzPitStop\build\..\backend\dist\RaynzPitStop\_internal\_tcl_data\tzdata\UCT
[2026-08-17 08:39:15] Compressing: D:\RaynzPitStop\build\..\backend\dist\RaynzPitStop\_internal\_tcl_data\tzdata\Universal
[2026-08-17 08:39:15] Compressing: D:\RaynzPitStop\build\..\backend\dist\RaynzPitStop\_internal\_tcl_data\tzdata\UTC
[2026-08-17 08:39:15] Compressing: D:\RaynzPitStop\build\..\backend\dist\RaynzPitStop\_internal\_tcl_data\tzdata\W-SU
[2026-08-17 08:39:15] Compressing: D:\RaynzPitStop\build\..\backend\dist\RaynzPitStop\_internal\_tcl_data\tzdata\WET
[2026-08-17 08:39:15] Compressing: D:\RaynzPitStop\build\..\backend\dist\RaynzPitStop\_internal\_tcl_data\tzdata\Zulu
[2026-08-17 08:39:15] Compressing: D:\RaynzPitStop\build\..\backend\dist\RaynzPitStop\_internal\_tcl_data\tzdata\Africa\Abidjan
[2026-08-17 08:39:15] Compressing: D:\RaynzPitStop\build\..\backend\dist\RaynzPitStop\_internal\_tcl_data\tzdata\Africa\Accra
[2026-08-17 08:39:15] Compressing: D:\RaynzPitStop\build\..\backend\dist\RaynzPitStop\_internal\_tcl_data\tzdata\Africa\Addis_Ababa
[2026-08-17 08:39:15] Compressing: D:\RaynzPitStop\build\..\backend\dist\RaynzPitStop\_internal\_tcl_data\tzdata\Africa\Algiers
[2026-08-17 08:39:15] Compressing: D:\RaynzPitStop\build\..\backend\dist\RaynzPitStop\_internal\_tcl_data\tzdata\Africa\Asmara
[2026-08-17 08:39:15] Compressing: D:\RaynzPitStop\build\..\backend\dist\RaynzPitStop\_internal\_tcl_data\tzdata\Africa\Asmera
[2026-08-17 08:39:15] Compressing: D:\RaynzPitStop\build\..\backend\dist\RaynzPitStop\_internal\_tcl_data\tzdata\Africa\Bamako
[2026-08-17 08:39:15] Compressing: D:\RaynzPitStop\build\..\backend\dist\RaynzPitStop\_internal\_tcl_data\tzdata\Africa\Bangui
[2026-08-17 08:39:15] Compressing: D:\RaynzPitStop\build\..\backend\dist\RaynzPitStop\_internal\_tcl_data\tzdata\Africa\Banjul
[2026-08-17 08:39:15] Compressing: D:\RaynzPitStop\build\..\backend\dist\RaynzPitStop\_internal\_tcl_data\tzdata\Africa\Bissau
[2026-08-17 08:39:15] Compressing: D:\RaynzPitStop\build\..\backend\dist\RaynzPitStop\_internal\_tcl_data\tzdata\Africa\Blantyre
[2026-08-17 08:39:15] Compressing: D:\RaynzPitStop\build\..\backend\dist\RaynzPitStop\_internal\_tcl_data\tzdata\Africa\Brazzaville
[2026-08-17 08:39:15] Compressing: D:\RaynzPitStop\build\..\backend\dist\RaynzPitStop\_internal\_tcl_data\tzdata\Africa\Bujumbura
[2026-08-17 08:39:15] Compressing: D:\RaynzPitStop\build\..\backend\dist\RaynzPitStop\_internal\_tcl_data\tzdata\Africa\Cairo
[2026-08-17 08:39:15] Compressing: D:\RaynzPitStop\build\..\backend\dist\RaynzPitStop\_internal\_tcl_data\tzdata\Africa\Casablanca
[2026-08-17 08:39:15] Compressing: D:\RaynzPitStop\build\..\backend\dist\RaynzPitStop\_internal\_tcl_data\tzdata\Africa\Ceuta
[2026-08-17 08:39:15] Compressing: D:\RaynzPitStop\build\..\backend\dist\RaynzPitStop\_internal\_tcl_data\tzdata\Africa\Conakry
[2026-08-17 08:39:15] Compressing: D:\RaynzPitStop\build\..\backend\dist\RaynzPitStop\_internal\_tcl_data\tzdata\Africa\Dakar
[2026-08-17 08:39:15] Compressing: D:\RaynzPitStop\build\..\backend\dist\RaynzPitStop\_internal\_tcl_data\tzdata\Africa\Dar_es_Salaam
[2026-08-17 08:39:15] Compressing: D:\RaynzPitStop\build\..\backend\dist\RaynzPitStop\_internal\_tcl_data\tzdata\Africa\Djibouti
[2026-08-17 08:39:15] Compressing: D:\RaynzPitStop\build\..\backend\dist\RaynzPitStop\_internal\_tcl_data\tzdata\Africa\Douala
[2026-08-17 08:39:15] Compressing: D:\RaynzPitStop\build\..\backend\dist\RaynzPitStop\_internal\_tcl_data\tzdata\Africa\El_Aaiun
[2026-08-17 08:39:15] Compressing: D:\RaynzPitStop\build\..\backend\dist\RaynzPitStop\_internal\_tcl_data\tzdata\Africa\Freetown
[2026-08-17 08:39:15] Compressing: D:\RaynzPitStop\build\..\backend\dist\RaynzPitStop\_internal\_tcl_data\tzdata\Africa\Gaborone
[2026-08-17 08:39:15] Compressing: D:\RaynzPitStop\build\..\backend\dist\RaynzPitStop\_internal\_tcl_data\tzdata\Africa\Harare
[2026-08-17 08:39:15] Compressing: D:\RaynzPitStop\build\..\backend\dist\RaynzPitStop\_internal\_tcl_data\tzdata\Africa\Johannesburg
[2026-08-17 08:39:15] Compressing: D:\RaynzPitStop\build\..\backend\dist\RaynzPitStop\_internal\_tcl_data\tzdata\Africa\Juba
[2026-08-17 08:39:15] Compressing: D:\RaynzPitStop\build\..\backend\dist\RaynzPitStop\_internal\_tcl_data\tzdata\Africa\Kampala
[2026-08-17 08:39:15] Compressing: D:\RaynzPitStop\build\..\backend\dist\RaynzPitStop\_internal\_tcl_data\tzdata\Africa\Khartoum
[2026-08-17 08:39:15] Compressing: D:\RaynzPitStop\build\..\backend\dist\RaynzPitStop\_internal\_tcl_data\tzdata\Africa\Kigali
[2026-08-17 08:39:15] Compressing: D:\RaynzPitStop\build\..\backend\dist\RaynzPitStop\_internal\_tcl_data\tzdata\Africa\Kinshasa
[2026-08-17 08:39:15] Compressing: D:\RaynzPitStop\build\..\backend\dist\RaynzPitStop\_internal\_tcl_data\tzdata\Africa\Lagos
[2026-08-17 08:39:15] Compressing: D:\RaynzPitStop\build\..\backend\dist\RaynzPitStop\_internal\_tcl_data\tzdata\Africa\Libreville
[2026-08-17 08:39:15] Compressing: D:\RaynzPitStop\build\..\backend\dist\RaynzPitStop\_internal\_tcl_data\tzdata\Africa\Lome
[2026-08-17 08:39:15] Compressing: D:\RaynzPitStop\build\..\backend\dist\RaynzPitStop\_internal\_tcl_data\tzdata\Africa\Luanda
[2026-08-17 08:39:15] Compressing: D:\RaynzPitStop\build\..\backend\dist\RaynzPitStop\_internal\_tcl_data\tzdata\Africa\Lubumbashi
[2026-08-17 08:39:15] Compressing: D:\RaynzPitStop\build\..\backend\dist\RaynzPitStop\_internal\_tcl_data\tzdata\Africa\Lusaka
[2026-08-17 08:39:15] Compressing: D:\RaynzPitStop\build\..\backend\dist\RaynzPitStop\_internal\_tcl_data\tzdata\Africa\Malabo
[2026-08-17 08:39:15] Compressing: D:\RaynzPitStop\build\..\backend\dist\RaynzPitStop\_internal\_tcl_data\tzdata\Africa\Maputo
[2026-08-17 08:39:15] Compressing: D:\RaynzPitStop\build\..\backend\dist\RaynzPitStop\_internal\_tcl_data\tzdata\Africa\Maseru
[2026-08-17 08:39:15] Compressing: D:\RaynzPitStop\build\..\backend\dist\RaynzPitStop\_internal\_tcl_data\tzdata\Africa\Mbabane
[2026-08-17 08:39:15] Compressing: D:\RaynzPitStop\build\..\backend\dist\RaynzPitStop\_internal\_tcl_data\tzdata\Africa\Mogadishu
[2026-08-17 08:39:15] Compressing: D:\RaynzPitStop\build\..\backend\dist\RaynzPitStop\_internal\_tcl_data\tzdata\Africa\Monrovia
[2026-08-17 08:39:15] Compressing: D:\RaynzPitStop\build\..\backend\dist\RaynzPitStop\_internal\_tcl_data\tzdata\Africa\Nairobi
[2026-08-17 08:39:15] Compressing: D:\RaynzPitStop\build\..\backend\dist\RaynzPitStop\_internal\_tcl_data\tzdata\Africa\Ndjamena
[2026-08-17 08:39:15] Compressing: D:\RaynzPitStop\build\..\backend\dist\RaynzPitStop\_internal\_tcl_data\tzdata\Africa\Niamey
[2026-08-17 08:39:15] Compressing: D:\RaynzPitStop\build\..\backend\dist\RaynzPitStop\_internal\_tcl_data\tzdata\Africa\Nouakchott
[2026-08-17 08:39:15] Compressing: D:\RaynzPitStop\build\..\backend\dist\RaynzPitStop\_internal\_tcl_data\tzdata\Africa\Ouagadougou
[2026-08-17 08:39:15] Compressing: D:\RaynzPitStop\build\..\backend\dist\RaynzPitStop\_internal\_tcl_data\tzdata\Africa\Porto-Novo
[2026-08-17 08:39:15] Compressing: D:\RaynzPitStop\build\..\backend\dist\RaynzPitStop\_internal\_tcl_data\tzdata\Africa\Sao_Tome
[2026-08-17 08:39:15] Compressing: D:\RaynzPitStop\build\..\backend\dist\RaynzPitStop\_internal\_tcl_data\tzdata\Africa\Timbuktu
[2026-08-17 08:39:15] Compressing: D:\RaynzPitStop\build\..\backend\dist\RaynzPitStop\_internal\_tcl_data\tzdata\Africa\Tripoli
[2026-08-17 08:39:15] Compressing: D:\RaynzPitStop\build\..\backend\dist\RaynzPitStop\_internal\_tcl_data\tzdata\Africa\Tunis
[2026-08-17 08:39:15] Compressing: D:\RaynzPitStop\build\..\backend\dist\RaynzPitStop\_internal\_tcl_data\tzdata\Africa\Windhoek
[2026-08-17 08:39:15] Compressing: D:\RaynzPitStop\build\..\backend\dist\RaynzPitStop\_internal\_tcl_data\tzdata\America\Adak
[2026-08-17 08:39:15] Compressing: D:\RaynzPitStop\build\..\backend\dist\RaynzPitStop\_internal\_tcl_data\tzdata\America\Anchorage
[2026-08-17 08:39:15] Compressing: D:\RaynzPitStop\build\..\backend\dist\RaynzPitStop\_internal\_tcl_data\tzdata\America\Anguilla
[2026-08-17 08:39:15] Compressing: D:\RaynzPitStop\build\..\backend\dist\RaynzPitStop\_internal\_tcl_data\tzdata\America\Antigua
[2026-08-17 08:39:15] Compressing: D:\RaynzPitStop\build\..\backend\dist\RaynzPitStop\_internal\_tcl_data\tzdata\America\Araguaina
[2026-08-17 08:39:15] Compressing: D:\RaynzPitStop\build\..\backend\dist\RaynzPitStop\_internal\_tcl_data\tzdata\America\Aruba
[2026-08-17 08:39:15] Compressing: D:\RaynzPitStop\build\..\backend\dist\RaynzPitStop\_internal\_tcl_data\tzdata\America\Asuncion
[2026-08-17 08:39:15] Compressing: D:\RaynzPitStop\build\..\backend\dist\RaynzPitStop\_internal\_tcl_data\tzdata\America\Atikokan
[2026-08-17 08:39:15] Compressing: D:\RaynzPitStop\build\..\backend\dist\RaynzPitStop\_internal\_tcl_data\tzdata\America\Atka
[2026-08-17 08:39:15] Compressing: D:\RaynzPitStop\build\..\backend\dist\RaynzPitStop\_internal\_tcl_data\tzdata\America\Bahia
[2026-08-17 08:39:15] Compressing: D:\RaynzPitStop\build\..\backend\dist\RaynzPitStop\_internal\_tcl_data\tzdata\America\Bahia_Banderas
[2026-08-17 08:39:15] Compressing: D:\RaynzPitStop\build\..\backend\dist\RaynzPitStop\_internal\_tcl_data\tzdata\America\Barbados
[2026-08-17 08:39:15] Compressing: D:\RaynzPitStop\build\..\backend\dist\RaynzPitStop\_internal\_tcl_data\tzdata\America\Belem
[2026-08-17 08:39:15] Compressing: D:\RaynzPitStop\build\..\backend\dist\RaynzPitStop\_internal\_tcl_data\tzdata\America\Belize
[2026-08-17 08:39:15] Compressing: D:\RaynzPitStop\build\..\backend\dist\RaynzPitStop\_internal\_tcl_data\tzdata\America\Blanc-Sablon
[2026-08-17 08:39:15] Compressing: D:\RaynzPitStop\build\..\backend\dist\RaynzPitStop\_internal\_tcl_data\tzdata\America\Boa_Vista
[2026-08-17 08:39:15] Compressing: D:\RaynzPitStop\build\..\backend\dist\RaynzPitStop\_internal\_tcl_data\tzdata\America\Bogota
[2026-08-17 08:39:15] Compressing: D:\RaynzPitStop\build\..\backend\dist\RaynzPitStop\_internal\_tcl_data\tzdata\America\Boise
[2026-08-17 08:39:15] Compressing: D:\RaynzPitStop\build\..\backend\dist\RaynzPitStop\_internal\_tcl_data\tzdata\America\Buenos_Aires
[2026-08-17 08:39:15] Compressing: D:\RaynzPitStop\build\..\backend\dist\RaynzPitStop\_internal\_tcl_data\tzdata\America\Cambridge_Bay
[2026-08-17 08:39:15] Compressing: D:\RaynzPitStop\build\..\backend\dist\RaynzPitStop\_internal\_tcl_data\tzdata\America\Campo_Grande
[2026-08-17 08:39:15] Compressing: D:\RaynzPitStop\build\..\backend\dist\RaynzPitStop\_internal\_tcl_data\tzdata\America\Cancun
[2026-08-17 08:39:15] Compressing: D:\RaynzPitStop\build\..\backend\dist\RaynzPitStop\_internal\_tcl_data\tzdata\America\Caracas
[2026-08-17 08:39:15] Compressing: D:\RaynzPitStop\build\..\backend\dist\RaynzPitStop\_internal\_tcl_data\tzdata\America\Catamarca
[2026-08-17 08:39:15] Compressing: D:\RaynzPitStop\build\..\backend\dist\RaynzPitStop\_internal\_tcl_data\tzdata\America\Cayenne
[2026-08-17 08:39:15] Compressing: D:\RaynzPitStop\build\..\backend\dist\RaynzPitStop\_internal\_tcl_data\tzdata\America\Cayman
[2026-08-17 08:39:15] Compressing: D:\RaynzPitStop\build\..\backend\dist\RaynzPitStop\_internal\_tcl_data\tzdata\America\Chicago
[2026-08-17 08:39:15] Compressing: D:\RaynzPitStop\build\..\backend\dist\RaynzPitStop\_internal\_tcl_data\tzdata\America\Chihuahua
[2026-08-17 08:39:15] Compressing: D:\RaynzPitStop\build\..\backend\dist\RaynzPitStop\_internal\_tcl_data\tzdata\America\Ciudad_Juarez
[2026-08-17 08:39:15] Compressing: D:\RaynzPitStop\build\..\backend\dist\RaynzPitStop\_internal\_tcl_data\tzdata\America\Coral_Harbour
[2026-08-17 08:39:15] Compressing: D:\RaynzPitStop\build\..\backend\dist\RaynzPitStop\_internal\_tcl_data\tzdata\America\Cordoba
[2026-08-17 08:39:15] Compressing: D:\RaynzPitStop\build\..\backend\dist\RaynzPitStop\_internal\_tcl_data\tzdata\America\Costa_Rica
[2026-08-17 08:39:15] Compressing: D:\RaynzPitStop\build\..\backend\dist\RaynzPitStop\_internal\_tcl_data\tzdata\America\Creston
[2026-08-17 08:39:15] Compressing: D:\RaynzPitStop\build\..\backend\dist\RaynzPitStop\_internal\_tcl_data\tzdata\America\Cuiaba
[2026-08-17 08:39:15] Compressing: D:\RaynzPitStop\build\..\backend\dist\RaynzPitStop\_internal\_tcl_data\tzdata\America\Curacao
[2026-08-17 08:39:15] Compressing: D:\RaynzPitStop\build\..\backend\dist\RaynzPitStop\_internal\_tcl_data\tzdata\America\Danmarkshavn
[2026-08-17 08:39:15] Compressing: D:\RaynzPitStop\build\..\backend\dist\RaynzPitStop\_internal\_tcl_data\tzdata\America\Dawson
[2026-08-17 08:39:15] Compressing: D:\RaynzPitStop\build\..\backend\dist\RaynzPitStop\_internal\_tcl_data\tzdata\America\Dawson_Creek
[2026-08-17 08:39:15] Compressing: D:\RaynzPitStop\build\..\backend\dist\RaynzPitStop\_internal\_tcl_data\tzdata\America\Denver
[2026-08-17 08:39:15] Compressing: D:\RaynzPitStop\build\..\backend\dist\RaynzPitStop\_internal\_tcl_data\tzdata\America\Detroit
[2026-08-17 08:39:15] Compressing: D:\RaynzPitStop\build\..\backend\dist\RaynzPitStop\_internal\_tcl_data\tzdata\America\Dominica
[2026-08-17 08:39:15] Compressing: D:\RaynzPitStop\build\..\backend\dist\RaynzPitStop\_internal\_tcl_data\tzdata\America\Edmonton
[2026-08-17 08:39:15] Compressing: D:\RaynzPitStop\build\..\backend\dist\RaynzPitStop\_internal\_tcl_data\tzdata\America\Eirunepe
[2026-08-17 08:39:15] Compressing: D:\RaynzPitStop\build\..\backend\dist\RaynzPitStop\_internal\_tcl_data\tzdata\America\El_Salvador
[2026-08-17 08:39:15] Compressing: D:\RaynzPitStop\build\..\backend\dist\RaynzPitStop\_internal\_tcl_data\tzdata\America\Ensenada
[2026-08-17 08:39:15] Compressing: D:\RaynzPitStop\build\..\backend\dist\RaynzPitStop\_internal\_tcl_data\tzdata\America\Fortaleza
[2026-08-17 08:39:15] Compressing: D:\RaynzPitStop\build\..\backend\dist\RaynzPitStop\_internal\_tcl_data\tzdata\America\Fort_Nelson
[2026-08-17 08:39:15] Compressing: D:\RaynzPitStop\build\..\backend\dist\RaynzPitStop\_internal\_tcl_data\tzdata\America\Fort_Wayne
[2026-08-17 08:39:15] Compressing: D:\RaynzPitStop\build\..\backend\dist\RaynzPitStop\_internal\_tcl_data\tzdata\America\Glace_Bay
[2026-08-17 08:39:15] Compressing: D:\RaynzPitStop\build\..\backend\dist\RaynzPitStop\_internal\_tcl_data\tzdata\America\Godthab
[2026-08-17 08:39:15] Compressing: D:\RaynzPitStop\build\..\backend\dist\RaynzPitStop\_internal\_tcl_data\tzdata\America\Goose_Bay
[2026-08-17 08:39:15] Compressing: D:\RaynzPitStop\build\..\backend\dist\RaynzPitStop\_internal\_tcl_data\tzdata\America\Grand_Turk
[2026-08-17 08:39:15] Compressing: D:\RaynzPitStop\build\..\backend\dist\RaynzPitStop\_internal\_tcl_data\tzdata\America\Grenada
[2026-08-17 08:39:15] Compressing: D:\RaynzPitStop\build\..\backend\dist\RaynzPitStop\_internal\_tcl_data\tzdata\America\Guadeloupe
[2026-08-17 08:39:15] Compressing: D:\RaynzPitStop\build\..\backend\dist\RaynzPitStop\_internal\_tcl_data\tzdata\America\Guatemala
[2026-08-17 08:39:15] Compressing: D:\RaynzPitStop\build\..\backend\dist\RaynzPitStop\_internal\_tcl_data\tzdata\America\Guayaquil
[2026-08-17 08:39:15] Compressing: D:\RaynzPitStop\build\..\backend\dist\RaynzPitStop\_internal\_tcl_data\tzdata\America\Guyana
[2026-08-17 08:39:15] Compressing: D:\RaynzPitStop\build\..\backend\dist\RaynzPitStop\_internal\_tcl_data\tzdata\America\Halifax
[2026-08-17 08:39:15] Compressing: D:\RaynzPitStop\build\..\backend\dist\RaynzPitStop\_internal\_tcl_data\tzdata\America\Havana
[2026-08-17 08:39:15] Compressing: D:\RaynzPitStop\build\..\backend\dist\RaynzPitStop\_internal\_tcl_data\tzdata\America\Hermosillo
[2026-08-17 08:39:15] Compressing: D:\RaynzPitStop\build\..\backend\dist\RaynzPitStop\_internal\_tcl_data\tzdata\America\Indianapolis
[2026-08-17 08:39:15] Compressing: D:\RaynzPitStop\build\..\backend\dist\RaynzPitStop\_internal\_tcl_data\tzdata\America\Inuvik
[2026-08-17 08:39:15] Compressing: D:\RaynzPitStop\build\..\backend\dist\RaynzPitStop\_internal\_tcl_data\tzdata\America\Iqaluit
[2026-08-17 08:39:15] Compressing: D:\RaynzPitStop\build\..\backend\dist\RaynzPitStop\_internal\_tcl_data\tzdata\America\Jamaica
[2026-08-17 08:39:15] Compressing: D:\RaynzPitStop\build\..\backend\dist\RaynzPitStop\_internal\_tcl_data\tzdata\America\Jujuy
[2026-08-17 08:39:15] Compressing: D:\RaynzPitStop\build\..\backend\dist\RaynzPitStop\_internal\_tcl_data\tzdata\America\Juneau
[2026-08-17 08:39:15] Compressing: D:\RaynzPitStop\build\..\backend\dist\RaynzPitStop\_internal\_tcl_data\tzdata\America\Knox_IN
[2026-08-17 08:39:15] Compressing: D:\RaynzPitStop\build\..\backend\dist\RaynzPitStop\_internal\_tcl_data\tzdata\America\Kralendijk
[2026-08-17 08:39:15] Compressing: D:\RaynzPitStop\build\..\backend\dist\RaynzPitStop\_internal\_tcl_data\tzdata\America\La_Paz
[2026-08-17 08:39:15] Compressing: D:\RaynzPitStop\build\..\backend\dist\RaynzPitStop\_internal\_tcl_data\tzdata\America\Lima
[2026-08-17 08:39:15] Compressing: D:\RaynzPitStop\build\..\backend\dist\RaynzPitStop\_internal\_tcl_data\tzdata\America\Los_Angeles
[2026-08-17 08:39:15] Compressing: D:\RaynzPitStop\build\..\backend\dist\RaynzPitStop\_internal\_tcl_data\tzdata\America\Louisville
[2026-08-17 08:39:15] Compressing: D:\RaynzPitStop\build\..\backend\dist\RaynzPitStop\_internal\_tcl_data\tzdata\America\Lower_Princes
[2026-08-17 08:39:15] Compressing: D:\RaynzPitStop\build\..\backend\dist\RaynzPitStop\_internal\_tcl_data\tzdata\America\Maceio
[2026-08-17 08:39:15] Compressing: D:\RaynzPitStop\build\..\backend\dist\RaynzPitStop\_internal\_tcl_data\tzdata\America\Managua
[2026-08-17 08:39:15] Compressing: D:\RaynzPitStop\build\..\backend\dist\RaynzPitStop\_internal\_tcl_data\tzdata\America\Manaus
[2026-08-17 08:39:15] Compressing: D:\RaynzPitStop\build\..\backend\dist\RaynzPitStop\_internal\_tcl_data\tzdata\America\Marigot
[2026-08-17 08:39:15] Compressing: D:\RaynzPitStop\build\..\backend\dist\RaynzPitStop\_internal\_tcl_data\tzdata\America\Martinique
[2026-08-17 08:39:15] Compressing: D:\RaynzPitStop\build\..\backend\dist\RaynzPitStop\_internal\_tcl_data\tzdata\America\Matamoros
[2026-08-17 08:39:15] Compressing: D:\RaynzPitStop\build\..\backend\dist\RaynzPitStop\_internal\_tcl_data\tzdata\America\Mazatlan
[2026-08-17 08:39:15] Compressing: D:\RaynzPitStop\build\..\backend\dist\RaynzPitStop\_internal\_tcl_data\tzdata\America\Mendoza
[2026-08-17 08:39:15] Compressing: D:\RaynzPitStop\build\..\backend\dist\RaynzPitStop\_internal\_tcl_data\tzdata\America\Menominee
[2026-08-17 08:39:15] Compressing: D:\RaynzPitStop\build\..\backend\dist\RaynzPitStop\_internal\_tcl_data\tzdata\America\Merida
[2026-08-17 08:39:15] Compressing: D:\RaynzPitStop\build\..\backend\dist\RaynzPitStop\_internal\_tcl_data\tzdata\America\Metlakatla
[2026-08-17 08:39:15] Compressing: D:\RaynzPitStop\build\..\backend\dist\RaynzPitStop\_internal\_tcl_data\tzdata\America\Mexico_City
[2026-08-17 08:39:15] Compressing: D:\RaynzPitStop\build\..\backend\dist\RaynzPitStop\_internal\_tcl_data\tzdata\America\Miquelon
[2026-08-17 08:39:15] Compressing: D:\RaynzPitStop\build\..\backend\dist\RaynzPitStop\_internal\_tcl_data\tzdata\America\Moncton
[2026-08-17 08:39:15] Compressing: D:\RaynzPitStop\build\..\backend\dist\RaynzPitStop\_internal\_tcl_data\tzdata\America\Monterrey
[2026-08-17 08:39:15] Compressing: D:\RaynzPitStop\build\..\backend\dist\RaynzPitStop\_internal\_tcl_data\tzdata\America\Montevideo
[2026-08-17 08:39:15] Compressing: D:\RaynzPitStop\build\..\backend\dist\RaynzPitStop\_internal\_tcl_data\tzdata\America\Montreal
[2026-08-17 08:39:15] Compressing: D:\RaynzPitStop\build\..\backend\dist\RaynzPitStop\_internal\_tcl_data\tzdata\America\Montserrat
[2026-08-17 08:39:15] Compressing: D:\RaynzPitStop\build\..\backend\dist\RaynzPitStop\_internal\_tcl_data\tzdata\America\Nassau
[2026-08-17 08:39:15] Compressing: D:\RaynzPitStop\build\..\backend\dist\RaynzPitStop\_internal\_tcl_data\tzdata\America\New_York
[2026-08-17 08:39:15] Compressing: D:\RaynzPitStop\build\..\backend\dist\RaynzPitStop\_internal\_tcl_data\tzdata\America\Nipigon
[2026-08-17 08:39:15] Compressing: D:\RaynzPitStop\build\..\backend\dist\RaynzPitStop\_internal\_tcl_data\tzdata\America\Nome
[2026-08-17 08:39:15] Compressing: D:\RaynzPitStop\build\..\backend\dist\RaynzPitStop\_internal\_tcl_data\tzdata\America\Noronha
[2026-08-17 08:39:15] Compressing: D:\RaynzPitStop\build\..\backend\dist\RaynzPitStop\_internal\_tcl_data\tzdata\America\Nuuk
[2026-08-17 08:39:15] Compressing: D:\RaynzPitStop\build\..\backend\dist\RaynzPitStop\_internal\_tcl_data\tzdata\America\Ojinaga
[2026-08-17 08:39:15] Compressing: D:\RaynzPitStop\build\..\backend\dist\RaynzPitStop\_internal\_tcl_data\tzdata\America\Panama
[2026-08-17 08:39:15] Compressing: D:\RaynzPitStop\build\..\backend\dist\RaynzPitStop\_internal\_tcl_data\tzdata\America\Pangnirtung
[2026-08-17 08:39:15] Compressing: D:\RaynzPitStop\build\..\backend\dist\RaynzPitStop\_internal\_tcl_data\tzdata\America\Paramaribo
[2026-08-17 08:39:15] Compressing: D:\RaynzPitStop\build\..\backend\dist\RaynzPitStop\_internal\_tcl_data\tzdata\America\Phoenix
[2026-08-17 08:39:15] Compressing: D:\RaynzPitStop\build\..\backend\dist\RaynzPitStop\_internal\_tcl_data\tzdata\America\Port-au-Prince
[2026-08-17 08:39:15] Compressing: D:\RaynzPitStop\build\..\backend\dist\RaynzPitStop\_internal\_tcl_data\tzdata\America\Porto_Acre
[2026-08-17 08:39:15] Compressing: D:\RaynzPitStop\build\..\backend\dist\RaynzPitStop\_internal\_tcl_data\tzdata\America\Porto_Velho
[2026-08-17 08:39:15] Compressing: D:\RaynzPitStop\build\..\backend\dist\RaynzPitStop\_internal\_tcl_data\tzdata\America\Port_of_Spain
[2026-08-17 08:39:15] Compressing: D:\RaynzPitStop\build\..\backend\dist\RaynzPitStop\_internal\_tcl_data\tzdata\America\Puerto_Rico
[2026-08-17 08:39:15] Compressing: D:\RaynzPitStop\build\..\backend\dist\RaynzPitStop\_internal\_tcl_data\tzdata\America\Punta_Arenas
[2026-08-17 08:39:15] Compressing: D:\RaynzPitStop\build\..\backend\dist\RaynzPitStop\_internal\_tcl_data\tzdata\America\Rainy_River
[2026-08-17 08:39:15] Compressing: D:\RaynzPitStop\build\..\backend\dist\RaynzPitStop\_internal\_tcl_data\tzdata\America\Rankin_Inlet
[2026-08-17 08:39:15] Compressing: D:\RaynzPitStop\build\..\backend\dist\RaynzPitStop\_internal\_tcl_data\tzdata\America\Recife
[2026-08-17 08:39:15] Compressing: D:\RaynzPitStop\build\..\backend\dist\RaynzPitStop\_internal\_tcl_data\tzdata\America\Regina
[2026-08-17 08:39:15] Compressing: D:\RaynzPitStop\build\..\backend\dist\RaynzPitStop\_internal\_tcl_data\tzdata\America\Resolute
[2026-08-17 08:39:15] Compressing: D:\RaynzPitStop\build\..\backend\dist\RaynzPitStop\_internal\_tcl_data\tzdata\America\Rio_Branco
[2026-08-17 08:39:15] Compressing: D:\RaynzPitStop\build\..\backend\dist\RaynzPitStop\_internal\_tcl_data\tzdata\America\Rosario
[2026-08-17 08:39:15] Compressing: D:\RaynzPitStop\build\..\backend\dist\RaynzPitStop\_internal\_tcl_data\tzdata\America\Santarem
[2026-08-17 08:39:15] Compressing: D:\RaynzPitStop\build\..\backend\dist\RaynzPitStop\_internal\_tcl_data\tzdata\America\Santa_Isabel
[2026-08-17 08:39:15] Compressing: D:\RaynzPitStop\build\..\backend\dist\RaynzPitStop\_internal\_tcl_data\tzdata\America\Santiago
[2026-08-17 08:39:15] Compressing: D:\RaynzPitStop\build\..\backend\dist\RaynzPitStop\_internal\_tcl_data\tzdata\America\Santo_Domingo
[2026-08-17 08:39:15] Compressing: D:\RaynzPitStop\build\..\backend\dist\RaynzPitStop\_internal\_tcl_data\tzdata\America\Sao_Paulo
[2026-08-17 08:39:15] Compressing: D:\RaynzPitStop\build\..\backend\dist\RaynzPitStop\_internal\_tcl_data\tzdata\America\Scoresbysund
[2026-08-17 08:39:15] Compressing: D:\RaynzPitStop\build\..\backend\dist\RaynzPitStop\_internal\_tcl_data\tzdata\America\Shiprock
[2026-08-17 08:39:15] Compressing: D:\RaynzPitStop\build\..\backend\dist\RaynzPitStop\_internal\_tcl_data\tzdata\America\Sitka
[2026-08-17 08:39:15] Compressing: D:\RaynzPitStop\build\..\backend\dist\RaynzPitStop\_internal\_tcl_data\tzdata\America\St_Barthelemy
[2026-08-17 08:39:15] Compressing: D:\RaynzPitStop\build\..\backend\dist\RaynzPitStop\_internal\_tcl_data\tzdata\America\St_Johns
[2026-08-17 08:39:15] Compressing: D:\RaynzPitStop\build\..\backend\dist\RaynzPitStop\_internal\_tcl_data\tzdata\America\St_Kitts
[2026-08-17 08:39:15] Compressing: D:\RaynzPitStop\build\..\backend\dist\RaynzPitStop\_internal\_tcl_data\tzdata\America\St_Lucia
[2026-08-17 08:39:15] Compressing: D:\RaynzPitStop\build\..\backend\dist\RaynzPitStop\_internal\_tcl_data\tzdata\America\St_Thomas
[2026-08-17 08:39:15] Compressing: D:\RaynzPitStop\build\..\backend\dist\RaynzPitStop\_internal\_tcl_data\tzdata\America\St_Vincent
[2026-08-17 08:39:15] Compressing: D:\RaynzPitStop\build\..\backend\dist\RaynzPitStop\_internal\_tcl_data\tzdata\America\Swift_Current
[2026-08-17 08:39:15] Compressing: D:\RaynzPitStop\build\..\backend\dist\RaynzPitStop\_internal\_tcl_data\tzdata\America\Tegucigalpa
[2026-08-17 08:39:15] Compressing: D:\RaynzPitStop\build\..\backend\dist\RaynzPitStop\_internal\_tcl_data\tzdata\America\Thule
[2026-08-17 08:39:15] Compressing: D:\RaynzPitStop\build\..\backend\dist\RaynzPitStop\_internal\_tcl_data\tzdata\America\Thunder_Bay
[2026-08-17 08:39:15] Compressing: D:\RaynzPitStop\build\..\backend\dist\RaynzPitStop\_internal\_tcl_data\tzdata\America\Tijuana
[2026-08-17 08:39:15] Compressing: D:\RaynzPitStop\build\..\backend\dist\RaynzPitStop\_internal\_tcl_data\tzdata\America\Toronto
[2026-08-17 08:39:15] Compressing: D:\RaynzPitStop\build\..\backend\dist\RaynzPitStop\_internal\_tcl_data\tzdata\America\Tortola
[2026-08-17 08:39:15] Compressing: D:\RaynzPitStop\build\..\backend\dist\RaynzPitStop\_internal\_tcl_data\tzdata\America\Vancouver
[2026-08-17 08:39:15] Compressing: D:\RaynzPitStop\build\..\backend\dist\RaynzPitStop\_internal\_tcl_data\tzdata\America\Virgin
[2026-08-17 08:39:15] Compressing: D:\RaynzPitStop\build\..\backend\dist\RaynzPitStop\_internal\_tcl_data\tzdata\America\Whitehorse
[2026-08-17 08:39:15] Compressing: D:\RaynzPitStop\build\..\backend\dist\RaynzPitStop\_internal\_tcl_data\tzdata\America\Winnipeg
[2026-08-17 08:39:15] Compressing: D:\RaynzPitStop\build\..\backend\dist\RaynzPitStop\_internal\_tcl_data\tzdata\America\Yakutat
[2026-08-17 08:39:15] Compressing: D:\RaynzPitStop\build\..\backend\dist\RaynzPitStop\_internal\_tcl_data\tzdata\America\Yellowknife
[2026-08-17 08:39:15] Compressing: D:\RaynzPitStop\build\..\backend\dist\RaynzPitStop\_internal\_tcl_data\tzdata\America\Argentina\Buenos_Aires
[2026-08-17 08:39:15] Compressing: D:\RaynzPitStop\build\..\backend\dist\RaynzPitStop\_internal\_tcl_data\tzdata\America\Argentina\Catamarca
[2026-08-17 08:39:15] Compressing: D:\RaynzPitStop\build\..\backend\dist\RaynzPitStop\_internal\_tcl_data\tzdata\America\Argentina\ComodRivadavia
[2026-08-17 08:39:15] Compressing: D:\RaynzPitStop\build\..\backend\dist\RaynzPitStop\_internal\_tcl_data\tzdata\America\Argentina\Cordoba
[2026-08-17 08:39:15] Compressing: D:\RaynzPitStop\build\..\backend\dist\RaynzPitStop\_internal\_tcl_data\tzdata\America\Argentina\Jujuy
[2026-08-17 08:39:15] Compressing: D:\RaynzPitStop\build\..\backend\dist\RaynzPitStop\_internal\_tcl_data\tzdata\America\Argentina\La_Rioja
[2026-08-17 08:39:15] Compressing: D:\RaynzPitStop\build\..\backend\dist\RaynzPitStop\_internal\_tcl_data\tzdata\America\Argentina\Mendoza
[2026-08-17 08:39:15] Compressing: D:\RaynzPitStop\build\..\backend\dist\RaynzPitStop\_internal\_tcl_data\tzdata\America\Argentina\Rio_Gallegos
[2026-08-17 08:39:15] Compressing: D:\RaynzPitStop\build\..\backend\dist\RaynzPitStop\_internal\_tcl_data\tzdata\America\Argentina\Salta
[2026-08-17 08:39:15] Compressing: D:\RaynzPitStop\build\..\backend\dist\RaynzPitStop\_internal\_tcl_data\tzdata\America\Argentina\San_Juan
[2026-08-17 08:39:15] Compressing: D:\RaynzPitStop\build\..\backend\dist\RaynzPitStop\_internal\_tcl_data\tzdata\America\Argentina\San_Luis
[2026-08-17 08:39:15] Compressing: D:\RaynzPitStop\build\..\backend\dist\RaynzPitStop\_internal\_tcl_data\tzdata\America\Argentina\Tucuman
[2026-08-17 08:39:15] Compressing: D:\RaynzPitStop\build\..\backend\dist\RaynzPitStop\_internal\_tcl_data\tzdata\America\Argentina\Ushuaia
[2026-08-17 08:39:15] Compressing: D:\RaynzPitStop\build\..\backend\dist\RaynzPitStop\_internal\_tcl_data\tzdata\America\Indiana\Indianapolis
[2026-08-17 08:39:15] Compressing: D:\RaynzPitStop\build\..\backend\dist\RaynzPitStop\_internal\_tcl_data\tzdata\America\Indiana\Knox
[2026-08-17 08:39:15] Compressing: D:\RaynzPitStop\build\..\backend\dist\RaynzPitStop\_internal\_tcl_data\tzdata\America\Indiana\Marengo
[2026-08-17 08:39:15] Compressing: D:\RaynzPitStop\build\..\backend\dist\RaynzPitStop\_internal\_tcl_data\tzdata\America\Indiana\Petersburg
[2026-08-17 08:39:15] Compressing: D:\RaynzPitStop\build\..\backend\dist\RaynzPitStop\_internal\_tcl_data\tzdata\America\Indiana\Tell_City
[2026-08-17 08:39:15] Compressing: D:\RaynzPitStop\build\..\backend\dist\RaynzPitStop\_internal\_tcl_data\tzdata\America\Indiana\Vevay
[2026-08-17 08:39:15] Compressing: D:\RaynzPitStop\build\..\backend\dist\RaynzPitStop\_internal\_tcl_data\tzdata\America\Indiana\Vincennes
[2026-08-17 08:39:15] Compressing: D:\RaynzPitStop\build\..\backend\dist\RaynzPitStop\_internal\_tcl_data\tzdata\America\Indiana\Winamac
[2026-08-17 08:39:15] Compressing: D:\RaynzPitStop\build\..\backend\dist\RaynzPitStop\_internal\_tcl_data\tzdata\America\Kentucky\Louisville
[2026-08-17 08:39:15] Compressing: D:\RaynzPitStop\build\..\backend\dist\RaynzPitStop\_internal\_tcl_data\tzdata\America\Kentucky\Monticello
[2026-08-17 08:39:15] Compressing: D:\RaynzPitStop\build\..\backend\dist\RaynzPitStop\_internal\_tcl_data\tzdata\America\North_Dakota\Beulah
[2026-08-17 08:39:15] Compressing: D:\RaynzPitStop\build\..\backend\dist\RaynzPitStop\_internal\_tcl_data\tzdata\America\North_Dakota\Center
[2026-08-17 08:39:15] Compressing: D:\RaynzPitStop\build\..\backend\dist\RaynzPitStop\_internal\_tcl_data\tzdata\America\North_Dakota\New_Salem
[2026-08-17 08:39:15] Compressing: D:\RaynzPitStop\build\..\backend\dist\RaynzPitStop\_internal\_tcl_data\tzdata\Antarctica\Casey
[2026-08-17 08:39:15] Compressing: D:\RaynzPitStop\build\..\backend\dist\RaynzPitStop\_internal\_tcl_data\tzdata\Antarctica\Davis
[2026-08-17 08:39:15] Compressing: D:\RaynzPitStop\build\..\backend\dist\RaynzPitStop\_internal\_tcl_data\tzdata\Antarctica\DumontDUrville
[2026-08-17 08:39:15] Compressing: D:\RaynzPitStop\build\..\backend\dist\RaynzPitStop\_internal\_tcl_data\tzdata\Antarctica\Macquarie
[2026-08-17 08:39:15] Compressing: D:\RaynzPitStop\build\..\backend\dist\RaynzPitStop\_internal\_tcl_data\tzdata\Antarctica\Mawson
[2026-08-17 08:39:15] Compressing: D:\RaynzPitStop\build\..\backend\dist\RaynzPitStop\_internal\_tcl_data\tzdata\Antarctica\McMurdo
[2026-08-17 08:39:15] Compressing: D:\RaynzPitStop\build\..\backend\dist\RaynzPitStop\_internal\_tcl_data\tzdata\Antarctica\Palmer
[2026-08-17 08:39:15] Compressing: D:\RaynzPitStop\build\..\backend\dist\RaynzPitStop\_internal\_tcl_data\tzdata\Antarctica\Rothera
[2026-08-17 08:39:15] Compressing: D:\RaynzPitStop\build\..\backend\dist\RaynzPitStop\_internal\_tcl_data\tzdata\Antarctica\South_Pole
[2026-08-17 08:39:15] Compressing: D:\RaynzPitStop\build\..\backend\dist\RaynzPitStop\_internal\_tcl_data\tzdata\Antarctica\Syowa
[2026-08-17 08:39:15] Compressing: D:\RaynzPitStop\build\..\backend\dist\RaynzPitStop\_internal\_tcl_data\tzdata\Antarctica\Troll
[2026-08-17 08:39:15] Compressing: D:\RaynzPitStop\build\..\backend\dist\RaynzPitStop\_internal\_tcl_data\tzdata\Antarctica\Vostok
[2026-08-17 08:39:15] Compressing: D:\RaynzPitStop\build\..\backend\dist\RaynzPitStop\_internal\_tcl_data\tzdata\Arctic\Longyearbyen
[2026-08-17 08:39:15] Compressing: D:\RaynzPitStop\build\..\backend\dist\RaynzPitStop\_internal\_tcl_data\tzdata\Asia\Aden
[2026-08-17 08:39:15] Compressing: D:\RaynzPitStop\build\..\backend\dist\RaynzPitStop\_internal\_tcl_data\tzdata\Asia\Almaty
[2026-08-17 08:39:15] Compressing: D:\RaynzPitStop\build\..\backend\dist\RaynzPitStop\_internal\_tcl_data\tzdata\Asia\Amman
[2026-08-17 08:39:15] Compressing: D:\RaynzPitStop\build\..\backend\dist\RaynzPitStop\_internal\_tcl_data\tzdata\Asia\Anadyr
[2026-08-17 08:39:15] Compressing: D:\RaynzPitStop\build\..\backend\dist\RaynzPitStop\_internal\_tcl_data\tzdata\Asia\Aqtau
[2026-08-17 08:39:15] Compressing: D:\RaynzPitStop\build\..\backend\dist\RaynzPitStop\_internal\_tcl_data\tzdata\Asia\Aqtobe
[2026-08-17 08:39:15] Compressing: D:\RaynzPitStop\build\..\backend\dist\RaynzPitStop\_internal\_tcl_data\tzdata\Asia\Ashgabat
[2026-08-17 08:39:15] Compressing: D:\RaynzPitStop\build\..\backend\dist\RaynzPitStop\_internal\_tcl_data\tzdata\Asia\Ashkhabad
[2026-08-17 08:39:15] Compressing: D:\RaynzPitStop\build\..\backend\dist\RaynzPitStop\_internal\_tcl_data\tzdata\Asia\Atyrau
[2026-08-17 08:39:15] Compressing: D:\RaynzPitStop\build\..\backend\dist\RaynzPitStop\_internal\_tcl_data\tzdata\Asia\Baghdad
[2026-08-17 08:39:15] Compressing: D:\RaynzPitStop\build\..\backend\dist\RaynzPitStop\_internal\_tcl_data\tzdata\Asia\Bahrain
[2026-08-17 08:39:15] Compressing: D:\RaynzPitStop\build\..\backend\dist\RaynzPitStop\_internal\_tcl_data\tzdata\Asia\Baku
[2026-08-17 08:39:15] Compressing: D:\RaynzPitStop\build\..\backend\dist\RaynzPitStop\_internal\_tcl_data\tzdata\Asia\Bangkok
[2026-08-17 08:39:15] Compressing: D:\RaynzPitStop\build\..\backend\dist\RaynzPitStop\_internal\_tcl_data\tzdata\Asia\Barnaul
[2026-08-17 08:39:15] Compressing: D:\RaynzPitStop\build\..\backend\dist\RaynzPitStop\_internal\_tcl_data\tzdata\Asia\Beirut
[2026-08-17 08:39:15] Compressing: D:\RaynzPitStop\build\..\backend\dist\RaynzPitStop\_internal\_tcl_data\tzdata\Asia\Bishkek
[2026-08-17 08:39:15] Compressing: D:\RaynzPitStop\build\..\backend\dist\RaynzPitStop\_internal\_tcl_data\tzdata\Asia\Brunei
[2026-08-17 08:39:15] Compressing: D:\RaynzPitStop\build\..\backend\dist\RaynzPitStop\_internal\_tcl_data\tzdata\Asia\Calcutta
[2026-08-17 08:39:15] Compressing: D:\RaynzPitStop\build\..\backend\dist\RaynzPitStop\_internal\_tcl_data\tzdata\Asia\Chita
[2026-08-17 08:39:15] Compressing: D:\RaynzPitStop\build\..\backend\dist\RaynzPitStop\_internal\_tcl_data\tzdata\Asia\Choibalsan
[2026-08-17 08:39:15] Compressing: D:\RaynzPitStop\build\..\backend\dist\RaynzPitStop\_internal\_tcl_data\tzdata\Asia\Chongqing
[2026-08-17 08:39:15] Compressing: D:\RaynzPitStop\build\..\backend\dist\RaynzPitStop\_internal\_tcl_data\tzdata\Asia\Chungking
[2026-08-17 08:39:15] Compressing: D:\RaynzPitStop\build\..\backend\dist\RaynzPitStop\_internal\_tcl_data\tzdata\Asia\Colombo
[2026-08-17 08:39:15] Compressing: D:\RaynzPitStop\build\..\backend\dist\RaynzPitStop\_internal\_tcl_data\tzdata\Asia\Dacca
[2026-08-17 08:39:15] Compressing: D:\RaynzPitStop\build\..\backend\dist\RaynzPitStop\_internal\_tcl_data\tzdata\Asia\Damascus
[2026-08-17 08:39:15] Compressing: D:\RaynzPitStop\build\..\backend\dist\RaynzPitStop\_internal\_tcl_data\tzdata\Asia\Dhaka
[2026-08-17 08:39:15] Compressing: D:\RaynzPitStop\build\..\backend\dist\RaynzPitStop\_internal\_tcl_data\tzdata\Asia\Dili
[2026-08-17 08:39:15] Compressing: D:\RaynzPitStop\build\..\backend\dist\RaynzPitStop\_internal\_tcl_data\tzdata\Asia\Dubai
[2026-08-17 08:39:15] Compressing: D:\RaynzPitStop\build\..\backend\dist\RaynzPitStop\_internal\_tcl_data\tzdata\Asia\Dushanbe
[2026-08-17 08:39:15] Compressing: D:\RaynzPitStop\build\..\backend\dist\RaynzPitStop\_internal\_tcl_data\tzdata\Asia\Famagusta
[2026-08-17 08:39:15] Compressing: D:\RaynzPitStop\build\..\backend\dist\RaynzPitStop\_internal\_tcl_data\tzdata\Asia\Gaza
[2026-08-17 08:39:15] Compressing: D:\RaynzPitStop\build\..\backend\dist\RaynzPitStop\_internal\_tcl_data\tzdata\Asia\Harbin
[2026-08-17 08:39:15] Compressing: D:\RaynzPitStop\build\..\backend\dist\RaynzPitStop\_internal\_tcl_data\tzdata\Asia\Hebron
[2026-08-17 08:39:15] Compressing: D:\RaynzPitStop\build\..\backend\dist\RaynzPitStop\_internal\_tcl_data\tzdata\Asia\Hong_Kong
[2026-08-17 08:39:15] Compressing: D:\RaynzPitStop\build\..\backend\dist\RaynzPitStop\_internal\_tcl_data\tzdata\Asia\Hovd
[2026-08-17 08:39:15] Compressing: D:\RaynzPitStop\build\..\backend\dist\RaynzPitStop\_internal\_tcl_data\tzdata\Asia\Ho_Chi_Minh
[2026-08-17 08:39:15] Compressing: D:\RaynzPitStop\build\..\backend\dist\RaynzPitStop\_internal\_tcl_data\tzdata\Asia\Irkutsk
[2026-08-17 08:39:15] Compressing: D:\RaynzPitStop\build\..\backend\dist\RaynzPitStop\_internal\_tcl_data\tzdata\Asia\Istanbul
[2026-08-17 08:39:15] Compressing: D:\RaynzPitStop\build\..\backend\dist\RaynzPitStop\_internal\_tcl_data\tzdata\Asia\Jakarta
[2026-08-17 08:39:15] Compressing: D:\RaynzPitStop\build\..\backend\dist\RaynzPitStop\_internal\_tcl_data\tzdata\Asia\Jayapura
[2026-08-17 08:39:15] Compressing: D:\RaynzPitStop\build\..\backend\dist\RaynzPitStop\_internal\_tcl_data\tzdata\Asia\Jerusalem
[2026-08-17 08:39:15] Compressing: D:\RaynzPitStop\build\..\backend\dist\RaynzPitStop\_internal\_tcl_data\tzdata\Asia\Kabul
[2026-08-17 08:39:15] Compressing: D:\RaynzPitStop\build\..\backend\dist\RaynzPitStop\_internal\_tcl_data\tzdata\Asia\Kamchatka
[2026-08-17 08:39:15] Compressing: D:\RaynzPitStop\build\..\backend\dist\RaynzPitStop\_internal\_tcl_data\tzdata\Asia\Karachi
[2026-08-17 08:39:15] Compressing: D:\RaynzPitStop\build\..\backend\dist\RaynzPitStop\_internal\_tcl_data\tzdata\Asia\Kashgar
[2026-08-17 08:39:15] Compressing: D:\RaynzPitStop\build\..\backend\dist\RaynzPitStop\_internal\_tcl_data\tzdata\Asia\Kathmandu
[2026-08-17 08:39:15] Compressing: D:\RaynzPitStop\build\..\backend\dist\RaynzPitStop\_internal\_tcl_data\tzdata\Asia\Katmandu
[2026-08-17 08:39:15] Compressing: D:\RaynzPitStop\build\..\backend\dist\RaynzPitStop\_internal\_tcl_data\tzdata\Asia\Khandyga
[2026-08-17 08:39:15] Compressing: D:\RaynzPitStop\build\..\backend\dist\RaynzPitStop\_internal\_tcl_data\tzdata\Asia\Kolkata
[2026-08-17 08:39:15] Compressing: D:\RaynzPitStop\build\..\backend\dist\RaynzPitStop\_internal\_tcl_data\tzdata\Asia\Krasnoyarsk
[2026-08-17 08:39:15] Compressing: D:\RaynzPitStop\build\..\backend\dist\RaynzPitStop\_internal\_tcl_data\tzdata\Asia\Kuala_Lumpur
[2026-08-17 08:39:15] Compressing: D:\RaynzPitStop\build\..\backend\dist\RaynzPitStop\_internal\_tcl_data\tzdata\Asia\Kuching
[2026-08-17 08:39:15] Compressing: D:\RaynzPitStop\build\..\backend\dist\RaynzPitStop\_internal\_tcl_data\tzdata\Asia\Kuwait
[2026-08-17 08:39:15] Compressing: D:\RaynzPitStop\build\..\backend\dist\RaynzPitStop\_internal\_tcl_data\tzdata\Asia\Macao
[2026-08-17 08:39:15] Compressing: D:\RaynzPitStop\build\..\backend\dist\RaynzPitStop\_internal\_tcl_data\tzdata\Asia\Macau
[2026-08-17 08:39:15] Compressing: D:\RaynzPitStop\build\..\backend\dist\RaynzPitStop\_internal\_tcl_data\tzdata\Asia\Magadan
[2026-08-17 08:39:15] Compressing: D:\RaynzPitStop\build\..\backend\dist\RaynzPitStop\_internal\_tcl_data\tzdata\Asia\Makassar
[2026-08-17 08:39:15] Compressing: D:\RaynzPitStop\build\..\backend\dist\RaynzPitStop\_internal\_tcl_data\tzdata\Asia\Manila
[2026-08-17 08:39:15] Compressing: D:\RaynzPitStop\build\..\backend\dist\RaynzPitStop\_internal\_tcl_data\tzdata\Asia\Muscat
[2026-08-17 08:39:15] Compressing: D:\RaynzPitStop\build\..\backend\dist\RaynzPitStop\_internal\_tcl_data\tzdata\Asia\Nicosia
[2026-08-17 08:39:15] Compressing: D:\RaynzPitStop\build\..\backend\dist\RaynzPitStop\_internal\_tcl_data\tzdata\Asia\Novokuznetsk
[2026-08-17 08:39:15] Compressing: D:\RaynzPitStop\build\..\backend\dist\RaynzPitStop\_internal\_tcl_data\tzdata\Asia\Novosibirsk
[2026-08-17 08:39:15] Compressing: D:\RaynzPitStop\build\..\backend\dist\RaynzPitStop\_internal\_tcl_data\tzdata\Asia\Omsk
[2026-08-17 08:39:15] Compressing: D:\RaynzPitStop\build\..\backend\dist\RaynzPitStop\_internal\_tcl_data\tzdata\Asia\Oral
[2026-08-17 08:39:15] Compressing: D:\RaynzPitStop\build\..\backend\dist\RaynzPitStop\_internal\_tcl_data\tzdata\Asia\Phnom_Penh
[2026-08-17 08:39:15] Compressing: D:\RaynzPitStop\build\..\backend\dist\RaynzPitStop\_internal\_tcl_data\tzdata\Asia\Pontianak
[2026-08-17 08:39:15] Compressing: D:\RaynzPitStop\build\..\backend\dist\RaynzPitStop\_internal\_tcl_data\tzdata\Asia\Pyongyang
[2026-08-17 08:39:15] Compressing: D:\RaynzPitStop\build\..\backend\dist\RaynzPitStop\_internal\_tcl_data\tzdata\Asia\Qatar
[2026-08-17 08:39:15] Compressing: D:\RaynzPitStop\build\..\backend\dist\RaynzPitStop\_internal\_tcl_data\tzdata\Asia\Qostanay
[2026-08-17 08:39:16] Compressing: D:\RaynzPitStop\build\..\backend\dist\RaynzPitStop\_internal\_tcl_data\tzdata\Asia\Qyzylorda
[2026-08-17 08:39:16] Compressing: D:\RaynzPitStop\build\..\backend\dist\RaynzPitStop\_internal\_tcl_data\tzdata\Asia\Rangoon
[2026-08-17 08:39:16] Compressing: D:\RaynzPitStop\build\..\backend\dist\RaynzPitStop\_internal\_tcl_data\tzdata\Asia\Riyadh
[2026-08-17 08:39:16] Compressing: D:\RaynzPitStop\build\..\backend\dist\RaynzPitStop\_internal\_tcl_data\tzdata\Asia\Saigon
[2026-08-17 08:39:16] Compressing: D:\RaynzPitStop\build\..\backend\dist\RaynzPitStop\_internal\_tcl_data\tzdata\Asia\Sakhalin
[2026-08-17 08:39:16] Compressing: D:\RaynzPitStop\build\..\backend\dist\RaynzPitStop\_internal\_tcl_data\tzdata\Asia\Samarkand
[2026-08-17 08:39:16] Compressing: D:\RaynzPitStop\build\..\backend\dist\RaynzPitStop\_internal\_tcl_data\tzdata\Asia\Seoul
[2026-08-17 08:39:16] Compressing: D:\RaynzPitStop\build\..\backend\dist\RaynzPitStop\_internal\_tcl_data\tzdata\Asia\Shanghai
[2026-08-17 08:39:16] Compressing: D:\RaynzPitStop\build\..\backend\dist\RaynzPitStop\_internal\_tcl_data\tzdata\Asia\Singapore
[2026-08-17 08:39:16] Compressing: D:\RaynzPitStop\build\..\backend\dist\RaynzPitStop\_internal\_tcl_data\tzdata\Asia\Srednekolymsk
[2026-08-17 08:39:16] Compressing: D:\RaynzPitStop\build\..\backend\dist\RaynzPitStop\_internal\_tcl_data\tzdata\Asia\Taipei
[2026-08-17 08:39:16] Compressing: D:\RaynzPitStop\build\..\backend\dist\RaynzPitStop\_internal\_tcl_data\tzdata\Asia\Tashkent
[2026-08-17 08:39:16] Compressing: D:\RaynzPitStop\build\..\backend\dist\RaynzPitStop\_internal\_tcl_data\tzdata\Asia\Tbilisi
[2026-08-17 08:39:16] Compressing: D:\RaynzPitStop\build\..\backend\dist\RaynzPitStop\_internal\_tcl_data\tzdata\Asia\Tehran
[2026-08-17 08:39:16] Compressing: D:\RaynzPitStop\build\..\backend\dist\RaynzPitStop\_internal\_tcl_data\tzdata\Asia\Tel_Aviv
[2026-08-17 08:39:16] Compressing: D:\RaynzPitStop\build\..\backend\dist\RaynzPitStop\_internal\_tcl_data\tzdata\Asia\Thimbu
[2026-08-17 08:39:16] Compressing: D:\RaynzPitStop\build\..\backend\dist\RaynzPitStop\_internal\_tcl_data\tzdata\Asia\Thimphu
[2026-08-17 08:39:16] Compressing: D:\RaynzPitStop\build\..\backend\dist\RaynzPitStop\_internal\_tcl_data\tzdata\Asia\Tokyo
[2026-08-17 08:39:16] Compressing: D:\RaynzPitStop\build\..\backend\dist\RaynzPitStop\_internal\_tcl_data\tzdata\Asia\Tomsk
[2026-08-17 08:39:16] Compressing: D:\RaynzPitStop\build\..\backend\dist\RaynzPitStop\_internal\_tcl_data\tzdata\Asia\Ujung_Pandang
[2026-08-17 08:39:16] Compressing: D:\RaynzPitStop\build\..\backend\dist\RaynzPitStop\_internal\_tcl_data\tzdata\Asia\Ulaanbaatar
[2026-08-17 08:39:16] Compressing: D:\RaynzPitStop\build\..\backend\dist\RaynzPitStop\_internal\_tcl_data\tzdata\Asia\Ulan_Bator
[2026-08-17 08:39:16] Compressing: D:\RaynzPitStop\build\..\backend\dist\RaynzPitStop\_internal\_tcl_data\tzdata\Asia\Urumqi
[2026-08-17 08:39:16] Compressing: D:\RaynzPitStop\build\..\backend\dist\RaynzPitStop\_internal\_tcl_data\tzdata\Asia\Ust-Nera
[2026-08-17 08:39:16] Compressing: D:\RaynzPitStop\build\..\backend\dist\RaynzPitStop\_internal\_tcl_data\tzdata\Asia\Vientiane
[2026-08-17 08:39:16] Compressing: D:\RaynzPitStop\build\..\backend\dist\RaynzPitStop\_internal\_tcl_data\tzdata\Asia\Vladivostok
[2026-08-17 08:39:16] Compressing: D:\RaynzPitStop\build\..\backend\dist\RaynzPitStop\_internal\_tcl_data\tzdata\Asia\Yakutsk
[2026-08-17 08:39:16] Compressing: D:\RaynzPitStop\build\..\backend\dist\RaynzPitStop\_internal\_tcl_data\tzdata\Asia\Yangon
[2026-08-17 08:39:16] Compressing: D:\RaynzPitStop\build\..\backend\dist\RaynzPitStop\_internal\_tcl_data\tzdata\Asia\Yekaterinburg
[2026-08-17 08:39:16] Compressing: D:\RaynzPitStop\build\..\backend\dist\RaynzPitStop\_internal\_tcl_data\tzdata\Asia\Yerevan
[2026-08-17 08:39:16] Compressing: D:\RaynzPitStop\build\..\backend\dist\RaynzPitStop\_internal\_tcl_data\tzdata\Atlantic\Azores
[2026-08-17 08:39:16] Compressing: D:\RaynzPitStop\build\..\backend\dist\RaynzPitStop\_internal\_tcl_data\tzdata\Atlantic\Bermuda
[2026-08-17 08:39:16] Compressing: D:\RaynzPitStop\build\..\backend\dist\RaynzPitStop\_internal\_tcl_data\tzdata\Atlantic\Canary
[2026-08-17 08:39:16] Compressing: D:\RaynzPitStop\build\..\backend\dist\RaynzPitStop\_internal\_tcl_data\tzdata\Atlantic\Cape_Verde
[2026-08-17 08:39:16] Compressing: D:\RaynzPitStop\build\..\backend\dist\RaynzPitStop\_internal\_tcl_data\tzdata\Atlantic\Faeroe
[2026-08-17 08:39:16] Compressing: D:\RaynzPitStop\build\..\backend\dist\RaynzPitStop\_internal\_tcl_data\tzdata\Atlantic\Faroe
[2026-08-17 08:39:16] Compressing: D:\RaynzPitStop\build\..\backend\dist\RaynzPitStop\_internal\_tcl_data\tzdata\Atlantic\Jan_Mayen
[2026-08-17 08:39:16] Compressing: D:\RaynzPitStop\build\..\backend\dist\RaynzPitStop\_internal\_tcl_data\tzdata\Atlantic\Madeira
[2026-08-17 08:39:16] Compressing: D:\RaynzPitStop\build\..\backend\dist\RaynzPitStop\_internal\_tcl_data\tzdata\Atlantic\Reykjavik
[2026-08-17 08:39:16] Compressing: D:\RaynzPitStop\build\..\backend\dist\RaynzPitStop\_internal\_tcl_data\tzdata\Atlantic\South_Georgia
[2026-08-17 08:39:16] Compressing: D:\RaynzPitStop\build\..\backend\dist\RaynzPitStop\_internal\_tcl_data\tzdata\Atlantic\Stanley
[2026-08-17 08:39:16] Compressing: D:\RaynzPitStop\build\..\backend\dist\RaynzPitStop\_internal\_tcl_data\tzdata\Atlantic\St_Helena
[2026-08-17 08:39:16] Compressing: D:\RaynzPitStop\build\..\backend\dist\RaynzPitStop\_internal\_tcl_data\tzdata\Australia\ACT
[2026-08-17 08:39:16] Compressing: D:\RaynzPitStop\build\..\backend\dist\RaynzPitStop\_internal\_tcl_data\tzdata\Australia\Adelaide
[2026-08-17 08:39:16] Compressing: D:\RaynzPitStop\build\..\backend\dist\RaynzPitStop\_internal\_tcl_data\tzdata\Australia\Brisbane
[2026-08-17 08:39:16] Compressing: D:\RaynzPitStop\build\..\backend\dist\RaynzPitStop\_internal\_tcl_data\tzdata\Australia\Broken_Hill
[2026-08-17 08:39:16] Compressing: D:\RaynzPitStop\build\..\backend\dist\RaynzPitStop\_internal\_tcl_data\tzdata\Australia\Canberra
[2026-08-17 08:39:16] Compressing: D:\RaynzPitStop\build\..\backend\dist\RaynzPitStop\_internal\_tcl_data\tzdata\Australia\Currie
[2026-08-17 08:39:16] Compressing: D:\RaynzPitStop\build\..\backend\dist\RaynzPitStop\_internal\_tcl_data\tzdata\Australia\Darwin
[2026-08-17 08:39:16] Compressing: D:\RaynzPitStop\build\..\backend\dist\RaynzPitStop\_internal\_tcl_data\tzdata\Australia\Eucla
[2026-08-17 08:39:16] Compressing: D:\RaynzPitStop\build\..\backend\dist\RaynzPitStop\_internal\_tcl_data\tzdata\Australia\Hobart
[2026-08-17 08:39:16] Compressing: D:\RaynzPitStop\build\..\backend\dist\RaynzPitStop\_internal\_tcl_data\tzdata\Australia\LHI
[2026-08-17 08:39:16] Compressing: D:\RaynzPitStop\build\..\backend\dist\RaynzPitStop\_internal\_tcl_data\tzdata\Australia\Lindeman
[2026-08-17 08:39:16] Compressing: D:\RaynzPitStop\build\..\backend\dist\RaynzPitStop\_internal\_tcl_data\tzdata\Australia\Lord_Howe
[2026-08-17 08:39:16] Compressing: D:\RaynzPitStop\build\..\backend\dist\RaynzPitStop\_internal\_tcl_data\tzdata\Australia\Melbourne
[2026-08-17 08:39:16] Compressing: D:\RaynzPitStop\build\..\backend\dist\RaynzPitStop\_internal\_tcl_data\tzdata\Australia\North
[2026-08-17 08:39:16] Compressing: D:\RaynzPitStop\build\..\backend\dist\RaynzPitStop\_internal\_tcl_data\tzdata\Australia\NSW
[2026-08-17 08:39:16] Compressing: D:\RaynzPitStop\build\..\backend\dist\RaynzPitStop\_internal\_tcl_data\tzdata\Australia\Perth
[2026-08-17 08:39:16] Compressing: D:\RaynzPitStop\build\..\backend\dist\RaynzPitStop\_internal\_tcl_data\tzdata\Australia\Queensland
[2026-08-17 08:39:16] Compressing: D:\RaynzPitStop\build\..\backend\dist\RaynzPitStop\_internal\_tcl_data\tzdata\Australia\South
[2026-08-17 08:39:16] Compressing: D:\RaynzPitStop\build\..\backend\dist\RaynzPitStop\_internal\_tcl_data\tzdata\Australia\Sydney
[2026-08-17 08:39:16] Compressing: D:\RaynzPitStop\build\..\backend\dist\RaynzPitStop\_internal\_tcl_data\tzdata\Australia\Tasmania
[2026-08-17 08:39:16] Compressing: D:\RaynzPitStop\build\..\backend\dist\RaynzPitStop\_internal\_tcl_data\tzdata\Australia\Victoria
[2026-08-17 08:39:16] Compressing: D:\RaynzPitStop\build\..\backend\dist\RaynzPitStop\_internal\_tcl_data\tzdata\Australia\West
[2026-08-17 08:39:16] Compressing: D:\RaynzPitStop\build\..\backend\dist\RaynzPitStop\_internal\_tcl_data\tzdata\Australia\Yancowinna
[2026-08-17 08:39:16] Compressing: D:\RaynzPitStop\build\..\backend\dist\RaynzPitStop\_internal\_tcl_data\tzdata\Brazil\Acre
[2026-08-17 08:39:16] Compressing: D:\RaynzPitStop\build\..\backend\dist\RaynzPitStop\_internal\_tcl_data\tzdata\Brazil\DeNoronha
[2026-08-17 08:39:16] Compressing: D:\RaynzPitStop\build\..\backend\dist\RaynzPitStop\_internal\_tcl_data\tzdata\Brazil\East
[2026-08-17 08:39:16] Compressing: D:\RaynzPitStop\build\..\backend\dist\RaynzPitStop\_internal\_tcl_data\tzdata\Brazil\West
[2026-08-17 08:39:16] Compressing: D:\RaynzPitStop\build\..\backend\dist\RaynzPitStop\_internal\_tcl_data\tzdata\Canada\Atlantic
[2026-08-17 08:39:16] Compressing: D:\RaynzPitStop\build\..\backend\dist\RaynzPitStop\_internal\_tcl_data\tzdata\Canada\Central
[2026-08-17 08:39:16] Compressing: D:\RaynzPitStop\build\..\backend\dist\RaynzPitStop\_internal\_tcl_data\tzdata\Canada\Eastern
[2026-08-17 08:39:16] Compressing: D:\RaynzPitStop\build\..\backend\dist\RaynzPitStop\_internal\_tcl_data\tzdata\Canada\Mountain
[2026-08-17 08:39:16] Compressing: D:\RaynzPitStop\build\..\backend\dist\RaynzPitStop\_internal\_tcl_data\tzdata\Canada\Newfoundland
[2026-08-17 08:39:16] Compressing: D:\RaynzPitStop\build\..\backend\dist\RaynzPitStop\_internal\_tcl_data\tzdata\Canada\Pacific
[2026-08-17 08:39:16] Compressing: D:\RaynzPitStop\build\..\backend\dist\RaynzPitStop\_internal\_tcl_data\tzdata\Canada\Saskatchewan
[2026-08-17 08:39:16] Compressing: D:\RaynzPitStop\build\..\backend\dist\RaynzPitStop\_internal\_tcl_data\tzdata\Canada\Yukon
[2026-08-17 08:39:16] Compressing: D:\RaynzPitStop\build\..\backend\dist\RaynzPitStop\_internal\_tcl_data\tzdata\Chile\Continental
[2026-08-17 08:39:16] Compressing: D:\RaynzPitStop\build\..\backend\dist\RaynzPitStop\_internal\_tcl_data\tzdata\Chile\EasterIsland
[2026-08-17 08:39:16] Compressing: D:\RaynzPitStop\build\..\backend\dist\RaynzPitStop\_internal\_tcl_data\tzdata\Etc\GMT
[2026-08-17 08:39:16] Compressing: D:\RaynzPitStop\build\..\backend\dist\RaynzPitStop\_internal\_tcl_data\tzdata\Etc\GMT+0
[2026-08-17 08:39:16] Compressing: D:\RaynzPitStop\build\..\backend\dist\RaynzPitStop\_internal\_tcl_data\tzdata\Etc\GMT+1
[2026-08-17 08:39:16] Compressing: D:\RaynzPitStop\build\..\backend\dist\RaynzPitStop\_internal\_tcl_data\tzdata\Etc\GMT+10
[2026-08-17 08:39:16] Compressing: D:\RaynzPitStop\build\..\backend\dist\RaynzPitStop\_internal\_tcl_data\tzdata\Etc\GMT+11
[2026-08-17 08:39:16] Compressing: D:\RaynzPitStop\build\..\backend\dist\RaynzPitStop\_internal\_tcl_data\tzdata\Etc\GMT+12
[2026-08-17 08:39:16] Compressing: D:\RaynzPitStop\build\..\backend\dist\RaynzPitStop\_internal\_tcl_data\tzdata\Etc\GMT+2
[2026-08-17 08:39:16] Compressing: D:\RaynzPitStop\build\..\backend\dist\RaynzPitStop\_internal\_tcl_data\tzdata\Etc\GMT+3
[2026-08-17 08:39:16] Compressing: D:\RaynzPitStop\build\..\backend\dist\RaynzPitStop\_internal\_tcl_data\tzdata\Etc\GMT+4
[2026-08-17 08:39:16] Compressing: D:\RaynzPitStop\build\..\backend\dist\RaynzPitStop\_internal\_tcl_data\tzdata\Etc\GMT+5
[2026-08-17 08:39:16] Compressing: D:\RaynzPitStop\build\..\backend\dist\RaynzPitStop\_internal\_tcl_data\tzdata\Etc\GMT+6
[2026-08-17 08:39:16] Compressing: D:\RaynzPitStop\build\..\backend\dist\RaynzPitStop\_internal\_tcl_data\tzdata\Etc\GMT+7
[2026-08-17 08:39:16] Compressing: D:\RaynzPitStop\build\..\backend\dist\RaynzPitStop\_internal\_tcl_data\tzdata\Etc\GMT+8
[2026-08-17 08:39:16] Compressing: D:\RaynzPitStop\build\..\backend\dist\RaynzPitStop\_internal\_tcl_data\tzdata\Etc\GMT+9
[2026-08-17 08:39:16] Compressing: D:\RaynzPitStop\build\..\backend\dist\RaynzPitStop\_internal\_tcl_data\tzdata\Etc\GMT-0
[2026-08-17 08:39:16] Compressing: D:\RaynzPitStop\build\..\backend\dist\RaynzPitStop\_internal\_tcl_data\tzdata\Etc\GMT-1
[2026-08-17 08:39:16] Compressing: D:\RaynzPitStop\build\..\backend\dist\RaynzPitStop\_internal\_tcl_data\tzdata\Etc\GMT-10
[2026-08-17 08:39:16] Compressing: D:\RaynzPitStop\build\..\backend\dist\RaynzPitStop\_internal\_tcl_data\tzdata\Etc\GMT-11
[2026-08-17 08:39:16] Compressing: D:\RaynzPitStop\build\..\backend\dist\RaynzPitStop\_internal\_tcl_data\tzdata\Etc\GMT-12
[2026-08-17 08:39:16] Compressing: D:\RaynzPitStop\build\..\backend\dist\RaynzPitStop\_internal\_tcl_data\tzdata\Etc\GMT-13
[2026-08-17 08:39:16] Compressing: D:\RaynzPitStop\build\..\backend\dist\RaynzPitStop\_internal\_tcl_data\tzdata\Etc\GMT-14
[2026-08-17 08:39:16] Compressing: D:\RaynzPitStop\build\..\backend\dist\RaynzPitStop\_internal\_tcl_data\tzdata\Etc\GMT-2
[2026-08-17 08:39:16] Compressing: D:\RaynzPitStop\build\..\backend\dist\RaynzPitStop\_internal\_tcl_data\tzdata\Etc\GMT-3
[2026-08-17 08:39:16] Compressing: D:\RaynzPitStop\build\..\backend\dist\RaynzPitStop\_internal\_tcl_data\tzdata\Etc\GMT-4
[2026-08-17 08:39:16] Compressing: D:\RaynzPitStop\build\..\backend\dist\RaynzPitStop\_internal\_tcl_data\tzdata\Etc\GMT-5
[2026-08-17 08:39:16] Compressing: D:\RaynzPitStop\build\..\backend\dist\RaynzPitStop\_internal\_tcl_data\tzdata\Etc\GMT-6
[2026-08-17 08:39:16] Compressing: D:\RaynzPitStop\build\..\backend\dist\RaynzPitStop\_internal\_tcl_data\tzdata\Etc\GMT-7
[2026-08-17 08:39:16] Compressing: D:\RaynzPitStop\build\..\backend\dist\RaynzPitStop\_internal\_tcl_data\tzdata\Etc\GMT-8
[2026-08-17 08:39:16] Compressing: D:\RaynzPitStop\build\..\backend\dist\RaynzPitStop\_internal\_tcl_data\tzdata\Etc\GMT-9
[2026-08-17 08:39:16] Compressing: D:\RaynzPitStop\build\..\backend\dist\RaynzPitStop\_internal\_tcl_data\tzdata\Etc\GMT0
[2026-08-17 08:39:16] Compressing: D:\RaynzPitStop\build\..\backend\dist\RaynzPitStop\_internal\_tcl_data\tzdata\Etc\Greenwich
[2026-08-17 08:39:16] Compressing: D:\RaynzPitStop\build\..\backend\dist\RaynzPitStop\_internal\_tcl_data\tzdata\Etc\UCT
[2026-08-17 08:39:16] Compressing: D:\RaynzPitStop\build\..\backend\dist\RaynzPitStop\_internal\_tcl_data\tzdata\Etc\Universal
[2026-08-17 08:39:16] Compressing: D:\RaynzPitStop\build\..\backend\dist\RaynzPitStop\_internal\_tcl_data\tzdata\Etc\UTC
[2026-08-17 08:39:16] Compressing: D:\RaynzPitStop\build\..\backend\dist\RaynzPitStop\_internal\_tcl_data\tzdata\Etc\Zulu
[2026-08-17 08:39:16] Compressing: D:\RaynzPitStop\build\..\backend\dist\RaynzPitStop\_internal\_tcl_data\tzdata\Europe\Amsterdam
[2026-08-17 08:39:16] Compressing: D:\RaynzPitStop\build\..\backend\dist\RaynzPitStop\_internal\_tcl_data\tzdata\Europe\Andorra
[2026-08-17 08:39:16] Compressing: D:\RaynzPitStop\build\..\backend\dist\RaynzPitStop\_internal\_tcl_data\tzdata\Europe\Astrakhan
[2026-08-17 08:39:16] Compressing: D:\RaynzPitStop\build\..\backend\dist\RaynzPitStop\_internal\_tcl_data\tzdata\Europe\Athens
[2026-08-17 08:39:16] Compressing: D:\RaynzPitStop\build\..\backend\dist\RaynzPitStop\_internal\_tcl_data\tzdata\Europe\Belfast
[2026-08-17 08:39:16] Compressing: D:\RaynzPitStop\build\..\backend\dist\RaynzPitStop\_internal\_tcl_data\tzdata\Europe\Belgrade
[2026-08-17 08:39:16] Compressing: D:\RaynzPitStop\build\..\backend\dist\RaynzPitStop\_internal\_tcl_data\tzdata\Europe\Berlin
[2026-08-17 08:39:16] Compressing: D:\RaynzPitStop\build\..\backend\dist\RaynzPitStop\_internal\_tcl_data\tzdata\Europe\Bratislava
[2026-08-17 08:39:16] Compressing: D:\RaynzPitStop\build\..\backend\dist\RaynzPitStop\_internal\_tcl_data\tzdata\Europe\Brussels
[2026-08-17 08:39:16] Compressing: D:\RaynzPitStop\build\..\backend\dist\RaynzPitStop\_internal\_tcl_data\tzdata\Europe\Bucharest
[2026-08-17 08:39:16] Compressing: D:\RaynzPitStop\build\..\backend\dist\RaynzPitStop\_internal\_tcl_data\tzdata\Europe\Budapest
[2026-08-17 08:39:16] Compressing: D:\RaynzPitStop\build\..\backend\dist\RaynzPitStop\_internal\_tcl_data\tzdata\Europe\Busingen
[2026-08-17 08:39:16] Compressing: D:\RaynzPitStop\build\..\backend\dist\RaynzPitStop\_internal\_tcl_data\tzdata\Europe\Chisinau
[2026-08-17 08:39:16] Compressing: D:\RaynzPitStop\build\..\backend\dist\RaynzPitStop\_internal\_tcl_data\tzdata\Europe\Copenhagen
[2026-08-17 08:39:16] Compressing: D:\RaynzPitStop\build\..\backend\dist\RaynzPitStop\_internal\_tcl_data\tzdata\Europe\Dublin
[2026-08-17 08:39:16] Compressing: D:\RaynzPitStop\build\..\backend\dist\RaynzPitStop\_internal\_tcl_data\tzdata\Europe\Gibraltar
[2026-08-17 08:39:16] Compressing: D:\RaynzPitStop\build\..\backend\dist\RaynzPitStop\_internal\_tcl_data\tzdata\Europe\Guernsey
[2026-08-17 08:39:16] Compressing: D:\RaynzPitStop\build\..\backend\dist\RaynzPitStop\_internal\_tcl_data\tzdata\Europe\Helsinki
[2026-08-17 08:39:16] Compressing: D:\RaynzPitStop\build\..\backend\dist\RaynzPitStop\_internal\_tcl_data\tzdata\Europe\Isle_of_Man
[2026-08-17 08:39:16] Compressing: D:\RaynzPitStop\build\..\backend\dist\RaynzPitStop\_internal\_tcl_data\tzdata\Europe\Istanbul
[2026-08-17 08:39:16] Compressing: D:\RaynzPitStop\build\..\backend\dist\RaynzPitStop\_internal\_tcl_data\tzdata\Europe\Jersey
[2026-08-17 08:39:16] Compressing: D:\RaynzPitStop\build\..\backend\dist\RaynzPitStop\_internal\_tcl_data\tzdata\Europe\Kaliningrad
[2026-08-17 08:39:16] Compressing: D:\RaynzPitStop\build\..\backend\dist\RaynzPitStop\_internal\_tcl_data\tzdata\Europe\Kiev
[2026-08-17 08:39:16] Compressing: D:\RaynzPitStop\build\..\backend\dist\RaynzPitStop\_internal\_tcl_data\tzdata\Europe\Kirov
[2026-08-17 08:39:16] Compressing: D:\RaynzPitStop\build\..\backend\dist\RaynzPitStop\_internal\_tcl_data\tzdata\Europe\Kyiv
[2026-08-17 08:39:16] Compressing: D:\RaynzPitStop\build\..\backend\dist\RaynzPitStop\_internal\_tcl_data\tzdata\Europe\Lisbon
[2026-08-17 08:39:16] Compressing: D:\RaynzPitStop\build\..\backend\dist\RaynzPitStop\_internal\_tcl_data\tzdata\Europe\Ljubljana
[2026-08-17 08:39:16] Compressing: D:\RaynzPitStop\build\..\backend\dist\RaynzPitStop\_internal\_tcl_data\tzdata\Europe\London
[2026-08-17 08:39:16] Compressing: D:\RaynzPitStop\build\..\backend\dist\RaynzPitStop\_internal\_tcl_data\tzdata\Europe\Luxembourg
[2026-08-17 08:39:16] Compressing: D:\RaynzPitStop\build\..\backend\dist\RaynzPitStop\_internal\_tcl_data\tzdata\Europe\Madrid
[2026-08-17 08:39:16] Compressing: D:\RaynzPitStop\build\..\backend\dist\RaynzPitStop\_internal\_tcl_data\tzdata\Europe\Malta
[2026-08-17 08:39:16] Compressing: D:\RaynzPitStop\build\..\backend\dist\RaynzPitStop\_internal\_tcl_data\tzdata\Europe\Mariehamn
[2026-08-17 08:39:16] Compressing: D:\RaynzPitStop\build\..\backend\dist\RaynzPitStop\_internal\_tcl_data\tzdata\Europe\Minsk
[2026-08-17 08:39:16] Compressing: D:\RaynzPitStop\build\..\backend\dist\RaynzPitStop\_internal\_tcl_data\tzdata\Europe\Monaco
[2026-08-17 08:39:16] Compressing: D:\RaynzPitStop\build\..\backend\dist\RaynzPitStop\_internal\_tcl_data\tzdata\Europe\Moscow
[2026-08-17 08:39:16] Compressing: D:\RaynzPitStop\build\..\backend\dist\RaynzPitStop\_internal\_tcl_data\tzdata\Europe\Nicosia
[2026-08-17 08:39:16] Compressing: D:\RaynzPitStop\build\..\backend\dist\RaynzPitStop\_internal\_tcl_data\tzdata\Europe\Oslo
[2026-08-17 08:39:16] Compressing: D:\RaynzPitStop\build\..\backend\dist\RaynzPitStop\_internal\_tcl_data\tzdata\Europe\Paris
[2026-08-17 08:39:16] Compressing: D:\RaynzPitStop\build\..\backend\dist\RaynzPitStop\_internal\_tcl_data\tzdata\Europe\Podgorica
[2026-08-17 08:39:16] Compressing: D:\RaynzPitStop\build\..\backend\dist\RaynzPitStop\_internal\_tcl_data\tzdata\Europe\Prague
[2026-08-17 08:39:16] Compressing: D:\RaynzPitStop\build\..\backend\dist\RaynzPitStop\_internal\_tcl_data\tzdata\Europe\Riga
[2026-08-17 08:39:16] Compressing: D:\RaynzPitStop\build\..\backend\dist\RaynzPitStop\_internal\_tcl_data\tzdata\Europe\Rome
[2026-08-17 08:39:16] Compressing: D:\RaynzPitStop\build\..\backend\dist\RaynzPitStop\_internal\_tcl_data\tzdata\Europe\Samara
[2026-08-17 08:39:16] Compressing: D:\RaynzPitStop\build\..\backend\dist\RaynzPitStop\_internal\_tcl_data\tzdata\Europe\San_Marino
[2026-08-17 08:39:16] Compressing: D:\RaynzPitStop\build\..\backend\dist\RaynzPitStop\_internal\_tcl_data\tzdata\Europe\Sarajevo
[2026-08-17 08:39:16] Compressing: D:\RaynzPitStop\build\..\backend\dist\RaynzPitStop\_internal\_tcl_data\tzdata\Europe\Saratov
[2026-08-17 08:39:16] Compressing: D:\RaynzPitStop\build\..\backend\dist\RaynzPitStop\_internal\_tcl_data\tzdata\Europe\Simferopol
[2026-08-17 08:39:16] Compressing: D:\RaynzPitStop\build\..\backend\dist\RaynzPitStop\_internal\_tcl_data\tzdata\Europe\Skopje
[2026-08-17 08:39:16] Compressing: D:\RaynzPitStop\build\..\backend\dist\RaynzPitStop\_internal\_tcl_data\tzdata\Europe\Sofia
[2026-08-17 08:39:16] Compressing: D:\RaynzPitStop\build\..\backend\dist\RaynzPitStop\_internal\_tcl_data\tzdata\Europe\Stockholm
[2026-08-17 08:39:16] Compressing: D:\RaynzPitStop\build\..\backend\dist\RaynzPitStop\_internal\_tcl_data\tzdata\Europe\Tallinn
[2026-08-17 08:39:16] Compressing: D:\RaynzPitStop\build\..\backend\dist\RaynzPitStop\_internal\_tcl_data\tzdata\Europe\Tirane
[2026-08-17 08:39:16] Compressing: D:\RaynzPitStop\build\..\backend\dist\RaynzPitStop\_internal\_tcl_data\tzdata\Europe\Tiraspol
[2026-08-17 08:39:16] Compressing: D:\RaynzPitStop\build\..\backend\dist\RaynzPitStop\_internal\_tcl_data\tzdata\Europe\Ulyanovsk
[2026-08-17 08:39:16] Compressing: D:\RaynzPitStop\build\..\backend\dist\RaynzPitStop\_internal\_tcl_data\tzdata\Europe\Uzhgorod
[2026-08-17 08:39:16] Compressing: D:\RaynzPitStop\build\..\backend\dist\RaynzPitStop\_internal\_tcl_data\tzdata\Europe\Vaduz
[2026-08-17 08:39:16] Compressing: D:\RaynzPitStop\build\..\backend\dist\RaynzPitStop\_internal\_tcl_data\tzdata\Europe\Vatican
[2026-08-17 08:39:16] Compressing: D:\RaynzPitStop\build\..\backend\dist\RaynzPitStop\_internal\_tcl_data\tzdata\Europe\Vienna
[2026-08-17 08:39:16] Compressing: D:\RaynzPitStop\build\..\backend\dist\RaynzPitStop\_internal\_tcl_data\tzdata\Europe\Vilnius
[2026-08-17 08:39:16] Compressing: D:\RaynzPitStop\build\..\backend\dist\RaynzPitStop\_internal\_tcl_data\tzdata\Europe\Volgograd
[2026-08-17 08:39:16] Compressing: D:\RaynzPitStop\build\..\backend\dist\RaynzPitStop\_internal\_tcl_data\tzdata\Europe\Warsaw
[2026-08-17 08:39:16] Compressing: D:\RaynzPitStop\build\..\backend\dist\RaynzPitStop\_internal\_tcl_data\tzdata\Europe\Zagreb
[2026-08-17 08:39:16] Compressing: D:\RaynzPitStop\build\..\backend\dist\RaynzPitStop\_internal\_tcl_data\tzdata\Europe\Zaporozhye
[2026-08-17 08:39:16] Compressing: D:\RaynzPitStop\build\..\backend\dist\RaynzPitStop\_internal\_tcl_data\tzdata\Europe\Zurich
[2026-08-17 08:39:16] Compressing: D:\RaynzPitStop\build\..\backend\dist\RaynzPitStop\_internal\_tcl_data\tzdata\Indian\Antananarivo
[2026-08-17 08:39:16] Compressing: D:\RaynzPitStop\build\..\backend\dist\RaynzPitStop\_internal\_tcl_data\tzdata\Indian\Chagos
[2026-08-17 08:39:16] Compressing: D:\RaynzPitStop\build\..\backend\dist\RaynzPitStop\_internal\_tcl_data\tzdata\Indian\Christmas
[2026-08-17 08:39:16] Compressing: D:\RaynzPitStop\build\..\backend\dist\RaynzPitStop\_internal\_tcl_data\tzdata\Indian\Cocos
[2026-08-17 08:39:16] Compressing: D:\RaynzPitStop\build\..\backend\dist\RaynzPitStop\_internal\_tcl_data\tzdata\Indian\Comoro
[2026-08-17 08:39:16] Compressing: D:\RaynzPitStop\build\..\backend\dist\RaynzPitStop\_internal\_tcl_data\tzdata\Indian\Kerguelen
[2026-08-17 08:39:16] Compressing: D:\RaynzPitStop\build\..\backend\dist\RaynzPitStop\_internal\_tcl_data\tzdata\Indian\Mahe
[2026-08-17 08:39:16] Compressing: D:\RaynzPitStop\build\..\backend\dist\RaynzPitStop\_internal\_tcl_data\tzdata\Indian\Maldives
[2026-08-17 08:39:16] Compressing: D:\RaynzPitStop\build\..\backend\dist\RaynzPitStop\_internal\_tcl_data\tzdata\Indian\Mauritius
[2026-08-17 08:39:16] Compressing: D:\RaynzPitStop\build\..\backend\dist\RaynzPitStop\_internal\_tcl_data\tzdata\Indian\Mayotte
[2026-08-17 08:39:16] Compressing: D:\RaynzPitStop\build\..\backend\dist\RaynzPitStop\_internal\_tcl_data\tzdata\Indian\Reunion
[2026-08-17 08:39:16] Compressing: D:\RaynzPitStop\build\..\backend\dist\RaynzPitStop\_internal\_tcl_data\tzdata\Mexico\BajaNorte
[2026-08-17 08:39:16] Compressing: D:\RaynzPitStop\build\..\backend\dist\RaynzPitStop\_internal\_tcl_data\tzdata\Mexico\BajaSur
[2026-08-17 08:39:16] Compressing: D:\RaynzPitStop\build\..\backend\dist\RaynzPitStop\_internal\_tcl_data\tzdata\Mexico\General
[2026-08-17 08:39:16] Compressing: D:\RaynzPitStop\build\..\backend\dist\RaynzPitStop\_internal\_tcl_data\tzdata\Pacific\Apia
[2026-08-17 08:39:16] Compressing: D:\RaynzPitStop\build\..\backend\dist\RaynzPitStop\_internal\_tcl_data\tzdata\Pacific\Auckland
[2026-08-17 08:39:16] Compressing: D:\RaynzPitStop\build\..\backend\dist\RaynzPitStop\_internal\_tcl_data\tzdata\Pacific\Bougainville
[2026-08-17 08:39:16] Compressing: D:\RaynzPitStop\build\..\backend\dist\RaynzPitStop\_internal\_tcl_data\tzdata\Pacific\Chatham
[2026-08-17 08:39:16] Compressing: D:\RaynzPitStop\build\..\backend\dist\RaynzPitStop\_internal\_tcl_data\tzdata\Pacific\Chuuk
[2026-08-17 08:39:16] Compressing: D:\RaynzPitStop\build\..\backend\dist\RaynzPitStop\_internal\_tcl_data\tzdata\Pacific\Easter
[2026-08-17 08:39:16] Compressing: D:\RaynzPitStop\build\..\backend\dist\RaynzPitStop\_internal\_tcl_data\tzdata\Pacific\Efate
[2026-08-17 08:39:16] Compressing: D:\RaynzPitStop\build\..\backend\dist\RaynzPitStop\_internal\_tcl_data\tzdata\Pacific\Enderbury
[2026-08-17 08:39:16] Compressing: D:\RaynzPitStop\build\..\backend\dist\RaynzPitStop\_internal\_tcl_data\tzdata\Pacific\Fakaofo
[2026-08-17 08:39:16] Compressing: D:\RaynzPitStop\build\..\backend\dist\RaynzPitStop\_internal\_tcl_data\tzdata\Pacific\Fiji
[2026-08-17 08:39:16] Compressing: D:\RaynzPitStop\build\..\backend\dist\RaynzPitStop\_internal\_tcl_data\tzdata\Pacific\Funafuti
[2026-08-17 08:39:16] Compressing: D:\RaynzPitStop\build\..\backend\dist\RaynzPitStop\_internal\_tcl_data\tzdata\Pacific\Galapagos
[2026-08-17 08:39:16] Compressing: D:\RaynzPitStop\build\..\backend\dist\RaynzPitStop\_internal\_tcl_data\tzdata\Pacific\Gambier
[2026-08-17 08:39:16] Compressing: D:\RaynzPitStop\build\..\backend\dist\RaynzPitStop\_internal\_tcl_data\tzdata\Pacific\Guadalcanal
[2026-08-17 08:39:16] Compressing: D:\RaynzPitStop\build\..\backend\dist\RaynzPitStop\_internal\_tcl_data\tzdata\Pacific\Guam
[2026-08-17 08:39:16] Compressing: D:\RaynzPitStop\build\..\backend\dist\RaynzPitStop\_internal\_tcl_data\tzdata\Pacific\Honolulu
[2026-08-17 08:39:16] Compressing: D:\RaynzPitStop\build\..\backend\dist\RaynzPitStop\_internal\_tcl_data\tzdata\Pacific\Johnston
[2026-08-17 08:39:16] Compressing: D:\RaynzPitStop\build\..\backend\dist\RaynzPitStop\_internal\_tcl_data\tzdata\Pacific\Kanton
[2026-08-17 08:39:16] Compressing: D:\RaynzPitStop\build\..\backend\dist\RaynzPitStop\_internal\_tcl_data\tzdata\Pacific\Kiritimati
[2026-08-17 08:39:16] Compressing: D:\RaynzPitStop\build\..\backend\dist\RaynzPitStop\_internal\_tcl_data\tzdata\Pacific\Kosrae
[2026-08-17 08:39:16] Compressing: D:\RaynzPitStop\build\..\backend\dist\RaynzPitStop\_internal\_tcl_data\tzdata\Pacific\Kwajalein
[2026-08-17 08:39:16] Compressing: D:\RaynzPitStop\build\..\backend\dist\RaynzPitStop\_internal\_tcl_data\tzdata\Pacific\Majuro
[2026-08-17 08:39:16] Compressing: D:\RaynzPitStop\build\..\backend\dist\RaynzPitStop\_internal\_tcl_data\tzdata\Pacific\Marquesas
[2026-08-17 08:39:16] Compressing: D:\RaynzPitStop\build\..\backend\dist\RaynzPitStop\_internal\_tcl_data\tzdata\Pacific\Midway
[2026-08-17 08:39:16] Compressing: D:\RaynzPitStop\build\..\backend\dist\RaynzPitStop\_internal\_tcl_data\tzdata\Pacific\Nauru
[2026-08-17 08:39:16] Compressing: D:\RaynzPitStop\build\..\backend\dist\RaynzPitStop\_internal\_tcl_data\tzdata\Pacific\Niue
[2026-08-17 08:39:16] Compressing: D:\RaynzPitStop\build\..\backend\dist\RaynzPitStop\_internal\_tcl_data\tzdata\Pacific\Norfolk
[2026-08-17 08:39:16] Compressing: D:\RaynzPitStop\build\..\backend\dist\RaynzPitStop\_internal\_tcl_data\tzdata\Pacific\Noumea
[2026-08-17 08:39:16] Compressing: D:\RaynzPitStop\build\..\backend\dist\RaynzPitStop\_internal\_tcl_data\tzdata\Pacific\Pago_Pago
[2026-08-17 08:39:16] Compressing: D:\RaynzPitStop\build\..\backend\dist\RaynzPitStop\_internal\_tcl_data\tzdata\Pacific\Palau
[2026-08-17 08:39:16] Compressing: D:\RaynzPitStop\build\..\backend\dist\RaynzPitStop\_internal\_tcl_data\tzdata\Pacific\Pitcairn
[2026-08-17 08:39:16] Compressing: D:\RaynzPitStop\build\..\backend\dist\RaynzPitStop\_internal\_tcl_data\tzdata\Pacific\Pohnpei
[2026-08-17 08:39:16] Compressing: D:\RaynzPitStop\build\..\backend\dist\RaynzPitStop\_internal\_tcl_data\tzdata\Pacific\Ponape
[2026-08-17 08:39:16] Compressing: D:\RaynzPitStop\build\..\backend\dist\RaynzPitStop\_internal\_tcl_data\tzdata\Pacific\Port_Moresby
[2026-08-17 08:39:16] Compressing: D:\RaynzPitStop\build\..\backend\dist\RaynzPitStop\_internal\_tcl_data\tzdata\Pacific\Rarotonga
[2026-08-17 08:39:16] Compressing: D:\RaynzPitStop\build\..\backend\dist\RaynzPitStop\_internal\_tcl_data\tzdata\Pacific\Saipan
[2026-08-17 08:39:16] Compressing: D:\RaynzPitStop\build\..\backend\dist\RaynzPitStop\_internal\_tcl_data\tzdata\Pacific\Samoa
[2026-08-17 08:39:16] Compressing: D:\RaynzPitStop\build\..\backend\dist\RaynzPitStop\_internal\_tcl_data\tzdata\Pacific\Tahiti
[2026-08-17 08:39:16] Compressing: D:\RaynzPitStop\build\..\backend\dist\RaynzPitStop\_internal\_tcl_data\tzdata\Pacific\Tarawa
[2026-08-17 08:39:16] Compressing: D:\RaynzPitStop\build\..\backend\dist\RaynzPitStop\_internal\_tcl_data\tzdata\Pacific\Tongatapu
[2026-08-17 08:39:16] Compressing: D:\RaynzPitStop\build\..\backend\dist\RaynzPitStop\_internal\_tcl_data\tzdata\Pacific\Truk
[2026-08-17 08:39:16] Compressing: D:\RaynzPitStop\build\..\backend\dist\RaynzPitStop\_internal\_tcl_data\tzdata\Pacific\Wake
[2026-08-17 08:39:16] Compressing: D:\RaynzPitStop\build\..\backend\dist\RaynzPitStop\_internal\_tcl_data\tzdata\Pacific\Wallis
[2026-08-17 08:39:16] Compressing: D:\RaynzPitStop\build\..\backend\dist\RaynzPitStop\_internal\_tcl_data\tzdata\Pacific\Yap
[2026-08-17 08:39:16] Compressing: D:\RaynzPitStop\build\..\backend\dist\RaynzPitStop\_internal\_tcl_data\tzdata\SystemV\AST4
[2026-08-17 08:39:16] Compressing: D:\RaynzPitStop\build\..\backend\dist\RaynzPitStop\_internal\_tcl_data\tzdata\SystemV\AST4ADT
[2026-08-17 08:39:16] Compressing: D:\RaynzPitStop\build\..\backend\dist\RaynzPitStop\_internal\_tcl_data\tzdata\SystemV\CST6
[2026-08-17 08:39:16] Compressing: D:\RaynzPitStop\build\..\backend\dist\RaynzPitStop\_internal\_tcl_data\tzdata\SystemV\CST6CDT
[2026-08-17 08:39:16] Compressing: D:\RaynzPitStop\build\..\backend\dist\RaynzPitStop\_internal\_tcl_data\tzdata\SystemV\EST5
[2026-08-17 08:39:16] Compressing: D:\RaynzPitStop\build\..\backend\dist\RaynzPitStop\_internal\_tcl_data\tzdata\SystemV\EST5EDT
[2026-08-17 08:39:16] Compressing: D:\RaynzPitStop\build\..\backend\dist\RaynzPitStop\_internal\_tcl_data\tzdata\SystemV\HST10
[2026-08-17 08:39:16] Compressing: D:\RaynzPitStop\build\..\backend\dist\RaynzPitStop\_internal\_tcl_data\tzdata\SystemV\MST7
[2026-08-17 08:39:16] Compressing: D:\RaynzPitStop\build\..\backend\dist\RaynzPitStop\_internal\_tcl_data\tzdata\SystemV\MST7MDT
[2026-08-17 08:39:16] Compressing: D:\RaynzPitStop\build\..\backend\dist\RaynzPitStop\_internal\_tcl_data\tzdata\SystemV\PST8
[2026-08-17 08:39:16] Compressing: D:\RaynzPitStop\build\..\backend\dist\RaynzPitStop\_internal\_tcl_data\tzdata\SystemV\PST8PDT
[2026-08-17 08:39:16] Compressing: D:\RaynzPitStop\build\..\backend\dist\RaynzPitStop\_internal\_tcl_data\tzdata\SystemV\YST9
[2026-08-17 08:39:16] Compressing: D:\RaynzPitStop\build\..\backend\dist\RaynzPitStop\_internal\_tcl_data\tzdata\SystemV\YST9YDT
[2026-08-17 08:39:16] Compressing: D:\RaynzPitStop\build\..\backend\dist\RaynzPitStop\_internal\_tcl_data\tzdata\US\Alaska
[2026-08-17 08:39:16] Compressing: D:\RaynzPitStop\build\..\backend\dist\RaynzPitStop\_internal\_tcl_data\tzdata\US\Aleutian
[2026-08-17 08:39:16] Compressing: D:\RaynzPitStop\build\..\backend\dist\RaynzPitStop\_internal\_tcl_data\tzdata\US\Arizona
[2026-08-17 08:39:16] Compressing: D:\RaynzPitStop\build\..\backend\dist\RaynzPitStop\_internal\_tcl_data\tzdata\US\Central
[2026-08-17 08:39:16] Compressing: D:\RaynzPitStop\build\..\backend\dist\RaynzPitStop\_internal\_tcl_data\tzdata\US\East-Indiana
[2026-08-17 08:39:16] Compressing: D:\RaynzPitStop\build\..\backend\dist\RaynzPitStop\_internal\_tcl_data\tzdata\US\Eastern
[2026-08-17 08:39:16] Compressing: D:\RaynzPitStop\build\..\backend\dist\RaynzPitStop\_internal\_tcl_data\tzdata\US\Hawaii
[2026-08-17 08:39:16] Compressing: D:\RaynzPitStop\build\..\backend\dist\RaynzPitStop\_internal\_tcl_data\tzdata\US\Indiana-Starke
[2026-08-17 08:39:16] Compressing: D:\RaynzPitStop\build\..\backend\dist\RaynzPitStop\_internal\_tcl_data\tzdata\US\Michigan
[2026-08-17 08:39:16] Compressing: D:\RaynzPitStop\build\..\backend\dist\RaynzPitStop\_internal\_tcl_data\tzdata\US\Mountain
[2026-08-17 08:39:16] Compressing: D:\RaynzPitStop\build\..\backend\dist\RaynzPitStop\_internal\_tcl_data\tzdata\US\Pacific
[2026-08-17 08:39:16] Compressing: D:\RaynzPitStop\build\..\backend\dist\RaynzPitStop\_internal\_tcl_data\tzdata\US\Samoa
[2026-08-17 08:39:16] Compressing: D:\RaynzPitStop\build\..\backend\dist\RaynzPitStop\_internal\_tk_data\bgerror.tcl
[2026-08-17 08:39:16] Compressing: D:\RaynzPitStop\build\..\backend\dist\RaynzPitStop\_internal\_tk_data\button.tcl
[2026-08-17 08:39:16] Compressing: D:\RaynzPitStop\build\..\backend\dist\RaynzPitStop\_internal\_tk_data\choosedir.tcl
[2026-08-17 08:39:16] Compressing: D:\RaynzPitStop\build\..\backend\dist\RaynzPitStop\_internal\_tk_data\clrpick.tcl
[2026-08-17 08:39:16] Compressing: D:\RaynzPitStop\build\..\backend\dist\RaynzPitStop\_internal\_tk_data\comdlg.tcl
[2026-08-17 08:39:16] Compressing: D:\RaynzPitStop\build\..\backend\dist\RaynzPitStop\_internal\_tk_data\console.tcl
[2026-08-17 08:39:16] Compressing: D:\RaynzPitStop\build\..\backend\dist\RaynzPitStop\_internal\_tk_data\dialog.tcl
[2026-08-17 08:39:16] Compressing: D:\RaynzPitStop\build\..\backend\dist\RaynzPitStop\_internal\_tk_data\entry.tcl
[2026-08-17 08:39:16] Compressing: D:\RaynzPitStop\build\..\backend\dist\RaynzPitStop\_internal\_tk_data\focus.tcl
[2026-08-17 08:39:16] Compressing: D:\RaynzPitStop\build\..\backend\dist\RaynzPitStop\_internal\_tk_data\fontchooser.tcl
[2026-08-17 08:39:16] Compressing: D:\RaynzPitStop\build\..\backend\dist\RaynzPitStop\_internal\_tk_data\iconlist.tcl
[2026-08-17 08:39:16] Compressing: D:\RaynzPitStop\build\..\backend\dist\RaynzPitStop\_internal\_tk_data\icons.tcl
[2026-08-17 08:39:16] Compressing: D:\RaynzPitStop\build\..\backend\dist\RaynzPitStop\_internal\_tk_data\license.terms
[2026-08-17 08:39:16] Compressing: D:\RaynzPitStop\build\..\backend\dist\RaynzPitStop\_internal\_tk_data\listbox.tcl
[2026-08-17 08:39:16] Compressing: D:\RaynzPitStop\build\..\backend\dist\RaynzPitStop\_internal\_tk_data\megawidget.tcl
[2026-08-17 08:39:16] Compressing: D:\RaynzPitStop\build\..\backend\dist\RaynzPitStop\_internal\_tk_data\menu.tcl
[2026-08-17 08:39:16] Compressing: D:\RaynzPitStop\build\..\backend\dist\RaynzPitStop\_internal\_tk_data\mkpsenc.tcl
[2026-08-17 08:39:16] Compressing: D:\RaynzPitStop\build\..\backend\dist\RaynzPitStop\_internal\_tk_data\msgbox.tcl
[2026-08-17 08:39:16] Compressing: D:\RaynzPitStop\build\..\backend\dist\RaynzPitStop\_internal\_tk_data\obsolete.tcl
[2026-08-17 08:39:16] Compressing: D:\RaynzPitStop\build\..\backend\dist\RaynzPitStop\_internal\_tk_data\optMenu.tcl
[2026-08-17 08:39:16] Compressing: D:\RaynzPitStop\build\..\backend\dist\RaynzPitStop\_internal\_tk_data\palette.tcl
[2026-08-17 08:39:16] Compressing: D:\RaynzPitStop\build\..\backend\dist\RaynzPitStop\_internal\_tk_data\panedwindow.tcl
[2026-08-17 08:39:16] Compressing: D:\RaynzPitStop\build\..\backend\dist\RaynzPitStop\_internal\_tk_data\pkgIndex.tcl
[2026-08-17 08:39:16] Compressing: D:\RaynzPitStop\build\..\backend\dist\RaynzPitStop\_internal\_tk_data\safetk.tcl
[2026-08-17 08:39:16] Compressing: D:\RaynzPitStop\build\..\backend\dist\RaynzPitStop\_internal\_tk_data\scale.tcl
[2026-08-17 08:39:16] Compressing: D:\RaynzPitStop\build\..\backend\dist\RaynzPitStop\_internal\_tk_data\scrlbar.tcl
[2026-08-17 08:39:16] Compressing: D:\RaynzPitStop\build\..\backend\dist\RaynzPitStop\_internal\_tk_data\spinbox.tcl
[2026-08-17 08:39:16] Compressing: D:\RaynzPitStop\build\..\backend\dist\RaynzPitStop\_internal\_tk_data\tclIndex
[2026-08-17 08:39:16] Compressing: D:\RaynzPitStop\build\..\backend\dist\RaynzPitStop\_internal\_tk_data\tearoff.tcl
[2026-08-17 08:39:16] Compressing: D:\RaynzPitStop\build\..\backend\dist\RaynzPitStop\_internal\_tk_data\text.tcl
[2026-08-17 08:39:16] Compressing: D:\RaynzPitStop\build\..\backend\dist\RaynzPitStop\_internal\_tk_data\tk.tcl
[2026-08-17 08:39:16] Compressing: D:\RaynzPitStop\build\..\backend\dist\RaynzPitStop\_internal\_tk_data\tkfbox.tcl
[2026-08-17 08:39:16] Compressing: D:\RaynzPitStop\build\..\backend\dist\RaynzPitStop\_internal\_tk_data\unsupported.tcl
[2026-08-17 08:39:16] Compressing: D:\RaynzPitStop\build\..\backend\dist\RaynzPitStop\_internal\_tk_data\xmfbox.tcl
[2026-08-17 08:39:16] Compressing: D:\RaynzPitStop\build\..\backend\dist\RaynzPitStop\_internal\_tk_data\images\logo.eps
[2026-08-17 08:39:16] Compressing: D:\RaynzPitStop\build\..\backend\dist\RaynzPitStop\_internal\_tk_data\images\logo100.gif
[2026-08-17 08:39:16] Compressing: D:\RaynzPitStop\build\..\backend\dist\RaynzPitStop\_internal\_tk_data\images\logo64.gif
[2026-08-17 08:39:16] Compressing: D:\RaynzPitStop\build\..\backend\dist\RaynzPitStop\_internal\_tk_data\images\logoLarge.gif
[2026-08-17 08:39:16] Compressing: D:\RaynzPitStop\build\..\backend\dist\RaynzPitStop\_internal\_tk_data\images\logoMed.gif
[2026-08-17 08:39:16] Compressing: D:\RaynzPitStop\build\..\backend\dist\RaynzPitStop\_internal\_tk_data\images\pwrdLogo.eps
[2026-08-17 08:39:16] Compressing: D:\RaynzPitStop\build\..\backend\dist\RaynzPitStop\_internal\_tk_data\images\pwrdLogo100.gif
[2026-08-17 08:39:16] Compressing: D:\RaynzPitStop\build\..\backend\dist\RaynzPitStop\_internal\_tk_data\images\pwrdLogo150.gif
[2026-08-17 08:39:16] Compressing: D:\RaynzPitStop\build\..\backend\dist\RaynzPitStop\_internal\_tk_data\images\pwrdLogo175.gif
[2026-08-17 08:39:16] Compressing: D:\RaynzPitStop\build\..\backend\dist\RaynzPitStop\_internal\_tk_data\images\pwrdLogo200.gif
[2026-08-17 08:39:16] Compressing: D:\RaynzPitStop\build\..\backend\dist\RaynzPitStop\_internal\_tk_data\images\pwrdLogo75.gif
[2026-08-17 08:39:16] Compressing: D:\RaynzPitStop\build\..\backend\dist\RaynzPitStop\_internal\_tk_data\images\README
[2026-08-17 08:39:16] Compressing: D:\RaynzPitStop\build\..\backend\dist\RaynzPitStop\_internal\_tk_data\images\tai-ku.gif
[2026-08-17 08:39:16] Compressing: D:\RaynzPitStop\build\..\backend\dist\RaynzPitStop\_internal\_tk_data\msgs\cs.msg
[2026-08-17 08:39:16] Compressing: D:\RaynzPitStop\build\..\backend\dist\RaynzPitStop\_internal\_tk_data\msgs\da.msg
[2026-08-17 08:39:16] Compressing: D:\RaynzPitStop\build\..\backend\dist\RaynzPitStop\_internal\_tk_data\msgs\de.msg
[2026-08-17 08:39:16] Compressing: D:\RaynzPitStop\build\..\backend\dist\RaynzPitStop\_internal\_tk_data\msgs\el.msg
[2026-08-17 08:39:16] Compressing: D:\RaynzPitStop\build\..\backend\dist\RaynzPitStop\_internal\_tk_data\msgs\en.msg
[2026-08-17 08:39:16] Compressing: D:\RaynzPitStop\build\..\backend\dist\RaynzPitStop\_internal\_tk_data\msgs\en_gb.msg
[2026-08-17 08:39:16] Compressing: D:\RaynzPitStop\build\..\backend\dist\RaynzPitStop\_internal\_tk_data\msgs\eo.msg
[2026-08-17 08:39:16] Compressing: D:\RaynzPitStop\build\..\backend\dist\RaynzPitStop\_internal\_tk_data\msgs\es.msg
[2026-08-17 08:39:16] Compressing: D:\RaynzPitStop\build\..\backend\dist\RaynzPitStop\_internal\_tk_data\msgs\fi.msg
[2026-08-17 08:39:16] Compressing: D:\RaynzPitStop\build\..\backend\dist\RaynzPitStop\_internal\_tk_data\msgs\fr.msg
[2026-08-17 08:39:16] Compressing: D:\RaynzPitStop\build\..\backend\dist\RaynzPitStop\_internal\_tk_data\msgs\hu.msg
[2026-08-17 08:39:16] Compressing: D:\RaynzPitStop\build\..\backend\dist\RaynzPitStop\_internal\_tk_data\msgs\it.msg
[2026-08-17 08:39:16] Compressing: D:\RaynzPitStop\build\..\backend\dist\RaynzPitStop\_internal\_tk_data\msgs\nl.msg
[2026-08-17 08:39:16] Compressing: D:\RaynzPitStop\build\..\backend\dist\RaynzPitStop\_internal\_tk_data\msgs\pl.msg
[2026-08-17 08:39:16] Compressing: D:\RaynzPitStop\build\..\backend\dist\RaynzPitStop\_internal\_tk_data\msgs\pt.msg
[2026-08-17 08:39:16] Compressing: D:\RaynzPitStop\build\..\backend\dist\RaynzPitStop\_internal\_tk_data\msgs\ru.msg
[2026-08-17 08:39:16] Compressing: D:\RaynzPitStop\build\..\backend\dist\RaynzPitStop\_internal\_tk_data\msgs\sv.msg
[2026-08-17 08:39:16] Compressing: D:\RaynzPitStop\build\..\backend\dist\RaynzPitStop\_internal\_tk_data\msgs\zh_cn.msg
[2026-08-17 08:39:16] Compressing: D:\RaynzPitStop\build\..\backend\dist\RaynzPitStop\_internal\_tk_data\ttk\altTheme.tcl
[2026-08-17 08:39:16] Compressing: D:\RaynzPitStop\build\..\backend\dist\RaynzPitStop\_internal\_tk_data\ttk\aquaTheme.tcl
[2026-08-17 08:39:16] Compressing: D:\RaynzPitStop\build\..\backend\dist\RaynzPitStop\_internal\_tk_data\ttk\button.tcl
[2026-08-17 08:39:16] Compressing: D:\RaynzPitStop\build\..\backend\dist\RaynzPitStop\_internal\_tk_data\ttk\clamTheme.tcl
[2026-08-17 08:39:16] Compressing: D:\RaynzPitStop\build\..\backend\dist\RaynzPitStop\_internal\_tk_data\ttk\classicTheme.tcl
[2026-08-17 08:39:16] Compressing: D:\RaynzPitStop\build\..\backend\dist\RaynzPitStop\_internal\_tk_data\ttk\combobox.tcl
[2026-08-17 08:39:16] Compressing: D:\RaynzPitStop\build\..\backend\dist\RaynzPitStop\_internal\_tk_data\ttk\cursors.tcl
[2026-08-17 08:39:16] Compressing: D:\RaynzPitStop\build\..\backend\dist\RaynzPitStop\_internal\_tk_data\ttk\defaults.tcl
[2026-08-17 08:39:16] Compressing: D:\RaynzPitStop\build\..\backend\dist\RaynzPitStop\_internal\_tk_data\ttk\entry.tcl
[2026-08-17 08:39:16] Compressing: D:\RaynzPitStop\build\..\backend\dist\RaynzPitStop\_internal\_tk_data\ttk\fonts.tcl
[2026-08-17 08:39:16] Compressing: D:\RaynzPitStop\build\..\backend\dist\RaynzPitStop\_internal\_tk_data\ttk\menubutton.tcl
[2026-08-17 08:39:16] Compressing: D:\RaynzPitStop\build\..\backend\dist\RaynzPitStop\_internal\_tk_data\ttk\notebook.tcl
[2026-08-17 08:39:16] Compressing: D:\RaynzPitStop\build\..\backend\dist\RaynzPitStop\_internal\_tk_data\ttk\panedwindow.tcl
[2026-08-17 08:39:16] Compressing: D:\RaynzPitStop\build\..\backend\dist\RaynzPitStop\_internal\_tk_data\ttk\progress.tcl
[2026-08-17 08:39:16] Compressing: D:\RaynzPitStop\build\..\backend\dist\RaynzPitStop\_internal\_tk_data\ttk\scale.tcl
[2026-08-17 08:39:16] Compressing: D:\RaynzPitStop\build\..\backend\dist\RaynzPitStop\_internal\_tk_data\ttk\scrollbar.tcl
[2026-08-17 08:39:16] Compressing: D:\RaynzPitStop\build\..\backend\dist\RaynzPitStop\_internal\_tk_data\ttk\sizegrip.tcl
[2026-08-17 08:39:16] Compressing: D:\RaynzPitStop\build\..\backend\dist\RaynzPitStop\_internal\_tk_data\ttk\spinbox.tcl
[2026-08-17 08:39:16] Compressing: D:\RaynzPitStop\build\..\backend\dist\RaynzPitStop\_internal\_tk_data\ttk\treeview.tcl
[2026-08-17 08:39:16] Compressing: D:\RaynzPitStop\build\..\backend\dist\RaynzPitStop\_internal\_tk_data\ttk\ttk.tcl
[2026-08-17 08:39:16] Compressing: D:\RaynzPitStop\build\..\backend\dist\RaynzPitStop\_internal\_tk_data\ttk\utils.tcl
[2026-08-17 08:39:16] Compressing: D:\RaynzPitStop\build\..\backend\dist\RaynzPitStop\_internal\_tk_data\ttk\vistaTheme.tcl
[2026-08-17 08:39:16] Compressing: D:\RaynzPitStop\build\..\backend\dist\RaynzPitStop\_internal\_tk_data\ttk\winTheme.tcl
[2026-08-17 08:39:16] Compressing: D:\RaynzPitStop\build\..\backend\dist\RaynzPitStop\_internal\_tk_data\ttk\xpTheme.tcl
[2026-08-17 08:39:16] Compressing Setup program executable
[2026-08-17 08:39:17] Updating version info (Setup.exe)
[2026-08-17 08:39:17] Updating manifest (Setup.exe)
[2026-08-17 08:39:17] 
[2026-08-17 08:39:17] 
[2026-08-17 08:39:17] Successful compile (40.032 sec). Resulting Setup program filename is:
[2026-08-17 08:39:17] D:\RaynzPitStop\release\RaynzPitStop_Setup.exe
[2026-08-17 08:39:17] [BUILD] Installer creation complete.
[2026-08-17 08:39:17] Generating Build Info...
[2026-08-17 08:39:17] Build Info generated.
[2026-08-17 08:39:17] Running Health Check...
[2026-08-17 08:39:17] Running command: "D:\RaynzPitStop\backend\dist\RaynzPitStop\RaynzPitStop.exe" --health-check
[2026-08-17 08:39:21] Health Check Passed.
[2026-08-17 08:39:21] Build Pipeline Complete Successfully!
